accepted_step,time_s,right_q111_rad,left_q125_rad,right_limit_impulse_v110,left_limit_impulse_v124
7001,14.002000665059313,-0.22459729,-0.247044176,0,0
7002,14.004000665154308,-0.224606037,-0.247043997,0,0
7003,14.006000665249303,-0.224614754,-0.247043818,0,0
7004,14.008000665344298,-0.224623457,-0.24704361,0,0
7005,14.010000665439293,-0.224632144,-0.247043401,0,0
7006,14.012000665534288,-0.224640802,-0.247043237,0,0
7007,14.014000665629283,-0.224649429,-0.247043073,0,0
7008,14.016000665724277,-0.224657968,-0.247042909,0,0
7009,14.018000665819272,-0.224666566,-0.247042656,0,0
7010,14.020000665914267,-0.224675149,-0.247042358,0,0
7011,14.022000666009262,-0.224683702,-0.247042105,0,0
7012,14.024000666104257,-0.224692047,-0.247041941,0,0
7013,14.026000666199252,-0.224700525,-0.247041747,0,0
7014,14.028000666294247,-0.224708974,-0.247041494,0,0
7015,14.030000666389242,-0.224717453,-0.247041255,0,0
7016,14.032000666484237,-0.224725902,-0.247041106,0,0
7017,14.034000666579232,-0.224734053,-0.247040913,0,0
7018,14.036000666674227,-0.224742457,-0.247040629,0,0
7019,14.038000666769221,-0.224750638,-0.247040406,0,0
7020,14.040000666864216,-0.224759027,-0.247040138,0,0
7021,14.042000666959211,-0.224767372,-0.247039899,0,0
7022,14.044000667054206,-0.224775702,-0.247039661,0,0
7023,14.046000667149201,-0.224783987,-0.247039452,0,0
7024,14.048000667244196,-0.224792033,-0.247039273,0,0
7025,14.050000667339191,-0.224800289,-0.247038931,0,0
7026,14.052000667434186,-0.224808499,-0.247038588,0,0
7027,14.054000667529181,-0.224816516,-0.247038364,0,0
7028,14.056000667624176,-0.224824652,-0.247038051,0,0
7029,14.05800066771917,-0.224832699,-0.247037813,0,0
7030,14.060000667814165,-0.22484079,-0.247037515,0,0
7031,14.06200066790916,-0.224848866,-0.247037232,0,0
7032,14.064000668004155,-0.224856868,-0.247036994,0,0
7033,14.06600066809915,-0.224864617,-0.247036755,0,0
7034,14.068000668194145,-0.224872604,-0.247036517,0,0
7035,14.07000066828914,-0.224880576,-0.247036248,0,0
7036,14.072000668384135,-0.224888518,-0.247036025,0,0
7037,14.07400066847913,-0.224896431,-0.247035801,0,0
7038,14.076000668574125,-0.224904314,-0.247035578,0,0
7039,14.078000668669119,-0.224912167,-0.247035369,0,0
7040,14.080000668764114,-0.224919975,-0.247035205,0,0
7041,14.082000668859109,-0.224927783,-0.247035012,0,0
7042,14.084000668954104,-0.224935532,-0.247034848,0,0
7043,14.086000669049099,-0.224943265,-0.247034624,0,0
7044,14.088000669144094,-0.224950969,-0.247034401,0,0
7045,14.090000669239089,-0.224958628,-0.247034237,0,0
7046,14.092000669334084,-0.224966273,-0.247034058,0,0
7047,14.094000669429079,-0.224973887,-0.247033894,0,0
7048,14.096000669524074,-0.224981427,-0.247033775,0,0
7049,14.098000669619069,-0.224988997,-0.247033581,0,0
7050,14.100000669714063,-0.22499612,-0.247033536,0,0
7051,14.102000669809058,-0.225003675,-0.247033238,0,0
7052,14.104000669904053,-0.2250112,-0.24703294,0,0
7053,14.106000669999048,-0.225018695,-0.247032642,0,0
7054,14.108000670094043,-0.225026175,-0.247032374,0,0
7055,14.110000670189038,-0.225033611,-0.247032151,0,0
7056,14.112000670284033,-0.225040972,-0.247031942,0,0
7057,14.114000670379028,-0.225048169,-0.247031808,0,0
7058,14.116000670474023,-0.225055382,-0.247031555,0,0
7059,14.118000670569018,-0.225062579,-0.247031301,0,0
7060,14.120000670664012,-0.225069836,-0.247031048,0,0
7061,14.122000670759007,-0.225077167,-0.24703081,0,0
7062,14.124000670854002,-0.225084335,-0.247030601,0,0
7063,14.126000670948997,-0.225091636,-0.247030333,0,0
7064,14.128000671043992,-0.225098878,-0.247030094,0,0
7065,14.130000671138987,-0.225106105,-0.247029856,0,0
7066,14.132000671233982,-0.225113288,-0.247029632,0,0
7067,14.134000671328977,-0.22512044,-0.247029394,0,0
7068,14.136000671423972,-0.225127563,-0.247029155,0,0
7069,14.138000671518967,-0.225134626,-0.247028977,0,0
7070,14.140000671613961,-0.225141644,-0.247028723,0,0
7071,14.142000671708956,-0.225148693,-0.247028366,0,0
7072,14.144000671803951,-0.225155607,-0.247028112,0,0
7073,14.146000671898946,-0.225162357,-0.24702777,0,0
7074,14.148000671993941,-0.225169361,-0.247027457,0,0
7075,14.150000672088936,-0.225176334,-0.247027189,0,0
7076,14.152000672183931,-0.22518307,-0.247026965,0,0
7077,14.154000672278926,-0.225190029,-0.247026697,0,0
7078,14.156000672373921,-0.225196898,-0.247026488,0,0
7079,14.158000672468916,-0.225203782,-0.24702625,0,0
7080,14.16000067256391,-0.225210667,-0.247026041,0,0
7081,14.162000672658905,-0.225217506,-0.247025788,0,0
7082,14.1640006727539,-0.225224316,-0.247025564,0,0
7083,14.166000672848895,-0.225231096,-0.247025341,0,0
7084,14.16800067294389,-0.225237846,-0.247025147,0,0
7085,14.170000673038885,-0.225244582,-0.247024909,0,0
7086,14.17200067313388,-0.225251153,-0.247024745,0,0
7087,14.174000673228875,-0.225257769,-0.247024372,0,0
7088,14.17600067332387,-0.22526443,-0.247024015,0,0
7089,14.178000673418865,-0.225270957,-0.247023717,0,0
7090,14.18000067351386,-0.225277588,-0.247023419,0,0
7091,14.182000673608854,-0.225283831,-0.247023001,0,0
7092,14.184000673703849,-0.225290373,-0.247022673,0,0
7093,14.186000673798844,-0.225296959,-0.24702239,0,0
7094,14.188000673893839,-0.225303531,-0.247022122,0,0
7095,14.190000673988834,-0.225310028,-0.247021884,0,0
7096,14.192000674083829,-0.225316539,-0.247021616,0,0
7097,14.194000674178824,-0.225322992,-0.247021303,0,0
7098,14.196000674273819,-0.225329459,-0.247021034,0,0
7099,14.198000674368814,-0.225335672,-0.247020766,0,0
7100,14.200000674463809,-0.22534211,-0.247020438,0,0
7101,14.202000674558803,-0.225348517,-0.24702011,0,0
7102,14.204000674653798,-0.22535491,-0.247019798,0,0
7103,14.206000674748793,-0.225361243,-0.247019529,0,0
7104,14.208000674843788,-0.225367531,-0.247019231,0,0
7105,14.210000674938783,-0.225373879,-0.247018903,0,0
7106,14.212000675033778,-0.225380078,-0.247018591,0,0
7107,14.214000675128773,-0.225386024,-0.247018233,0,0
7108,14.216000675223768,-0.225392297,-0.247017965,0,0
7109,14.218000675318763,-0.22539854,-0.247017696,0,0
7110,14.220000675413758,-0.225404739,-0.247017458,0,0
7111,14.222000675508752,-0.225410953,-0.24701719,0,0
7112,14.224000675603747,-0.225417137,-0.247016907,0,0
7113,14.226000675698742,-0.225423291,-0.247016668,0,0
7114,14.228000675793737,-0.225429296,-0.24701643,0,0
7115,14.230000675888732,-0.225435406,-0.247016117,0,0
7116,14.232000675983727,-0.225441501,-0.247015849,0,0
7117,14.234000676078722,-0.225447595,-0.247015566,0,0
7118,14.236000676173717,-0.22545363,-0.247015283,0,0
7119,14.238000676268712,-0.225459114,-0.247014984,0,0
7120,14.240000676363707,-0.225465149,-0.247014686,0,0
7121,14.242000676458701,-0.225471079,-0.247014374,0,0
7122,14.244000676553696,-0.225477085,-0.24701409,0,0
7123,14.246000676648691,-0.22548306,-0.247013837,0,0
7124,14.248000676743686,-0.225488946,-0.247013628,0,0
7125,14.250000676838681,-0.225494891,-0.247013375,0,0
7126,14.252000676933676,-0.225500792,-0.247013152,0,0
7127,14.254000677028671,-0.225506678,-0.247012883,0,0
7128,14.256000677123666,-0.225512534,-0.24701266,0,0
7129,14.258000677218661,-0.225518361,-0.247012436,0,0
7130,14.260000677313656,-0.225524172,-0.247012213,0,0
7131,14.262000677408651,-0.225529954,-0.247011989,0,0
7132,14.264000677503645,-0.225535616,-0.247011781,0,0
7133,14.26600067759864,-0.225541398,-0.247011557,0,0
7134,14.268000677693635,-0.22554709,-0.247011349,0,0
7135,14.27000067778863,-0.225552663,-0.24701111,0,0
7136,14.272000677883625,-0.225558355,-0.247010812,0,0
7137,14.27400067797862,-0.225564003,-0.247010559,0,0
7138,14.276000678073615,-0.225569665,-0.247010291,0,0
7139,14.27800067816861,-0.225575298,-0.247010022,0,0
7140,14.280000678263605,-0.225580901,-0.247009814,0,0
7141,14.2820006783586,-0.225586429,-0.247009605,0,0
7142,14.284000678453594,-0.225591972,-0.247009337,0,0
7143,14.286000678548589,-0.225597173,-0.247009158,0,0
7144,14.288000678643584,-0.225602746,-0.24700889,0,0
7145,14.290000678738579,-0.225608289,-0.247008607,0,0
7146,14.292000678833574,-0.225613818,-0.247008324,0,0
7147,14.294000678928569,-0.225619271,-0.247008011,0,0
7148,14.296000679023564,-0.225624755,-0.247007772,0,0
7149,14.298000679118559,-0.225629911,-0.247007579,0,0
7150,14.300000679213554,-0.22563538,-0.24700734,0,0
7151,14.302000679308549,-0.225640833,-0.247007087,0,0
7152,14.304000679403543,-0.225646257,-0.247006819,0,0
7153,14.306000679498538,-0.225651667,-0.24700655,0,0
7154,14.308000679593533,-0.225656971,-0.247006267,0,0
7155,14.310000679688528,-0.225662336,-0.247006029,0,0
7156,14.312000679783523,-0.225667685,-0.247005776,0,0
7157,14.314000679878518,-0.225672945,-0.247005567,0,0
7158,14.316000679973513,-0.22567825,-0.247005165,0,0
7159,14.318000680068508,-0.225683525,-0.247004807,0,0
7160,14.320000680163503,-0.225688711,-0.247004494,0,0
7161,14.322000680258498,-0.225693941,-0.247004196,0,0
7162,14.324000680353492,-0.225699157,-0.247003838,0,0
7163,14.326000680448487,-0.225704342,-0.247003511,0,0
7164,14.328000680543482,-0.225709513,-0.247003227,0,0
7165,14.330000680638477,-0.225714669,-0.247002929,0,0
7166,14.332000680733472,-0.22571978,-0.247002661,0,0
7167,14.334000680828467,-0.225724891,-0.247002319,0,0
7168,14.336000680923462,-0.225729987,-0.247001991,0,0
7169,14.338000681018457,-0.225735068,-0.247001678,0,0
7170,14.340000681113452,-0.22574012,-0.247001365,0,0
7171,14.342000681208447,-0.225745171,-0.247001052,0,0
7172,14.344000681303442,-0.225750193,-0.247000784,0,0
7173,14.346000681398436,-0.225755215,-0.247000471,0,0
7174,14.348000681493431,-0.225760162,-0.247000232,0,0
7175,14.350000681588426,-0.225765154,-0.246999905,0,0
7176,14.352000681683421,-0.225770116,-0.246999547,0,0
7177,14.354000681778416,-0.225775078,-0.246999189,0,0
7178,14.356000681873411,-0.225779966,-0.246998891,0,0
7179,14.358000681968406,-0.225784883,-0.246998653,0,0
7180,14.360000682063401,-0.225789785,-0.246998325,0,0
7181,14.362000682158396,-0.225794673,-0.246998042,0,0
7182,14.364000682253391,-0.225799531,-0.246997759,0,0
7183,14.366000682348385,-0.225804374,-0.246997491,0,0
7184,14.36800068244338,-0.225809216,-0.246997222,0,0
7185,14.370000682538375,-0.225814015,-0.246996954,0,0
7186,14.37200068263337,-0.225818813,-0.246996656,0,0
7187,14.374000682728365,-0.225823596,-0.246996358,0,0
7188,14.37600068282336,-0.225828364,-0.24699609,0,0
7189,14.378000682918355,-0.225833088,-0.246995851,0,0
7190,14.38000068301335,-0.225837812,-0.246995538,0,0
7191,14.382000683108345,-0.225842521,-0.24699524,0,0
7192,14.38400068320334,-0.2258472,-0.246994928,0,0
7193,14.386000683298334,-0.225851879,-0.246994615,0,0
7194,14.388000683393329,-0.225856528,-0.246994331,0,0
7195,14.390000683488324,-0.225861177,-0.246994048,0,0
7196,14.392000683583319,-0.225865781,-0.24699381,0,0
7197,14.394000683678314,-0.225870401,-0.246993527,0,0
7198,14.396000683773309,-0.225875005,-0.246993244,0,0
7199,14.398000683868304,-0.225879595,-0.246992961,0,0
7200,14.400000683963299,-0.225884184,-0.246992648,0,0
7201,14.402000684058294,-0.225888744,-0.246992379,0,0
7202,14.404000684153289,-0.225893289,-0.246992081,0,0
7203,14.406000684248284,-0.225897819,-0.246991798,0,0
7204,14.408000684343278,-0.225902334,-0.246991575,0,0
7205,14.410000684438273,-0.225906804,-0.246991366,0,0
7206,14.412000684533268,-0.225911304,-0.246991038,0,0
7207,14.414000684628263,-0.225915775,-0.246990696,0,0
7208,14.416000684723258,-0.225920156,-0.246990457,0,0
7209,14.418000684818253,-0.225924611,-0.246990144,0,0
7210,14.420000684913248,-0.225929007,-0.246989876,0,0
7211,14.422000685008243,-0.225933433,-0.246989533,0,0
7212,14.424000685103238,-0.225937769,-0.24698922,0,0
7213,14.426000685198233,-0.225942165,-0.246988878,0,0
7214,14.428000685293227,-0.225946546,-0.24698852,0,0
7215,14.430000685388222,-0.225950897,-0.246988192,0,0
7216,14.432000685483217,-0.225955248,-0.246987879,0,0
7217,14.434000685578212,-0.225959569,-0.246987566,0,0
7218,14.436000685673207,-0.225963742,-0.246987283,0,0
7219,14.438000685768202,-0.225967914,-0.246986941,0,0
7220,14.440000685863197,-0.22597222,-0.246986583,0,0
7221,14.442000685958192,-0.225976527,-0.24698621,0,0
7222,14.444000686053187,-0.225980788,-0.246985853,0,0
7223,14.446000686148182,-0.22598505,-0.246985495,0,0
7224,14.448000686243176,-0.225989282,-0.246985197,0,0
7225,14.450000686338171,-0.22599338,-0.246984869,0,0
7226,14.452000686433166,-0.225997493,-0.246984467,0,0
7227,14.454000686528161,-0.22600171,-0.246984065,0,0
7228,14.456000686623156,-0.226005882,-0.246983647,0,0
7229,14.458000686718151,-0.226010069,-0.24698332,0,0
7230,14.460000686813146,-0.226014182,-0.246982962,0,0
7231,14.462000686908141,-0.226018339,-0.246982619,0,0
7232,14.464000687003136,-0.226022467,-0.246982262,0,0
7233,14.466000687098131,-0.22602658,-0.246981919,0,0
7234,14.468000687193125,-0.226030529,-0.246981636,0,0
7235,14.47000068728812,-0.226034626,-0.246981204,0,0
7236,14.472000687383115,-0.226038694,-0.246980816,0,0
7237,14.47400068747811,-0.226042658,-0.246980488,0,0
7238,14.476000687573105,-0.226046711,-0.246980146,0,0
7239,14.4780006876681,-0.226050749,-0.246979758,0,0
7240,14.480000687763095,-0.226054773,-0.246979371,0,0
7241,14.48200068785809,-0.226058558,-0.246979088,0,0
7242,14.484000687953085,-0.226062566,-0.246978596,0,0
7243,14.48600068804808,-0.226066545,-0.246978134,0,0
7244,14.488000688143075,-0.226070508,-0.246977687,0,0
7245,14.490000688238069,-0.226074457,-0.246977255,0,0
7246,14.492000688333064,-0.226078197,-0.246976927,0,0
7247,14.494000688428059,-0.226082131,-0.246976495,0,0
7248,14.496000688523054,-0.22608605,-0.246976033,0,0
7249,14.498000688618049,-0.226089954,-0.246975616,0,0
7250,14.500000688713044,-0.226093829,-0.246975243,0,0
7251,14.502000688808039,-0.226097554,-0.246974871,0,0
7252,14.504000688903034,-0.226101428,-0.246974453,0,0
7253,14.506000688998029,-0.226105273,-0.246974081,0,0
7254,14.508000689093024,-0.226109102,-0.246973723,0,0
7255,14.510000689188018,-0.226112917,-0.246973366,0,0
7256,14.512000689283013,-0.226116717,-0.246972978,0,0
7257,14.514000689378008,-0.226120487,-0.246972635,0,0
7258,14.516000689473003,-0.226124287,-0.246972293,0,0
7259,14.518000689567998,-0.226128042,-0.246971935,0,0
7260,14.520000689662993,-0.226131767,-0.246971563,0,0
7261,14.522000689757988,-0.226135373,-0.246971235,0,0
7262,14.524000689852983,-0.226139084,-0.246970877,0,0
7263,14.526000689947978,-0.226142734,-0.246970534,0,0
7264,14.528000690042973,-0.226146057,-0.246970206,0,0
7265,14.530000690137967,-0.226149768,-0.24696973,0,0
7266,14.532000690232962,-0.226153463,-0.246969253,0,0
7267,14.534000690327957,-0.226157144,-0.246968776,0,0
7268,14.536000690422952,-0.226160824,-0.246968374,0,0
7269,14.538000690517947,-0.226164311,-0.246968001,0,0
7270,14.540000690612942,-0.226167873,-0.246967614,0,0
7271,14.542000690707937,-0.226171479,-0.246967241,0,0
7272,14.544000690802932,-0.226174802,-0.246966869,0,0
7273,14.546000690897927,-0.226178437,-0.246966451,0,0
7274,14.548000690992922,-0.226182058,-0.246965989,0,0
7275,14.550000691087916,-0.226185665,-0.246965572,0,0
7276,14.552000691182911,-0.226189241,-0.24696517,0,0
7277,14.554000691277906,-0.226192802,-0.246964782,0,0
7278,14.556000691372901,-0.226196349,-0.246964455,0,0
7279,14.558000691467896,-0.22619988,-0.246964067,0,0
7280,14.560000691562891,-0.226203382,-0.246963665,0,0
7281,14.562000691657886,-0.226206869,-0.246963277,0,0
7282,14.564000691752881,-0.226210296,-0.246962935,0,0
7283,14.566000691847876,-0.226213738,-0.246962547,0,0
7284,14.568000691942871,-0.22621718,-0.24696213,0,0
7285,14.570000692037866,-0.226220608,-0.246961698,0,0
7286,14.57200069213286,-0.22622402,-0.246961311,0,0
7287,14.574000692227855,-0.226227388,-0.246960968,0,0
7288,14.57600069232285,-0.226230785,-0.246960491,0,0
7289,14.578000692417845,-0.226234168,-0.246960014,0,0
7290,14.58000069251284,-0.226237506,-0.246959582,0,0
7291,14.582000692607835,-0.226240814,-0.246959224,0,0
7292,14.58400069270283,-0.226244062,-0.246958807,0,0
7293,14.586000692797825,-0.2262474,-0.246958375,0,0
7294,14.58800069289282,-0.226250693,-0.246957973,0,0
7295,14.590000692987815,-0.226254001,-0.24695763,0,0
7296,14.592000693082809,-0.226257309,-0.246957272,0,0
7297,14.594000693177804,-0.226260588,-0.246956915,0,0
7298,14.596000693272799,-0.226263762,-0.246956542,0,0
7299,14.598000693367794,-0.22626704,-0.24695605,0,0
7300,14.600000693462789,-0.226270303,-0.246955574,0,0
7301,14.602000693557784,-0.226273566,-0.246955112,0,0
7302,14.604000693652779,-0.2262768,-0.24695465,0,0
7303,14.606000693747774,-0.226280034,-0.246954203,0,0
7304,14.608000693842769,-0.226283237,-0.246953785,0,0
7305,14.610000693937764,-0.226286441,-0.246953383,0,0
7306,14.612000694032758,-0.2262896,-0.246953011,0,0
7307,14.614000694127753,-0.226292789,-0.246952534,0,0
7308,14.616000694222748,-0.226295963,-0.246952072,0,0
7309,14.618000694317743,-0.226299092,-0.246951655,0,0
7310,14.620000694412738,-0.226302221,-0.246951237,0,0
7311,14.622000694507733,-0.226305291,-0.24695085,0,0
7312,14.624000694602728,-0.226308316,-0.246950403,0,0
7313,14.626000694697723,-0.226311341,-0.246950015,0,0
7314,14.628000694792718,-0.226314425,-0.246949598,0,0
7315,14.630000694887713,-0.226317585,-0.246949151,0,0
7316,14.632000694982708,-0.226320669,-0.246948719,0,0
7317,14.634000695077702,-0.226323426,-0.246948346,0,0
7318,14.636000695172697,-0.226326525,-0.246947885,0,0
7319,14.638000695267692,-0.22632961,-0.246947423,0,0
7320,14.640000695362687,-0.226332694,-0.24694699,0,0
7321,14.642000695457682,-0.226335749,-0.246946558,0,0
7322,14.644000695552677,-0.226338774,-0.246946111,0,0
7323,14.646000695647672,-0.226341799,-0.246945709,0,0
7324,14.648000695742667,-0.226344794,-0.246945322,0,0
7325,14.650000695837662,-0.226347804,-0.246944934,0,0
7326,14.652000695932657,-0.22635074,-0.246944547,0,0
7327,14.654000696027651,-0.226353526,-0.246944204,0,0
7328,14.656000696122646,-0.226356521,-0.246943712,0,0
7329,14.658000696217641,-0.226359501,-0.246943206,0,0
7330,14.660000696312636,-0.226362452,-0.246942759,0,0
7331,14.662000696407631,-0.226365402,-0.246942326,0,0
7332,14.664000696502626,-0.226368338,-0.246941939,0,0
7333,14.666000696597621,-0.226371258,-0.246941522,0,0
7334,14.668000696692616,-0.226374164,-0.246941105,0,0
7335,14.670000696787611,-0.226377055,-0.246940747,0,0
7336,14.672000696882606,-0.226379901,-0.246940374,0,0
7337,14.6740006969776,-0.226382717,-0.246939972,0,0
7338,14.676000697072595,-0.226385519,-0.246939525,0,0
7339,14.67800069716759,-0.226388335,-0.246939018,0,0
7340,14.680000697262585,-0.226390988,-0.246938586,0,0
7341,14.68200069735758,-0.226393834,-0.246938154,0,0
7342,14.684000697452575,-0.22639668,-0.246937677,0,0
7343,14.68600069754757,-0.226399496,-0.24693726,0,0
7344,14.688000697642565,-0.226402298,-0.246936858,0,0
7345,14.69000069773756,-0.226405099,-0.24693647,0,0
7346,14.692000697832555,-0.226407886,-0.246936098,0,0
7347,14.694000697927549,-0.226410657,-0.24693571,0,0
7348,14.696000698022544,-0.226413414,-0.246935353,0,0
7349,14.698000698117539,-0.226416156,-0.246934935,0,0
7350,14.700000698212534,-0.226418898,-0.246934533,0,0
7351,14.702000698307529,-0.226421624,-0.246934146,0,0
7352,14.704000698402524,-0.226424366,-0.246933803,0,0
7353,14.706000698497519,-0.226427078,-0.24693343,0,0
7354,14.708000698592514,-0.22642976,-0.246933028,0,0
7355,14.710000698687509,-0.226432443,-0.246932641,0,0
7356,14.712000698782504,-0.22643511,-0.246932253,0,0
7357,14.714000698877499,-0.226437747,-0.246931866,0,0
7358,14.716000698972493,-0.2264404,-0.246931493,0,0
7359,14.718000699067488,-0.226443037,-0.246931121,0,0
7360,14.720000699162483,-0.22644566,-0.246930748,0,0
7361,14.722000699257478,-0.226448342,-0.24693045,0,0
7362,14.724000699352473,-0.22645095,-0.246930093,0,0
7363,14.726000699447468,-0.226453528,-0.246929735,0,0
7364,14.728000699542463,-0.226456106,-0.246929333,0,0
7365,14.730000699637458,-0.226458684,-0.246928945,0,0
7366,14.732000699732453,-0.226461291,-0.246928632,0,0
7367,14.734000699827448,-0.226463854,-0.246928245,0,0
7368,14.736000699922442,-0.226466388,-0.246927842,0,0
7369,14.738000700017437,-0.226468921,-0.246927455,0,0
7370,14.740000700112432,-0.226471439,-0.246927068,0,0
7371,14.742000700207427,-0.226473868,-0.24692668,0,0
7372,14.744000700302422,-0.226476297,-0.246926337,0,0
7373,14.746000700397417,-0.2264788,-0.24692589,0,0
7374,14.748000700492412,-0.226481304,-0.246925384,0,0
7375,14.750000700587407,-0.226483807,-0.246924937,0,0
7376,14.752000700682402,-0.226486281,-0.24692452,0,0
7377,14.754000700777397,-0.226488754,-0.246924073,0,0
7378,14.756000700872391,-0.226491168,-0.246923685,0,0
7379,14.758000700967386,-0.226493627,-0.246923238,0,0
7380,14.760000701062381,-0.226496086,-0.246922791,0,0
7381,14.762000701157376,-0.226498529,-0.246922344,0,0
7382,14.764000701252371,-0.226500899,-0.246921942,0,0
7383,14.766000701347366,-0.226503238,-0.24692151,0,0
7384,14.768000701442361,-0.226505667,-0.246920973,0,0
7385,14.770000701537356,-0.226508081,-0.246920422,0,0
7386,14.772000701632351,-0.226510495,-0.246919885,0,0
7387,14.774000701727346,-0.226512894,-0.246919379,0,0
7388,14.77600070182234,-0.226515293,-0.246918887,0,0
7389,14.778000701917335,-0.226517633,-0.246918425,0,0
7390,14.78000070201233,-0.226519972,-0.246917948,0,0
7391,14.782000702107325,-0.226522297,-0.246917501,0,0
7392,14.78400070220232,-0.226524651,-0.246917024,0,0
7393,14.786000702297315,-0.226526901,-0.246916592,0,0
7394,14.78800070239231,-0.226529241,-0.246916115,0,0
7395,14.790000702487305,-0.226531565,-0.246915564,0,0
7396,14.7920007025823,-0.226533875,-0.246915057,0,0
7397,14.794000702677295,-0.226536199,-0.24691458,0,0
7398,14.79600070277229,-0.226538509,-0.246914104,0,0
7399,14.798000702867284,-0.226540744,-0.246913671,0,0
7400,14.800000702962279,-0.226543039,-0.24691315,0,0
7401,14.802000703057274,-0.226545319,-0.246912688,0,0
7402,14.804000703152269,-0.226547599,-0.246912181,0,0
7403,14.806000703247264,-0.226549849,-0.246911705,0,0
7404,14.808000703342259,-0.226552039,-0.246911272,0,0
7405,14.810000703437254,-0.226554289,-0.246910751,0,0
7406,14.812000703532249,-0.22655654,-0.246910185,0,0
7407,14.814000703627244,-0.226558775,-0.246909663,0,0
7408,14.816000703722239,-0.226560995,-0.246909201,0,0
7409,14.818000703817233,-0.226563215,-0.246908709,0,0
7410,14.820000703912228,-0.226565301,-0.246908262,0,0
7411,14.822000704007223,-0.226567537,-0.246907726,0,0
7412,14.824000704102218,-0.226569727,-0.246907219,0,0
7413,14.826000704197213,-0.226571918,-0.246906683,0,0
7414,14.828000704292208,-0.226574093,-0.246906191,0,0
7415,14.830000704387203,-0.226576269,-0.246905744,0,0
7416,14.832000704482198,-0.226578429,-0.246905267,0,0
7417,14.834000704577193,-0.226580516,-0.246904835,0,0
7418,14.836000704672188,-0.226582661,-0.246904358,0,0
7419,14.838000704767182,-0.226584807,-0.246903837,0,0
7420,14.840000704862177,-0.226586893,-0.246903419,0,0
7421,14.842000704957172,-0.226589024,-0.246902883,0,0
7422,14.844000705052167,-0.22659114,-0.246902362,0,0
7423,14.846000705147162,-0.226593062,-0.246901855,0,0
7424,14.848000705242157,-0.226595148,-0.246901363,0,0
7425,14.850000705337152,-0.226597115,-0.246900961,0,0
7426,14.852000705432147,-0.226599202,-0.246900484,0,0
7427,14.854000705527142,-0.226601258,-0.246899992,0,0
7428,14.856000705622137,-0.226603359,-0.246899486,0,0
7429,14.858000705717131,-0.22660543,-0.246898994,0,0
7430,14.860000705812126,-0.226607531,-0.246898517,0,0
7431,14.862000705907121,-0.226609245,-0.24689807,0,0
7432,14.864000706002116,-0.226611346,-0.246897459,0,0
7433,14.866000706097111,-0.226613432,-0.246896833,0,0
7434,14.868000706192106,-0.226615503,-0.246896267,0,0
7435,14.870000706287101,-0.226617575,-0.246895701,0,0
7436,14.872000706382096,-0.226619616,-0.246895194,0,0
7437,14.874000706477091,-0.226621687,-0.246894732,0,0
7438,14.876000706572086,-0.226623714,-0.24689424,0,0
7439,14.878000706667081,-0.226625711,-0.246893764,0,0
7440,14.880000706762075,-0.226627707,-0.246893287,0,0
7441,14.88200070685707,-0.226629674,-0.246892825,0,0
7442,14.884000706952065,-0.226631641,-0.246892378,0,0
7443,14.88600070704706,-0.226633593,-0.246891886,0,0
7444,14.888000707142055,-0.226635545,-0.246891379,0,0
7445,14.89000070723705,-0.226637483,-0.246890903,0,0
7446,14.892000707332045,-0.22663942,-0.246890485,0,0
7447,14.89400070742704,-0.226641387,-0.246890038,0,0
7448,14.896000707522035,-0.226643324,-0.246889561,0,0
7449,14.89800070761703,-0.226645246,-0.246889099,0,0
7450,14.900000707712024,-0.226647183,-0.246888682,0,0
7451,14.902000707807019,-0.226649076,-0.24688828,0,0
7452,14.904000707902014,-0.226650909,-0.246887907,0,0
7453,14.906000707997009,-0.226652771,-0.24688749,0,0
7454,14.908000708092004,-0.226654664,-0.246887073,0,0
7455,14.910000708186999,-0.226656556,-0.246886611,0,0
7456,14.912000708281994,-0.226658344,-0.246886253,0,0
7457,14.914000708376989,-0.226660222,-0.246885717,0,0
7458,14.916000708471984,-0.226662084,-0.246885225,0,0
7459,14.918000708566979,-0.226663947,-0.246884748,0,0
7460,14.920000708661973,-0.22666575,-0.246884316,0,0
7461,14.922000708756968,-0.226667613,-0.246883854,0,0
7462,14.924000708851963,-0.226669446,-0.246883422,0,0
7463,14.926000708946958,-0.226671278,-0.246883005,0,0
7464,14.928000709041953,-0.226673096,-0.246882588,0,0
7465,14.930000709136948,-0.226674929,-0.246882185,0,0
7466,14.932000709231943,-0.226676762,-0.246881798,0,0
7467,14.934000709326938,-0.226678476,-0.246881381,0,0
7468,14.936000709421933,-0.226680294,-0.246880859,0,0
7469,14.938000709516928,-0.226682097,-0.246880338,0,0
7470,14.940000709611923,-0.2266839,-0.246879831,0,0
7471,14.942000709706917,-0.226685479,-0.246879414,0,0
7472,14.944000709801912,-0.226687267,-0.246878818,0,0
7473,14.946000709896907,-0.226689056,-0.246878192,0,0
7474,14.948000709991902,-0.226690844,-0.246877626,0,0
7475,14.950000710086897,-0.226692572,-0.246877193,0,0
7476,14.952000710181892,-0.226694345,-0.246876672,0,0
7477,14.954000710276887,-0.226696104,-0.24687615,0,0
7478,14.956000710371882,-0.226697803,-0.246875688,0,0
7479,14.958000710466877,-0.226699546,-0.246875197,0,0
7480,14.960000710561872,-0.226701275,-0.246874675,0,0
7481,14.962000710656866,-0.226703003,-0.246874213,0,0
7482,14.964000710751861,-0.226704732,-0.246873707,0,0
7483,14.966000710846856,-0.226706415,-0.246873245,0,0
7484,14.968000710941851,-0.226708114,-0.246872783,0,0
7485,14.970000711036846,-0.226709813,-0.246872276,0,0
7486,14.972000711131841,-0.226711452,-0.246871814,0,0
7487,14.974000711226836,-0.226713136,-0.246871278,0,0
7488,14.976000711321831,-0.22671482,-0.246870771,0,0
7489,14.978000711416826,-0.226716504,-0.246870264,0,0
7490,14.980000711511821,-0.226718143,-0.246869847,0,0
7491,14.982000711606815,-0.226719841,-0.2468694,0,0
7492,14.98400071170181,-0.226721495,-0.246868938,0,0
7493,14.986000711796805,-0.226723135,-0.246868461,0,0
7494,14.9880007118918,-0.226724803,-0.246868014,0,0
7495,14.990000711986795,-0.226726368,-0.246867597,0,0
7496,14.99200071208179,-0.226728007,-0.24686712,0,0
7497,14.994000712176785,-0.226729587,-0.246866643,0,0
7498,14.99600071227178,-0.226730958,-0.246866256,0,0
7499,14.998000712366775,-0.226732597,-0.24686569,0,0
7500,15.00000071246177,-0.226734221,-0.246865124,0,0
7501,15.002000712556764,-0.226735845,-0.246864587,0,0
7502,15.004000712651759,-0.226737335,-0.246864125,0,0
7503,15.006000712746754,-0.22673896,-0.246863633,0,0
7504,15.008000712841749,-0.226740286,-0.246863186,0,0
7505,15.010000712936744,-0.226741925,-0.246862665,0,0
7506,15.012000713031739,-0.226743534,-0.246862203,0,0
7507,15.014000713126734,-0.226745144,-0.246861771,0,0
7508,15.016000713221729,-0.226746738,-0.246861324,0,0
7509,15.018000713316724,-0.226748332,-0.246860862,0,0
7510,15.020000713411719,-0.226749912,-0.246860415,0,0
7511,15.022000713506714,-0.226751477,-0.246859998,0,0
7512,15.024000713601708,-0.226753071,-0.246859625,0,0
7513,15.026000713696703,-0.226754636,-0.246859178,0,0
7514,15.028000713791698,-0.226756155,-0.246858776,0,0
7515,15.030000713886693,-0.226757646,-0.246858373,0,0
7516,15.032000713981688,-0.226759121,-0.246857986,0,0
7517,15.034000714076683,-0.226760626,-0.246857554,0,0
7518,15.036000714171678,-0.226762131,-0.246857077,0,0
7519,15.038000714266673,-0.226763636,-0.246856615,0,0
7520,15.040000714361668,-0.226765126,-0.246856213,0,0
7521,15.042000714456663,-0.226766616,-0.246855766,0,0
7522,15.044000714551657,-0.226768047,-0.246855453,0,0
7523,15.046000714646652,-0.226769537,-0.246855021,0,0
7524,15.048000714741647,-0.226771012,-0.246854573,0,0
7525,15.050000714836642,-0.226772457,-0.246854171,0,0
7526,15.052000714931637,-0.226773918,-0.246853724,0,0
7527,15.054000715026632,-0.226775318,-0.246853337,0,0
7528,15.056000715121627,-0.226776779,-0.24685289,0,0
7529,15.058000715216622,-0.226778239,-0.246852443,0,0
7530,15.060000715311617,-0.226779684,-0.246851996,0,0
7531,15.062000715406612,-0.226780877,-0.246851608,0,0
7532,15.064000715501606,-0.226782337,-0.246851072,0,0
7533,15.066000715596601,-0.226783812,-0.246850535,0,0
7534,15.068000715691596,-0.226785257,-0.246850014,0,0
7535,15.070000715786591,-0.226786628,-0.246849597,0,0
7536,15.072000715881586,-0.226787925,-0.246849015,0,0
7537,15.074000715976581,-0.226789355,-0.246848479,0,0
7538,15.076000716071576,-0.226790592,-0.246847987,0,0
7539,15.078000716166571,-0.226792023,-0.246847421,0,0
7540,15.080000716261566,-0.226793468,-0.24684681,0,0
7541,15.082000716356561,-0.226794869,-0.246846259,0,0
7542,15.084000716451555,-0.226796299,-0.246845722,0,0
7543,15.08600071654655,-0.22679767,-0.246845216,0,0
7544,15.088000716641545,-0.226798952,-0.246844679,0,0
7545,15.09000071673654,-0.226800337,-0.246844098,0,0
7546,15.092000716831535,-0.226801723,-0.246843532,0,0
7547,15.09400071692653,-0.226803094,-0.246842965,0,0
7548,15.096000717021525,-0.226804465,-0.246842414,0,0
7549,15.09800071711652,-0.226805836,-0.246841893,0,0
7550,15.100000717211515,-0.226807177,-0.246841371,0,0
7551,15.10200071730651,-0.226808533,-0.246840864,0,0
7552,15.104000717401505,-0.226809874,-0.246840343,0,0
7553,15.106000717496499,-0.2268112,-0.246839851,0,0
7554,15.108000717591494,-0.226812512,-0.246839374,0,0
7555,15.110000717686489,-0.226813838,-0.246838883,0,0
7556,15.112000717781484,-0.226815149,-0.246838406,0,0
7557,15.114000717876479,-0.22681646,-0.246837914,0,0
7558,15.116000717971474,-0.226817757,-0.246837482,0,0
7559,15.118000718066469,-0.226819053,-0.24683702,0,0
7560,15.120000718161464,-0.22682032,-0.246836603,0,0
7561,15.122000718256459,-0.226821616,-0.246836171,0,0
7562,15.124000718351454,-0.226822883,-0.246835724,0,0
7563,15.126000718446448,-0.226824239,-0.246835291,0,0
7564,15.128000718541443,-0.22682552,-0.246834815,0,0
7565,15.130000718636438,-0.226826712,-0.246834457,0,0
7566,15.132000718731433,-0.226828009,-0.24683398,0,0
7567,15.134000718826428,-0.226829261,-0.246833548,0,0
7568,15.136000718921423,-0.226830512,-0.246833101,0,0
7569,15.138000719016418,-0.226831779,-0.246832654,0,0
7570,15.140000719111413,-0.226833016,-0.246832252,0,0
7571,15.142000719206408,-0.226834267,-0.246831819,0,0
7572,15.144000719301403,-0.22683543,-0.246831477,0,0
7573,15.146000719396397,-0.226836681,-0.246831,0,0
7574,15.148000719491392,-0.226837918,-0.246830523,0,0
7575,15.150000719586387,-0.226839155,-0.246830061,0,0
7576,15.152000719681382,-0.226840377,-0.246829614,0,0
7577,15.154000719776377,-0.226841599,-0.246829182,0,0
7578,15.156000719871372,-0.226842761,-0.246828809,0,0
7579,15.158000719966367,-0.226843983,-0.246828377,0,0
7580,15.160000720061362,-0.22684519,-0.246827975,0,0
7581,15.162000720156357,-0.226846382,-0.246827573,0,0
7582,15.164000720251352,-0.226847589,-0.246827111,0,0
7583,15.166000720346346,-0.226848781,-0.246826679,0,0
7584,15.168000720441341,-0.226849973,-0.246826261,0,0
7585,15.170000720536336,-0.226851076,-0.246825889,0,0
7586,15.172000720631331,-0.226852268,-0.246825397,0,0
7587,15.174000720726326,-0.226853445,-0.24682489,0,0
7588,15.176000720821321,-0.226854622,-0.246824399,0,0
7589,15.178000720916316,-0.2268558,-0.246823922,0,0
7590,15.180000721011311,-0.226856917,-0.246823534,0,0
7591,15.182000721106306,-0.226858094,-0.246823058,0,0
7592,15.184000721201301,-0.226859257,-0.246822566,0,0
7593,15.186000721296296,-0.226860285,-0.246822149,0,0
7594,15.18800072139129,-0.226861447,-0.246821582,0,0
7595,15.190000721486285,-0.226862594,-0.246821061,0,0
7596,15.19200072158128,-0.226863742,-0.246820554,0,0
7597,15.194000721676275,-0.226864889,-0.246820062,0,0
7598,15.19600072177127,-0.226865947,-0.246819645,0,0
7599,15.198000721866265,-0.226867095,-0.246819168,0,0
7600,15.20000072196126,-0.226868227,-0.246818647,0,0
7601,15.202000722056255,-0.226869121,-0.24681823,0,0
7602,15.20400072215125,-0.226870269,-0.246817723,0,0
7603,15.206000722246245,-0.226871446,-0.246817157,0,0
7604,15.208000722341239,-0.226872504,-0.246816635,0,0
7605,15.210000722436234,-0.226873636,-0.246816188,0,0
7606,15.212000722531229,-0.226874769,-0.246815711,0,0
7607,15.214000722626224,-0.226875827,-0.246815309,0,0
7608,15.216000722721219,-0.226876959,-0.246814817,0,0
7609,15.218000722816214,-0.226878077,-0.246814311,0,0
7610,15.220000722911209,-0.226879179,-0.246813819,0,0
7611,15.222000723006204,-0.226880088,-0.246813357,0,0
7612,15.224000723101199,-0.226881191,-0.246812895,0,0
7613,15.226000723196194,-0.22688216,-0.246812478,0,0
7614,15.228000723291188,-0.226883039,-0.246812016,0,0
7615,15.230000723386183,-0.226884156,-0.246811405,0,0
7616,15.232000723481178,-0.226885274,-0.246810824,0,0
7617,15.234000723576173,-0.226886153,-0.246810392,0,0
7618,15.236000723671168,-0.226887271,-0.246809855,0,0
7619,15.238000723766163,-0.226888373,-0.246809319,0,0
7620,15.240000723861158,-0.226889417,-0.246808827,0,0
7621,15.242000723956153,-0.226890489,-0.24680832,0,0
7622,15.244000724051148,-0.226891577,-0.246807843,0,0
7623,15.246000724146143,-0.226892397,-0.246807367,0,0
7624,15.248000724241138,-0.226893485,-0.246806785,0,0
7625,15.250000724336132,-0.226894528,-0.246806219,0,0
7626,15.252000724431127,-0.226895526,-0.246805698,0,0
7627,15.254000724526122,-0.226896539,-0.246805191,0,0
7628,15.256000724621117,-0.226897538,-0.246804669,0,0
7629,15.258000724716112,-0.226898566,-0.246804178,0,0
7630,15.260000724811107,-0.226899475,-0.246803671,0,0
7631,15.262000724906102,-0.226900533,-0.246803135,0,0
7632,15.264000725001097,-0.226901487,-0.246802673,0,0
7633,15.266000725096092,-0.226902544,-0.246802092,0,0
7634,15.268000725191087,-0.226903588,-0.24680151,0,0
7635,15.270000725286081,-0.226904541,-0.246801049,0,0
7636,15.272000725381076,-0.226905569,-0.246800452,0,0
7637,15.274000725476071,-0.226906553,-0.246799871,0,0
7638,15.276000725571066,-0.226907566,-0.246799305,0,0
7639,15.278000725666061,-0.226908416,-0.246798813,0,0
7640,15.280000725761056,-0.226909235,-0.246798307,0,0
7641,15.282000725856051,-0.226910189,-0.246797815,0,0
7642,15.284000725951046,-0.226911202,-0.246797279,0,0
7643,15.286000726046041,-0.226912007,-0.246796817,0,0
7644,15.288000726141036,-0.22691302,-0.246796146,0,0
7645,15.29000072623603,-0.226913989,-0.24679549,0,0
7646,15.292000726331025,-0.226914972,-0.246794894,0,0
7647,15.29400072642602,-0.226915777,-0.246794343,0,0
7648,15.296000726521015,-0.22691673,-0.246793836,0,0
7649,15.29800072661601,-0.226917356,-0.24679333,0,0
7650,15.300000726711005,-0.226918355,-0.246792659,0,0
7651,15.302000726806,-0.226919383,-0.246792033,0,0
7652,15.304000726900995,-0.226920396,-0.246791393,0,0
7653,15.30600072699599,-0.22692135,-0.246790841,0,0
7654,15.308000727090985,-0.226922333,-0.246790275,0,0
7655,15.310000727185979,-0.226923287,-0.246789724,0,0
7656,15.312000727280974,-0.226924241,-0.246789187,0,0
7657,15.314000727375969,-0.226925179,-0.246788651,0,0
7658,15.316000727470964,-0.226926118,-0.246788099,0,0
7659,15.318000727565959,-0.226927042,-0.246787548,0,0
7660,15.320000727660954,-0.226927951,-0.246787012,0,0
7661,15.322000727755949,-0.22692883,-0.246786535,0,0
7662,15.324000727850944,-0.22692956,-0.246785969,0,0
7663,15.326000727945939,-0.226930469,-0.246785283,0,0
7664,15.328000728040934,-0.226931378,-0.246784627,0,0
7665,15.330000728135929,-0.226932272,-0.246784002,0,0
7666,15.332000728230923,-0.226933166,-0.246783376,0,0
7667,15.334000728325918,-0.22693406,-0.246782824,0,0
7668,15.336000728420913,-0.226934925,-0.246782303,0,0
7669,15.338000728515908,-0.226935819,-0.246781781,0,0
7670,15.340000728610903,-0.226936609,-0.24678126,0,0
7671,15.342000728705898,-0.226937294,-0.246780753,0,0
7672,15.344000728800893,-0.226938188,-0.246780172,0,0
7673,15.346000728895888,-0.226939082,-0.246779621,0,0
7674,15.348000728990883,-0.226939976,-0.246779084,0,0
7675,15.350000729085878,-0.226940796,-0.246778592,0,0
7676,15.352000729180872,-0.22694169,-0.246778056,0,0
7677,15.354000729275867,-0.226942569,-0.24677752,0,0
7678,15.356000729370862,-0.226943448,-0.246777013,0,0
7679,15.358000729465857,-0.226944134,-0.246776551,0,0
7680,15.360000729560852,-0.226945013,-0.246776029,0,0
7681,15.362000729655847,-0.226945892,-0.246775508,0,0
7682,15.364000729750842,-0.226946756,-0.246774986,0,0
7683,15.366000729845837,-0.226947248,-0.246774554,0,0
7684,15.368000729940832,-0.226948127,-0.246774092,0,0
7685,15.370000730035827,-0.226949021,-0.246773601,0,0
7686,15.372000730130821,-0.226949736,-0.246773154,0,0
7687,15.374000730225816,-0.226950616,-0.246772647,0,0
7688,15.376000730320811,-0.226951391,-0.246772155,0,0
7689,15.378000730415806,-0.226952121,-0.246771634,0,0
7690,15.380000730510801,-0.226952985,-0.246771082,0,0
7691,15.382000730605796,-0.226953819,-0.24677062,0,0
7692,15.384000730700791,-0.226954684,-0.246770173,0,0
7693,15.386000730795786,-0.226955533,-0.246769726,0,0
7694,15.388000730890781,-0.226956323,-0.246769294,0,0
7695,15.390000730985776,-0.226957157,-0.246768817,0,0
7696,15.39200073108077,-0.226957977,-0.24676834,0,0
7697,15.394000731175765,-0.226958796,-0.246767864,0,0
7698,15.39600073127076,-0.226959586,-0.246767446,0,0
7699,15.398000731365755,-0.226960376,-0.246766999,0,0
7700,15.40000073146075,-0.22696121,-0.246766523,0,0
7701,15.402000731555745,-0.226961985,-0.246766046,0,0
7702,15.40400073165074,-0.22696276,-0.246765584,0,0
7703,15.406000731745735,-0.22696352,-0.246765181,0,0
7704,15.40800073184073,-0.226963997,-0.246764824,0,0
7705,15.410000731935725,-0.226964787,-0.246764392,0,0
7706,15.41200073203072,-0.226965576,-0.246763915,0,0
7707,15.414000732125714,-0.226966351,-0.246763453,0,0
7708,15.416000732220709,-0.226966888,-0.24676308,0,0
7709,15.418000732315704,-0.226967692,-0.246762633,0,0
7710,15.420000732410699,-0.226968482,-0.246762171,0,0
7711,15.422000732505694,-0.226969257,-0.246761724,0,0
7712,15.424000732600689,-0.226969704,-0.246761322,0,0
7713,15.426000732695684,-0.226970509,-0.246760875,0,0
7714,15.428000732790679,-0.226971239,-0.246760219,0,0
7715,15.430000732885674,-0.226971656,-0.246759832,0,0
7716,15.432000732980669,-0.226972461,-0.2467594,0,0
7717,15.434000733075663,-0.226973236,-0.246758893,0,0
7718,15.436000733170658,-0.226974025,-0.246758446,0,0
7719,15.438000733265653,-0.2269748,-0.246757999,0,0
7720,15.440000733360648,-0.226975352,-0.246757522,0,0
7721,15.442000733455643,-0.226976052,-0.24675709,0,0
7722,15.444000733550638,-0.226976857,-0.246756583,0,0
7723,15.446000733645633,-0.226977557,-0.246756107,0,0
7724,15.448000733740628,-0.226978227,-0.24675566,0,0
7725,15.450000733835623,-0.226978898,-0.246755183,0,0
7726,15.452000733930618,-0.226979479,-0.246754512,0,0
7727,15.454000734025612,-0.22698006,-0.246753871,0,0
7728,15.456000734120607,-0.226980597,-0.24675329,0,0
7729,15.458000734215602,-0.226980954,-0.246752724,0,0
7730,15.460000734310597,-0.226981506,-0.246752113,0,0
7731,15.462000734405592,-0.226981983,-0.246751577,0,0
7732,15.464000734500587,-0.226982653,-0.24675104,0,0
7733,15.466000734595582,-0.226983324,-0.246750504,0,0
7734,15.468000734690577,-0.226983994,-0.246749952,0,0
7735,15.470000734785572,-0.226984665,-0.246749371,0,0
7736,15.472000734880567,-0.22698532,-0.246748775,0,0
7737,15.474000734975561,-0.226985961,-0.246748179,0,0
7738,15.476000735070556,-0.226986408,-0.246747479,0,0
7739,15.478000735165551,-0.226987079,-0.246746853,0,0
7740,15.480000735260546,-0.226987764,-0.246746227,0,0
7741,15.482000735355541,-0.22698845,-0.246745601,0,0
7742,15.484000735450536,-0.226989031,-0.246744975,0,0
7743,15.486000735545531,-0.226989493,-0.246744201,0,0
7744,15.488000735640526,-0.226989776,-0.246743083,0,0
7745,15.490000735735521,-0.226990059,-0.24674204,0,0
7746,15.492000735830516,-0.226990297,-0.246741027,0,0
7747,15.494000735925511,-0.226990625,-0.246740073,0,0
7748,15.496000736020505,-0.226990774,-0.246739298,0,0
7749,15.4980007361155,-0.226991206,-0.246738493,0,0
7750,15.500000736210495,-0.226991668,-0.246737719,0,0
7751,15.50200073630549,-0.22699213,-0.246736854,0,0
7752,15.504000736400485,-0.226992577,-0.24673593,0,0
7753,15.50600073649548,-0.226992965,-0.246734947,0,0
7754,15.508000736590475,-0.226993337,-0.246733904,0,0
7755,15.51000073668547,-0.226993412,-0.246732622,0,0
7756,15.512000736780465,-0.226993293,-0.246730909,0,0
7757,15.51400073687546,-0.226993144,-0.246729121,0,0
7758,15.516000736970454,-0.226993039,-0.246727496,0,0
7759,15.518000737065449,-0.226993009,-0.246726051,0,0
7760,15.520000737160444,-0.226993024,-0.246724769,0,0
7761,15.522000737255439,-0.226993084,-0.246723592,0,0
7762,15.524000737350434,-0.226993233,-0.246722251,0,0
7763,15.526000737445429,-0.226993337,-0.246720776,0,0
7764,15.528000737540424,-0.226993293,-0.246719122,0,0
7765,15.530000737635419,-0.22699295,-0.246717274,0,0
7766,15.532000737730414,-0.226992443,-0.246715024,0,0
7767,15.534000737825409,-0.226991937,-0.246712685,0,0
7768,15.536000737920403,-0.226991519,-0.246710524,0,0
7769,15.538000738015398,-0.226991206,-0.246708721,0,0
7770,15.540000738110393,-0.226990983,-0.246707022,0,0
7771,15.542000738205388,-0.226990864,-0.246705174,0,0
7772,15.544000738300383,-0.226990625,-0.246703178,0,0
7773,15.546000738395378,-0.226990253,-0.246701032,0,0
7774,15.548000738490373,-0.226989761,-0.246698737,0,0
7775,15.550000738585368,-0.226988852,-0.246696055,0,0
7776,15.552000738680363,-0.226987779,-0.246693045,0,0
7777,15.554000738775358,-0.226986781,-0.246690005,0,0
7778,15.556000738870353,-0.226985916,-0.246687204,0,0
7779,15.558000738965347,-0.226985216,-0.246684685,0,0
7780,15.560000739060342,-0.226984695,-0.246682391,0,0
7781,15.562000739155337,-0.226984218,-0.246679932,0,0
7782,15.564000739250332,-0.226983517,-0.246677235,0,0
7783,15.566000739345327,-0.226982698,-0.246674418,0,0
7784,15.568000739440322,-0.226981789,-0.246671483,0,0
7785,15.570000739535317,-0.226980314,-0.246667996,0,0
7786,15.572000739630312,-0.226978704,-0.246664226,0,0
7787,15.574000739725307,-0.226977259,-0.246660545,0,0
7788,15.576000739820302,-0.226976007,-0.246657103,0,0
7789,15.578000739915296,-0.226974949,-0.246654078,0,0
7790,15.580000740010291,-0.226974085,-0.246651068,0,0
7791,15.582000740105286,-0.226973101,-0.246647879,0,0
7792,15.584000740200281,-0.226972029,-0.246644601,0,0
7793,15.586000740295276,-0.226970807,-0.246641159,0,0
7794,15.588000740390271,-0.226969466,-0.246637553,0,0
7795,15.590000740485266,-0.226967737,-0.246633649,0,0
7796,15.592000740580261,-0.226965934,-0.246629596,0,0
7797,15.594000740675256,-0.226964295,-0.246625662,0,0
7798,15.596000740770251,-0.226962894,-0.2466221,0,0
7799,15.598000740865245,-0.226961747,-0.246618912,0,0
7800,15.60000074096024,-0.226960674,-0.246615499,0,0
7801,15.602000741055235,-0.226959452,-0.246611953,0,0
7802,15.60400074115023,-0.226958141,-0.246608362,0,0
7803,15.606000741245225,-0.22695671,-0.246604636,0,0
7804,15.60800074134022,-0.226955175,-0.246600777,0,0
7805,15.610000741435215,-0.226953179,-0.24659653,0,0
7806,15.61200074153021,-0.226951122,-0.246592194,0,0
7807,15.614000741625205,-0.22694926,-0.246588022,0,0
7808,15.6160007417202,-0.226947695,-0.246584162,0,0
7809,15.618000741815194,-0.226946369,-0.246580765,0,0
7810,15.620000741910189,-0.226945147,-0.246577218,0,0
7811,15.622000742005184,-0.226943791,-0.246573552,0,0
7812,15.624000742100179,-0.226942316,-0.246569797,0,0
7813,15.626000742195174,-0.226940855,-0.246565938,0,0
7814,15.628000742290169,-0.226939186,-0.246561959,0,0
7815,15.630000742385164,-0.22693707,-0.246557593,0,0
7816,15.632000742480159,-0.22693488,-0.246553093,0,0
7817,15.634000742575154,-0.226932928,-0.246548802,0,0
7818,15.636000742670149,-0.226931259,-0.246544912,0,0
7819,15.638000742765144,-0.226929888,-0.246541515,0,0
7820,15.640000742860138,-0.226928651,-0.246537954,0,0
7821,15.642000742955133,-0.226927251,-0.246534213,0,0
7822,15.644000743050128,-0.226925746,-0.246530443,0,0
7823,15.646000743145123,-0.226924121,-0.246526524,0,0
7824,15.648000743240118,-0.226922482,-0.246522516,0,0
7825,15.650000743335113,-0.226920217,-0.246517986,0,0
7826,15.652000743430108,-0.226917922,-0.246513382,0,0
7827,15.654000743525103,-0.226915866,-0.246509001,0,0
7828,15.656000743620098,-0.226913989,-0.246505082,0,0
7829,15.658000743715093,-0.226912528,-0.24650155,0,0
7830,15.660000743810087,-0.226911113,-0.246497884,0,0
7831,15.662000743905082,-0.226909548,-0.246494099,0,0
7832,15.664000744000077,-0.226907864,-0.24649021,0,0
7833,15.666000744095072,-0.226906136,-0.246486261,0,0
7834,15.668000744190067,-0.226904258,-0.246482149,0,0
7835,15.670000744285062,-0.226901919,-0.246477634,0,0
7836,15.672000744380057,-0.226899534,-0.246472999,0,0
7837,15.674000744475052,-0.226897433,-0.246468633,0,0
7838,15.676000744570047,-0.226895601,-0.24646467,0,0
7839,15.678000744665042,-0.226894066,-0.246461108,0,0
7840,15.680000744760036,-0.22689265,-0.246457458,0,0
7841,15.682000744855031,-0.226891071,-0.246453628,0,0
7842,15.684000744950026,-0.226889342,-0.246449634,0,0
7843,15.686000745045021,-0.226887524,-0.246445566,0,0
7844,15.688000745140016,-0.226885632,-0.246441394,0,0
7845,15.690000745235011,-0.226883441,-0.246437043,0,0
7846,15.692000745330006,-0.226881266,-0.246432647,0,0
7847,15.694000745425001,-0.226879358,-0.246428683,0,0
7848,15.696000745519996,-0.226877749,-0.246425003,0,0
7849,15.698000745614991,-0.226876408,-0.246421367,0,0
7850,15.700000745709985,-0.226874933,-0.246417627,0,0
7851,15.70200074580498,-0.226873353,-0.246413782,0,0
7852,15.704000745899975,-0.226871669,-0.246409878,0,0
7853,15.70600074599497,-0.226869911,-0.24640587,0,0
7854,15.708000746089965,-0.226868093,-0.246401787,0,0
7855,15.71000074618496,-0.226865903,-0.246397406,0,0
7856,15.712000746279955,-0.226863712,-0.246392995,0,0
7857,15.71400074637495,-0.226861805,-0.246388838,0,0
7858,15.716000746469945,-0.226860195,-0.246385172,0,0
7859,15.71800074656494,-0.226858824,-0.24638167,0,0
7860,15.720000746659935,-0.226857528,-0.246378124,0,0
7861,15.722000746754929,-0.226856083,-0.246374428,0,0
7862,15.724000746849924,-0.226854533,-0.246370643,0,0
7863,15.726000746944919,-0.226852924,-0.246366814,0,0
7864,15.728000747039914,-0.22685121,-0.246362865,0,0
7865,15.730000747134909,-0.22684902,-0.246358499,0,0
7866,15.732000747229904,-0.226846769,-0.246354043,0,0
7867,15.734000747324899,-0.226844773,-0.246349841,0,0
7868,15.736000747419894,-0.226843074,-0.246346071,0,0
7869,15.738000747514889,-0.226841703,-0.246342689,0,0
7870,15.740000747609884,-0.226840436,-0.246339068,0,0
7871,15.742000747704878,-0.226838961,-0.246335343,0,0
7872,15.744000747799873,-0.226837337,-0.246331483,0,0
7873,15.746000747894868,-0.226835653,-0.246327564,0,0
7874,15.748000747989863,-0.226833835,-0.246323481,0,0
7875,15.750000748084858,-0.226831526,-0.246318981,0,0
7876,15.752000748179853,-0.226829186,-0.246314362,0,0
7877,15.754000748274848,-0.226827115,-0.246309996,0,0
7878,15.756000748369843,-0.226825401,-0.246306047,0,0
7879,15.758000748464838,-0.226823971,-0.246302485,0,0
7880,15.760000748559833,-0.22682257,-0.24629873,0,0
7881,15.762000748654827,-0.226820976,-0.246294782,0,0
7882,15.764000748749822,-0.226819232,-0.246290684,0,0
7883,15.766000748844817,-0.226817489,-0.246286556,0,0
7884,15.768000748939812,-0.226815537,-0.246282235,0,0
7885,15.770000749034807,-0.22681351,-0.246277839,0,0
7886,15.772000749129802,-0.22681129,-0.246273294,0,0
7887,15.774000749224797,-0.226809159,-0.246268839,0,0
7888,15.776000749319792,-0.226807296,-0.246264756,0,0
7889,15.778000749414787,-0.226805747,-0.246260941,0,0
7890,15.780000749509782,-0.226804256,-0.246257037,0,0
7891,15.782000749604777,-0.226802722,-0.246253118,0,0
7892,15.784000749699771,-0.226801053,-0.24624908,0,0
7893,15.786000749794766,-0.226799309,-0.246244982,0,0
7894,15.788000749889761,-0.226797521,-0.246240839,0,0
7895,15.790000749984756,-0.226795673,-0.246236622,0,0
7896,15.792000750079751,-0.226793513,-0.246232167,0,0
7897,15.794000750174746,-0.226791397,-0.246227771,0,0
7898,15.796000750269741,-0.226789534,-0.246223673,0,0
7899,15.798000750364736,-0.226787999,-0.246220097,0,0
7900,15.800000750459731,-0.226786733,-0.24621658,0,0
7901,15.802000750554726,-0.226785451,-0.246212959,0,0
7902,15.80400075064972,-0.226784095,-0.246209309,0,0
7903,15.806000750744715,-0.226782605,-0.246205524,0,0
7904,15.80800075083971,-0.22678107,-0.246201709,0,0
7905,15.810000750934705,-0.226779446,-0.24619779,0,0
7906,15.8120007510297,-0.226777375,-0.246193498,0,0
7907,15.814000751124695,-0.226775289,-0.246189252,0,0
7908,15.81600075121969,-0.226773515,-0.246185333,0,0
7909,15.818000751314685,-0.22677201,-0.246181875,0,0
7910,15.82000075140968,-0.226770803,-0.246178567,0,0
7911,15.822000751504675,-0.226769567,-0.24617511,0,0
7912,15.824000751599669,-0.226768225,-0.246171623,0,0
7913,15.826000751694664,-0.22676675,-0.246167973,0,0
7914,15.828000751789659,-0.226765186,-0.246164232,0,0
7915,15.830000751884654,-0.226763546,-0.246160418,0,0
7916,15.832000751979649,-0.226761431,-0.246156186,0,0
7917,15.834000752074644,-0.2267593,-0.246151939,0,0
7918,15.836000752169639,-0.226757407,-0.246147975,0,0
7919,15.838000752264634,-0.226755843,-0.246144444,0,0
7920,15.840000752359629,-0.226754591,-0.246141151,0,0
7921,15.842000752454624,-0.226753324,-0.246137694,0,0
7922,15.844000752549618,-0.226751909,-0.246134117,0,0
7923,15.846000752644613,-0.226750433,-0.246130362,0,0
7924,15.848000752739608,-0.226748779,-0.246126547,0,0
7925,15.850000752834603,-0.226747066,-0.246122658,0,0
7926,15.852000752929598,-0.226744965,-0.246118531,0,0
7927,15.854000753024593,-0.226742983,-0.246114567,0,0
7928,15.856000753119588,-0.22674121,-0.246110871,0,0
7929,15.858000753214583,-0.226739854,-0.246107519,0,0
7930,15.860000753309578,-0.226738587,-0.246104077,0,0
7931,15.862000753404573,-0.226737291,-0.246100709,0,0
7932,15.864000753499568,-0.226735771,-0.246097043,0,0
7933,15.866000753594562,-0.226734146,-0.246093303,0,0
7934,15.868000753689557,-0.226732478,-0.246089518,0,0
7935,15.870000753784552,-0.226730809,-0.246085837,0,0
7936,15.872000753879547,-0.226728514,-0.246081486,0,0
7937,15.874000753974542,-0.226726219,-0.246077165,0,0
7938,15.876000754069537,-0.226724282,-0.246073216,0,0
7939,15.878000754164532,-0.226722658,-0.246069714,0,0
7940,15.880000754259527,-0.226721361,-0.246066421,0,0
7941,15.882000754354522,-0.22672005,-0.246063054,0,0
7942,15.884000754449517,-0.226718515,-0.246059448,0,0
7943,15.886000754544511,-0.226716876,-0.246055752,0,0
7944,15.888000754639506,-0.226715133,-0.246051982,0,0
7945,15.890000754734501,-0.226713315,-0.246048108,0,0
7946,15.892000754829496,-0.226711079,-0.246043876,0,0
7947,15.894000754924491,-0.226708859,-0.246039689,0,0
7948,15.896000755019486,-0.226706982,-0.246035874,0,0
7949,15.898000755114481,-0.226705402,-0.246032506,0,0
7950,15.900000755209476,-0.226704136,-0.246029139,0,0
7951,15.902000755304471,-0.226702735,-0.246025667,0,0
7952,15.904000755399466,-0.226701245,-0.246022105,0,0
7953,15.90600075549446,-0.226699576,-0.24601832,0,0
7954,15.908000755589455,-0.226697817,-0.246014461,0,0
7955,15.91000075568445,-0.226695985,-0.246010527,0,0
7956,15.912000755779445,-0.226694107,-0.246006534,0,0
7957,15.91400075587444,-0.226691723,-0.246002048,0,0
7958,15.916000755969435,-0.226689398,-0.245997623,0,0
7959,15.91800075606443,-0.226687282,-0.245993569,0,0
7960,15.920000756159425,-0.226685628,-0.245990008,0,0
7961,15.92200075625442,-0.226684257,-0.245986581,0,0
7962,15.924000756349415,-0.226682797,-0.245982945,0,0
7963,15.926000756444409,-0.226681173,-0.24597916,0,0
7964,15.928000756539404,-0.226679415,-0.245975256,0,0
7965,15.930000756634399,-0.226677552,-0.245971248,0,0
7966,15.932000756729394,-0.226675615,-0.245967165,0,0
7967,15.934000756824389,-0.226673648,-0.245963037,0,0
7968,15.936000756919384,-0.226671323,-0.245958626,0,0
7969,15.938000757014379,-0.226669103,-0.245954365,0,0
7970,15.940000757109374,-0.226667136,-0.245950475,0,0
7971,15.942000757204369,-0.226665512,-0.245947063,0,0
7972,15.944000757299364,-0.226664111,-0.245943472,0,0
7973,15.946000757394359,-0.226662546,-0.245939746,0,0
7974,15.948000757489353,-0.226660967,-0.245935991,0,0
7975,15.950000757584348,-0.226659194,-0.245932087,0,0
7976,15.952000757679343,-0.226657376,-0.245928168,0,0
7977,15.954000757774338,-0.226655528,-0.245924309,0,0
7978,15.956000757869333,-0.226653337,-0.245920077,0,0
7979,15.958000757964328,-0.226651236,-0.245916009,0,0
7980,15.960000758059323,-0.226649493,-0.245912358,0,0
7981,15.962000758154318,-0.226648107,-0.24590905,0,0
7982,15.964000758249313,-0.226646751,-0.245905623,0,0
7983,15.966000758344308,-0.226645276,-0.245902091,0,0
7984,15.968000758439302,-0.226643726,-0.24589853,0,0
7985,15.970000758534297,-0.226642087,-0.245894879,0,0
7986,15.972000758629292,-0.226640433,-0.245891213,0,0
7987,15.974000758724287,-0.226638675,-0.245887429,0,0
7988,15.976000758819282,-0.226636529,-0.245883331,0,0
7989,15.978000758914277,-0.226634413,-0.245879307,0,0
7990,15.980000759009272,-0.22663264,-0.245875672,0,0
7991,15.982000759104267,-0.226631209,-0.245872572,0,0
7992,15.984000759199262,-0.226630107,-0.245869428,0,0
7993,15.986000759294257,-0.22662884,-0.245866165,0,0
7994,15.988000759389251,-0.226627514,-0.245862842,0,0
7995,15.990000759484246,-0.226626009,-0.245859325,0,0
7996,15.992000759579241,-0.226624489,-0.245855823,0,0
7997,15.994000759674236,-0.22662288,-0.245852217,0,0
7998,15.996000759769231,-0.226620853,-0.245848238,0,0
7999,15.998000759864226,-0.226618856,-0.245844364,0,0
8000,16.000000759959221,-0.226617172,-0.245840877,0,0
