0	0.0	0
1	1.9816666666666667	0
2	1.9816666666666667	1
3	5.6066666666666665	1
4	4.638333333333334	1
5	4.155	1
6	5.133333333333334	1
7	7.471666666666667	1
8	6.54	1
9	6.07	1
10	7.01	1
11	9.458333333333334	1
12	8.47	1
13	7.973333333333334	1
14	8.965	1
15	11.6	1
16	10.481666666666667	1
17	9.965	1
18	11.038333333333334	1
19	13.84	1
20	12.721666666666666	1
21	12.16	1
22	13.28	1
23	16.081666666666667	1
24	14.96	1
25	14.4	1
26	15.52	1
27	18.31833333333333	1
28	17.2	1
29	16.64	1
30	17.758333333333333	1
31	18.881666666666668	1
32	21.138333333333332	1
33	20.008333333333333	1
34	19.445	1
35	20.573333333333334	1
36	23.395	1
37	22.265	1
38	21.701666666666668	1
39	22.83	1
40	25.64	1
41	24.516666666666666	1
42	23.955	1
43	25.076666666666668	1
44	27.895	1
45	26.766666666666666	1
46	26.203333333333333	1
47	27.33	1
48	30.151666666666667	1
49	29.023333333333333	1
50	28.46	1
51	29.588333333333335	1
52	32.38	1
53	31.281666666666666	1
54	30.715	1
55	31.838333333333335	1
56	34.54	1
57	33.45666666666666	1
58	32.91833333333334	1
59	33.998333333333335	1
60	35.08166666666666	1
61	37.251666666666665	1
62	36.166666666666664	1
63	35.625	1
64	36.71	1
65	39.42	1
66	38.33833333333333	1
67	37.795	1
68	38.87833333333333	1
69	41.598333333333336	1
70	40.501666666666665	1
71	39.96	1
72	41.053333333333335	1
73	43.78666666666667	1
74	42.69166666666667	1
75	42.145	1
76	43.23833333333334	1
77	45.97833333333333	1
78	44.885	1
79	44.335	1
80	45.431666666666665	1
81	48.15833333333333	1
82	47.06666666666667	1
83	46.52166666666667	1
84	47.611666666666665	1
85	50.35166666666667	1
86	49.255	1
87	48.70666666666666	1
88	49.803333333333335	1
89	50.903333333333336	1
90	53.098333333333336	1
91	52.00333333333333	1
92	51.45333333333333	1
93	52.55166666666667	1
94	55.288333333333334	1
95	54.19	1
96	53.64333333333333	1
97	54.73833333333334	1
98	57.48833333333334	1
99	56.388333333333335	1
100	55.83833333333333	1
101	56.93833333333333	1
102	59.69	1
103	58.58833333333333	1
104	58.038333333333334	1
105	59.14	1
106	61.87833333333333	1
107	60.78666666666667	1
108	60.24	1
109	61.333333333333336	1
110	64.07333333333334	1
111	62.975	1
112	62.42666666666667	1
113	63.525	1
114	66.27166666666666	1
115	65.17333333333333	1
116	64.62333333333333	1
117	65.72166666666666	1
118	66.82166666666667	1
119	69.01333333333334	1
120	67.92	1
121	67.37166666666667	1
122	68.46833333333333	1
123	71.20666666666666	1
124	70.10833333333333	1
125	69.56	1
126	70.65833333333333	1
127	73.41	1
128	72.305	1
129	71.75666666666666	1
130	72.85833333333333	1
131	75.60833333333333	1
132	74.51166666666667	1
133	73.96	1
134	75.06166666666667	1
135	77.82833333333333	1
136	76.71666666666667	1
137	76.16333333333333	1
138	77.27166666666666	1
139	80.05833333333334	1
140	78.94333333333333	1
141	78.385	1
142	79.50166666666667	1
143	82.28333333333333	1
144	81.17166666666667	1
145	80.615	1
146	81.72666666666667	1
147	82.835	1
148	85.035	1
149	83.93333333333334	1
150	83.385	1
151	84.48333333333333	1
152	87.25166666666667	1
153	86.14333333333333	1
154	85.59	1
155	86.69833333333334	1
156	89.06	1
157	88.35666666666667	1
158	87.80333333333333	1
159	88.91	1
160	90.97666666666667	1
161	nan	0
162	nan	0
163	92.89333333333333	0
