time_s,joint_angle_pelvis_tilt_rad,joint_angle_hip_flexion_r_rad,joint_angle_knee_angle_r_rad,joint_angle_ankle_angle_r_rad,grf_total_vertical_N,knee_angle_r_moment_Nm
0,0.16729153829628207,-0.15535841283232127,0.17505356501393179,-0.02885783580907789,0,0
0.0099722222222222226,0.16736573008721198,-0.15560821325854396,0.17651034005848709,-0.02885783580907789,0,4.99549266950355
0.019944444444444445,0.16728527572812396,-0.15598564959601011,0.17813467440446229,-0.02885783580907789,0,0.9146469364014076
0.029916666666666668,0.16768717132209213,-0.15706041071383928,0.17950390472032232,-0.02885783580907789,0,1.1945304262752592
0.03988888888888889,0.16864813188701072,-0.15895907643501295,0.18072453030181218,-0.02885783580907789,0,1.1556734277441223
0.049861111111111113,0.16956498616411292,-0.16079202281218224,0.18224856087587704,-0.02885783580907789,0,-0.51061847522465476
0.059833333333333336,0.16978609635240019,-0.16138975013106513,0.1846458921403839,-0.02885783580907789,0,-0.58865073855025218
0.069805555555555565,0.16946521472608561,-0.1608418185850512,0.18803834552074972,-0.02885783580907789,0,0.59252007114310401
0.079777777777777781,0.16924206110526951,-0.16032545031551698,0.19167117510380979,-0.02885783580907789,0,2.0548569082733819
0.089749999999999996,0.16923394711835277,-0.16032950517004718,0.19483232591250013,-0.02885783580907789,0,1.9699817716745709
0.099722222222222226,0.16917904754624827,-0.16041094603842618,0.19770019464538724,-0.02885783580907789,0,2.3364228175551083
0.10969444444444446,0.16909088325423866,-0.1604109483240839,0.20066041399090664,-0.02885783580907789,0,2.8315968183452687
0.11966666666666667,0.16909165850666136,-0.16062743768354412,0.20352499918531133,-0.02885783580907789,0,2.8266302685530005
0.12963888888888889,0.16914965352828129,-0.16125843388697866,0.20578442203772221,-0.02885783580907789,0,2.5732588688621201
0.13961111111111113,0.16923071094955322,-0.16229281552997399,0.20721146170897195,-0.02885783580907789,0,2.8806689058849826
0.14958333333333335,0.16937307921987502,-0.16369561251364639,0.20794003452834134,-0.02885783580907789,0,3.3523818764247526
0.15955555555555556,0.16953928876966268,-0.16533544612727222,0.20831765589993986,-0.02885783580907789,0,2.7374740881028425
0.16952777777777778,0.16951679345873133,-0.16673643869778984,0.20893628507136219,-0.02885783580907789,0,2.3966904030393499
0.17949999999999999,0.16919355256025392,-0.16758540495987245,0.210055179817801,-0.02885783580907789,0,2.3716722674309567
0.18947222222222224,0.16875951859064278,-0.1682692784075972,0.2110744523276549,-0.02885783580907789,0,2.4734821115992207
0.19944444444444445,0.16827470535740424,-0.16904785280424786,0.21151347902004392,-0.028857835809973462,0,2.330419180356182
0.20941666666666667,0.16746813642128819,-0.16949006068807101,0.21182419465501506,-0.028857835809973462,0,2.5999903472225081
0.21938888888888891,0.16611631179444347,-0.16915398248609551,0.21254199792487152,-0.028857835809973462,0,2.1034643851651018
0.22936111111111113,0.16415228577240085,-0.16790660900775628,0.21360317183310631,-0.028857835809973462,0,2.6017859530391445
0.23933333333333334,0.16196668083518417,-0.16641199185148317,0.2145212382826385,-0.028857835809973462,0,5.2667635496359537
0.24930555555555556,0.16035055735859335,-0.16595413319624708,0.21483767615893826,-0.028857835809973462,0,4.8815798921600759
0.25927777777777777,0.15905596710935818,-0.16602469707677339,0.21495147478403948,-0.028857835809973462,0,0.49819716129014724
0.26924999999999999,0.1567170227207916,-0.16433487221699503,0.21585447020121626,-0.028857835809973462,0,-0.22188693615379096
0.27922222222222226,0.15273948835356893,-0.16012682137614404,0.21772820654515868,-0.028857835809973462,0,4.2987832597931313
0.28919444444444448,0.14762199868140713,-0.15457284808379498,0.21989270733048291,-0.028857835809973462,0,6.3673282258664585
0.29916666666666669,0.14187476875550131,-0.14857551718477219,0.22184346860382481,-0.028857835809973462,0,4.9755138989988943
0.30913888888888891,0.13601173640201084,-0.14264169312544814,0.22342944445167107,-0.028857835809973462,0,4.4475406522345153
0.31911111111111112,0.13064265652940282,-0.13749552905415266,0.22449466850395886,-0.028857835809973462,0,4.4795248136960648
0.32908333333333334,0.12545261522332377,-0.13278939126242054,0.22510634724671388,-0.028857835809973462,0,4.0914793157961666
0.33905555555555555,0.1197928543785149,-0.12764286708588832,0.22556475012143812,-0.028857835809973462,0,4.1425549332764211
0.34902777777777777,0.11469310293595798,-0.12334222144358489,0.22578871864791875,-0.028857835809973462,0,4.9272214431681087
0.35899999999999999,0.11195601125068605,-0.12221111723287312,0.22537720073245421,-0.028857835809973462,0,3.4036292518880393
0.36897222222222226,0.11004503059416476,-0.12216878736959082,0.22494079287700255,-0.028857835809973462,0,-0.74076758249268426
0.37894444444444447,0.10363283882081172,-0.11620261309108046,0.22638032367812017,-0.028857835809973462,0,-0.21220508083929923
0.38891666666666669,0.092931023453290157,-0.10479762296297132,0.22923499512806214,-0.028857835809973462,0,7.9528992970263435
0.3988888888888889,0.086044837141682859,-0.099063806998258064,0.22987540643783372,-0.028857835811137603,0,8.6406555885020992
0.40886111111111112,0.085565334910340921,-0.10268601847678512,0.22710527535978273,-0.028857835811137603,0,3.864157563998726
0.41883333333333334,0.086239868462052824,-0.10857438733952615,0.2230186622661198,-0.028857835811137603,0,1.6420567558348418
0.42880555555555555,0.085294907153352542,-0.11286365781560047,0.21886669485810414,-0.028857835811137603,0,2.4722683681698552
0.43877777777777782,0.083462697535146166,-0.11654672622846758,0.2146372849165207,-0.028857835811137603,0,2.8005380287284143
0.44875000000000004,0.080887468960857897,-0.11987996060580887,0.21030514473088388,-0.028857835811137603,0,3.1823879751754824
0.45872222222222225,0.077061356642247239,-0.12220699410119439,0.20584432094623242,-0.028857835811137603,0,3.5234719459417456
0.46869444444444447,0.072008482367882987,-0.12345649079263447,0.2012578069258118,-0.028857835811137603,0,2.8762573795079103
0.47866666666666668,0.066287486712121757,-0.12417658429996258,0.19655694448123689,-0.028857835811137603,0,1.2537349340259976
0.4886388888888889,0.060555195678999751,-0.12521590147528036,0.19146884244533122,-0.028857835811137603,0,1.537467692133379
0.49861111111111112,0.055263256361929747,-0.12720337230187267,0.18579733082746758,-0.028857835811137603,0,3.6576385350562779
0.50858333333333339,0.050305033556264075,-0.1298203103068068,0.17994289339610481,-0.028857835811137603,0,4.29818989628225
0.51855555555555555,0.045339372414732182,-0.13236156280980368,0.17440066931962345,-0.028857835811137603,0,3.4329872080862005
0.52852777777777782,0.040640715427410518,-0.13502274378538276,0.16927109829552081,-0.028857835811137603,0,2.9165963830540811
0.53849999999999998,0.036792993533341707,-0.13850172442550029,0.16473671057280279,-0.028857835811137603,0,2.4406503334495602
0.54847222222222225,0.033683334764293527,-0.14255254178797408,0.16144470395756308,-0.028857835811137603,0,1.6329997216893353
0.55844444444444452,0.030773111273215862,-0.1463007794692823,0.15973558931926776,-0.028857835811137603,0,1.2442532536811477
0.56841666666666668,0.027947963335131876,-0.14956355953611367,0.15916236039473775,-0.028857835811137603,0,2.1782909712771028
0.57838888888888895,0.025324567918505399,-0.15256276126370671,0.15953663896630335,-0.028857835811137603,0,4.1230995807292663
0.58836111111111111,0.022856216374570502,-0.1552688880785493,0.16111515559207717,-0.028857835811137603,0,4.7994600928508993
0.59833333333333338,0.020616064156557139,-0.15795534142168657,0.16367189606517432,-0.028857835813779213,0,3.7869329291661167
0.60830555555555554,0.018839365587759158,-0.16124405469540976,0.16668942041975421,-0.028857835813779213,0,3.3008698685143205
0.61827777777777781,0.017368441435108562,-0.16507694459370384,0.1698421619659195,-0.028857835813779213,0,4.133146736076565
0.62824999999999998,0.015619585307203084,-0.16868398226352035,0.17298887605791088,-0.028857835813779213,0,5.118437940290935
0.63822222222222225,0.013463064355557244,-0.17201410063200689,0.17607119138157365,-0.028857835813779213,0,5.1912555149240509
0.64819444444444452,0.011559747283261285,-0.17627497696548053,0.1786740879442045,-0.028857835813779213,0,4.9528125520798287
0.65816666666666668,0.010383633028708771,-0.18247206322878984,0.18000920228237527,-0.028857835813779213,0,5.5044124871844406
0.66813888888888895,0.0094214101445307535,-0.18996351983652796,0.17994530978804099,-0.028857835813779213,0,6.1993676201933958
0.67811111111111111,0.007902985209594416,-0.19728602326453307,0.17937021937576161,-0.028857835813779213,0,5.7771628775206167
0.68808333333333338,0.0059307732473292425,-0.20411719063456416,0.17906507509447078,-0.028857835813779213,0,4.457434306926956
0.69805555555555554,0.0040911446133480005,-0.21108834581190719,0.17923211801979991,-0.028857835813779213,0,3.5470769895339354
0.70802777777777781,0.0023254026704059962,-0.21801560694241323,0.18022884620722066,-0.028857835813779213,0,3.0634071229698581
0.71799999999999997,9.5563869763996834e-05,-0.22376027717832644,0.18295977307824299,-0.028857835813779213,0,1.3860290605375853
0.72797222222222224,-0.0028740206673150944,-0.22734467438332964,0.18849087213586932,-0.028857835813779213,41.320718170696637,-0.75064282408590266
0.73794444444444451,-0.0067684787171769997,-0.22844475944691306,0.19711659211542185,-0.028857835813779213,64.714258308753287,0.14943863236942256
0.74791666666666667,-0.011977831923633029,-0.22712287213005397,0.20814406511421082,-0.028857835813779213,100.29194754599756,3.4866519182998017
0.75788888888888895,-0.018937940071461348,-0.22307118172282681,0.22119667008470115,-0.028857835813779213,138.96100427177186,3.4282093615641847
0.76786111111111111,-0.027728465573105064,-0.21570071381970721,0.23701878349407932,-0.028857835813779213,180.94938237412865,-0.0173910034674023
0.77783333333333338,-0.03760764183871855,-0.2053473686201647,0.25644737149805563,-0.028857835813779213,227.73131002859625,-2.2152093701756232
0.78780555555555554,-0.047523640382464538,-0.19289861089392168,0.27969262470758366,-0.028857835813779213,278.48451856107539,-3.0568292527269083
0.79777777777777781,-0.057019060961620426,-0.17807727022652592,0.30755443487883938,-0.02885783581713398,332.50176547268063,-3.6859524978029388
0.80775000000000008,-0.06602371228392534,-0.15945925348045217,0.34167762997029927,-0.02885783581713398,388.91538065372583,-4.3974907491492754
0.81772222222222224,-0.074339174761755958,-0.1359570920052868,0.38264514889420276,-0.02885783581713398,445.99410842478653,-5.4696487074223992
0.82769444444444451,-0.081778396785638502,-0.10740627258624982,0.42945712788627316,-0.02885783581713398,501.20493044670388,-1.8333061636170029
0.83766666666666667,-0.088804592572076679,-0.073472021836871917,0.48143612491386045,-0.02885783581713398,551.89978082105529,9.3927485087438392
0.84763888888888894,-0.096292063031808151,-0.033458909667228039,0.53959449317839936,-0.02885783581713398,596.14343334396619,20.331171805557283
0.8576111111111111,-0.10390343559781742,0.011644875537350267,0.60526679532320793,-0.02885783581713398,632.97898312944153,27.337363488922065
0.86758333333333337,-0.11119611533461109,0.06101263580525039,0.67914699600229533,-0.02885783581713398,662.13760112993691,33.280243265641019
0.87755555555555564,-0.11950282246077508,0.11640317558777286,0.76170653230893759,-0.02885783581713398,683.72241916737221,34.937099941099838
0.8875277777777778,-0.12756979570075788,0.17492242999809537,0.85086986799561992,-0.02885783581713398,698.16277765101154,30.723483483744978
0.89750000000000008,-0.13088471957875475,0.22845750297952266,0.94218890458938342,-0.02885783581713398,706.23231793786658,24.19812403192272
0.90747222222222224,-0.12950729102385261,0.27624439248229954,1.0338103194013279,-0.02885783581713398,708.87611549836708,16.450132566480594
0.91744444444444451,-0.1277347080048957,0.32417445303255765,1.1262557894775413,-0.02885783581713398,706.94874708548264,7.8230430446940957
0.92741666666666667,-0.12732922586250847,0.37451733429209916,1.2186464992339983,-0.02885783581713398,701.07107590474516,-2.0051696852416931
0.93738888888888894,-0.12775573784698907,0.42613763862396764,1.3087046483478229,-0.02885783581713398,691.64631497780579,-12.447420802737732
0.9473611111111111,-0.12886796046302623,0.47814629610499021,1.3941038758687969,-0.02885783581713398,678.97025579982073,-21.936714525287535
0.95733333333333337,-0.13071994460486411,0.53022758183458762,1.4731439899248189,-0.02885783581713398,663.35335967909896,-30.236231642475559
0.96730555555555564,-0.13297923839462444,0.58200714107369844,1.5449166183040066,-0.02885783581713398,645.1855918504607,-37.425930026817284
0.9772777777777778,-0.13538742410677254,0.63272236890522549,1.6087649040940775,-0.02885783581713398,624.92611465608661,-42.900892201216095
0.98725000000000007,-0.13849004914209648,0.68247272662457892,1.6642424135512686,-0.02885783581713398,603.07130524467254,-25.559892830722525
0.99722222222222223,-0.14293600923738406,0.73227741868362506,1.7113835989984734,-0.02885783582103198,580.17940989101635,-24.717688264706922
1.0071944444444445,-0.14776118848776199,0.78110699301257691,1.7499969015360903,-0.02885783582103198,556.97827876628878,-25.84831811566432
1.0171666666666668,-0.15081310171389509,0.82570041825181528,1.779244621426791,-0.02885783582103198,534.49058054697809,-27.549702210177401
1.0271388888888888,-0.15169626714064363,0.8648578680675445,1.798717652134141,-0.02885783582103198,514.03076928377709,-27.088132638259236
1.0371111111111111,-0.15198584490422229,0.9003452196644004,1.8089778200069218,-0.02885783582103198,497.00466214429116,-25.810540427059571
1.0470833333333334,-0.15250392521723954,0.93345289088272709,1.8107499856494214,-0.02885783582103198,484.65514393646959,-25.997783266685175
1.0570555555555556,-0.15323253275335585,0.96441496811983107,1.8043973375195603,-0.02885783582103198,477.89332727767317,-25.279662017404362
1.0670277777777779,-0.15465682622701948,0.99344663016852586,1.7899145145803219,-0.02885783582103198,477.19430250942304,-21.406639114497594
1.077,-0.15699555565657308,1.0199693505113461,1.7672708264524501,-0.02885783582103198,482.57513577084842,-17.311628427741148
1.0869722222222222,-0.15987297648857832,1.0431236285288159,1.7370542197448526,-0.02885783582103198,493.68641425470543,-14.964606730731564
1.0969444444444445,-0.16296713329837037,1.0626486682926854,1.7002192427422185,-0.02885783582103198,509.89216131398905,-10.918070089691426
1.1069166666666668,-0.16552123606980396,1.0775527326770391,1.657414795733442,-0.02885783582103198,530.25249293541015,-1.1485037314042792
1.116888888888889,-0.16651700438921507,1.0860766154765715,1.6094212505463756,-0.02885783582103198,553.47888441815962,10.940627610547605
1.1268611111111111,-0.16634169924200234,1.0884166620711946,1.5578718688984392,-0.02885783582103198,577.86424714580721,22.083363221564532
1.1368333333333334,-0.1663592940731668,1.0866180934681262,1.5051078485871101,-0.02885783582103198,601.182548666701,35.469122862956326
1.1468055555555556,-0.16605383098823193,1.0807313867417629,1.4536656592609909,-0.02885783582103198,620.76262543908535,50.108728815264442
1.1567777777777779,-0.16483719733157653,1.0705738085443086,1.4059676975931275,-0.02885783582103198,633.858074718951,59.793478029559665
1.16675,-0.16200056476437011,1.0559568845350684,1.3638452777574048,-0.02885783582103198,638.06852276447194,67.186811234030628
1.1767222222222222,-0.15294925031270254,1.0320049868425587,1.3280668726518083,-0.02885783582103198,631.5447611457563,67.814109605128408
1.1866944444444445,-0.13891137448627547,1.0000941837311426,1.2984529059796657,-0.02885783582103198,603.48513354038619,53.215247114627232
1.1966666666666668,-0.12838513541798546,0.96975353428448119,1.2730620911277131,-0.028857835825403969,581.72480937513376,145.30297193908837
1.206638888888889,-0.12117615895360402,0.93980779005499548,1.2477098847785855,-0.028857835825403969,583.78079837978316,148.37331294422202
1.2166111111111111,-0.11287860937556701,0.90436998042956906,1.219525850578254,-0.028857835825403969,577.46705405514194,23.638060946421703
1.2265833333333334,-0.10564300988039878,0.86652566244541029,1.1904391686187621,-0.028857835825403969,594.4518300225036,21.138986003804867
1.2365555555555556,-0.10136574047154019,0.83091424293109462,1.1644904675991301,-0.028857835825403969,615.3438343599654,3.8778173672953677
1.2465277777777779,-0.099470116749287379,0.79971699591725776,1.1428690698934283,-0.028857835825403969,633.42528627343768,-26.509744022658637
1.2565,-0.099709637290792685,0.77465134197693497,1.1240068223658386,-0.028857835825403969,648.11217411014286,-43.977070279358045
1.2664722222222222,-0.10121573542836082,0.75566480398133218,1.1074554291608401,-0.028857835825403969,656.88338229511714,-44.270751159932182
1.2764444444444445,-0.10245814393520095,0.74072865907533991,1.0944796576984457,-0.028857835825403969,660.83238067473042,-48.95305597892721
1.2864166666666668,-0.10237851349454812,0.72739617328082662,1.085217456463166,-0.028857835825403969,670.95901512892749,-61.530125346607335
1.296388888888889,-0.10107315298836066,0.71427155165615486,1.0778599719293436,-0.028857835825403969,675.16068344345695,-71.610082576564565
1.3063611111111111,-0.098588946875441105,0.70017699189845517,1.0703948828195211,-0.028857835825403969,683.09080568393597,-75.198931161114047
1.3163333333333334,-0.094208200142005594,0.68350181654328901,1.0620276341396513,-0.028857835825403969,699.04312189294967,-77.220451583316404
1.3263055555555556,-0.08769912362518803,0.66385971586963499,1.0529230388680317,-0.028857835825403969,711.37281206190119,-78.728959627472875
1.3362777777777779,-0.079875145015403978,0.64221620856031836,1.0430341290883698,-0.028857835825403969,720.04946295467698,-81.148944530708249
1.3462499999999999,-0.073299639709031292,0.6215859833933024,1.0324770848982934,-0.028857835825403969,724.5438922699185,-83.030098281140667
1.3562222222222222,-0.071191850488009759,0.60604662575748636,1.0223086641889547,-0.028857835825403969,724.54544616378473,-80.727789398622988
1.3661944444444445,-0.072770950843882951,0.59476218743218201,1.0126918887046863,-0.028857835825403969,720.31549553739501,-76.91665870822429
1.3761666666666668,-0.074149145126548313,0.58291893320279475,1.0022046309595591,-0.028857835825403969,712.58003841642994,-73.659619674833436
1.386138888888889,-0.074443840015136736,0.56942872935161859,0.99041041361480109,-0.028857835825403969,702.23829679811911,-70.039339056039552
1.3961111111111111,-0.075795311206464544,0.55685283383163808,0.97823038528388362,-0.028857835828526357,690.13698861907028,-67.499226843688703
1.4060833333333334,-0.079035895206274784,0.54610764239905452,0.9658999357801894,-0.028857835828526357,676.94395650309639,-65.171891792050602
1.4160555555555556,-0.082976755076285075,0.53587123890861665,0.95311182473582934,-0.028857835828526357,663.11878938393716,-61.531416637667235
1.4260277777777779,-0.086290224310726305,0.52489723068691718,0.94015011969894569,-0.028857835828526357,649.04507179632083,-56.969686915060066
1.4359999999999999,-0.088803394111371739,0.51313239418476297,0.92744027679869501,-0.028857835828526357,635.26658167319056,-54.880288063762464
1.4459722222222222,-0.091325121283953967,0.50154118884471133,0.9150215031306248,-0.028857835828526357,622.61024594010814,-53.843831099504584
1.4559444444444445,-0.094331373578674826,0.49067056115036078,0.902730600551642,-0.028857835828526357,612.06240092705389,-50.866189405487106
1.4659166666666668,-0.097345042882442404,0.4796039282905219,0.88998549576668229,-0.028857835828526357,604.50654798311189,-47.659507916015727
1.475888888888889,-0.099730675479689376,0.46704960256937694,0.87594423327618742,-0.028857835828526357,600.53346945694875,-46.780574352727761
1.4858611111111111,-0.10145630018871497,0.45290496928045931,0.86041802743244267,-0.028857835828526357,600.39043937027145,-46.120916648049217
1.4958333333333333,-0.10332147401397145,0.43841580372017575,0.84405512378793246,-0.028857835828526357,604.02361514886593,-44.522928475490914
1.5058055555555556,-0.10613063480961414,0.42473749909927011,0.8274493218834984,-0.028857835828526357,611.22121075770156,-43.63678138463942
1.5157777777777779,-0.1096419782431597,0.41166719401601992,0.81045015432709189,-0.028857835828526357,621.75247612283852,-44.029119761751893
1.5257500000000002,-0.11331486571937795,0.39861499200815681,0.79273918867009374,-0.028857835828526357,635.26055518576209,-43.462418722720969
1.5357222222222222,-0.11684182859749245,0.38502800558375477,0.77432974130899879,-0.028857835828526357,650.98402815781901,-39.620998927630779
1.5456944444444445,-0.11943555947981113,0.36949766727810834,0.75483753819276078,-0.028857835828526357,667.6399592449452,-38.476346142011508
1.5556666666666668,-0.12077345270722138,0.35160118523786427,0.73353661610644627,-0.028857835828526357,683.53351142365386,-40.199677408431683
1.565638888888889,-0.12190853808252552,0.33309508933052434,0.71073018365469909,-0.028857835828526357,696.78672286320375,-39.823512463731156
1.5756111111111111,-0.12338982546592228,0.31527136033912617,0.68772116041434994,-0.028857835828526357,705.59423769984699,-35.730895679699756
1.5855833333333333,-0.1247803723876659,0.29810073539308846,0.66557199718793381,-0.028857835828526357,708.28258440191416,-30.50087794762598
1.5955555555555556,-0.12573816346775821,0.28157464347403466,0.64495064396220658,-0.028857835831398667,703.10947496691256,-26.277044205630368
1.6055277777777779,-0.12570551810640515,0.26539361879490053,0.62637883120156324,-0.028857835831398667,688.0612434734312,-23.319263396627512
1.6155000000000002,-0.12410625098321378,0.24914801799590863,0.61014832182531642,-0.028857835831398667,660.84312689834769,-20.102005492745104
1.6254722222222222,-0.12109370619030645,0.23331392947813612,0.59657575896511894,-0.028857835831398667,631.16813525339148,-17.110917908370354
1.6354444444444445,-0.11721399590124039,0.21898829132937184,0.58623593489375536,-0.028857835831398667,598.32305230603208,-16.235856237395524
1.6454166666666667,-0.11285819329017192,0.20723494010121857,0.57975699751633736,-0.028857835831398667,570.85364430115624,-15.710256580262895
1.655388888888889,-0.10815457771403471,0.19879616419732096,0.57767742378607734,-0.028857835831398667,544.45378038231229,-8.8292423209073636
1.6653611111111111,-0.10351441701143439,0.19443535848788895,0.58105856396908284,-0.028857835831398667,521.85476276222903,3.1655941126108011
1.6753333333333333,-0.099658183464533451,0.19537879198439201,0.59211862867577802,-0.028857835831398667,505.45064301548382,8.8227372797337846
1.6853055555555556,-0.096715934606255272,0.20287058612609732,0.61347822559238419,-0.028857835831398667,499.267818306621,12.671275742429376
1.6952777777777779,-0.094176465346590091,0.21710786352371431,0.64699177082768866,-0.028857835831398667,521.60595762946741,23.739453190622744
1.7052500000000002,-0.091304031360371254,0.23688529852882714,0.69364616457302586,-0.028857835831398667,540.3553051681838,36.160622625900352
1.7152222222222222,-0.087440165452596363,0.26046659384386234,0.75351706871259705,-0.028857835831398667,571.17104728633569,34.050270506409532
1.7251944444444445,-0.082154352820092078,0.28642594013539424,0.82507865490266108,-0.028857835831398667,618.7518821075638,28.764777879325251
1.7351666666666667,-0.0754356542535672,0.31394375546012282,0.90533499117263472,-0.028857835831398667,656.65847435112084,22.626089209644526
1.745138888888889,-0.067683445446476753,0.34259315673439578,0.99111033948160931,-0.028857835831398667,685.89648274063848,20.065625805728697
1.7551111111111113,-0.058947601506142137,0.37163425820622242,1.0799857462753479,-0.028857835831398667,707.36904739796319,16.94356460132267
1.7650833333333333,-0.049341954004005081,0.40083648636419827,1.1703508246354808,-0.028857835831398667,722.59882826710702,10.398241970777747
1.7750555555555556,-0.040185686646044425,0.4315501583170962,1.2609879278353131,-0.028857835831398667,733.34953319700708,2.5191875537457911
1.7850277777777779,-0.032664250066632372,0.46484397371609698,1.350411927404962,-0.028857835831398667,740.53573916765799,-4.5899042645999977
1.7950000000000002,-0.026697550141804919,0.50036750475137437,1.4367599543916747,-0.028857835834246375,744.17703201389077,-9.6572588620411572
1.8049722222222222,-0.022453331216897139,0.53803235232176616,1.5184842480927645,-0.028857835834246375,744.10423518276025,-13.422926978266439
1.8149444444444445,-0.020498631479378391,0.57815015321572527,1.5946685549304775,-0.028857835834246375,740.26389007039256,-17.469688356982878
1.8249166666666667,-0.020100812601468079,0.61975844338181807,1.664556706955705,-0.028857835834246375,732.6619517611789,-21.010350664817686
1.834888888888889,-0.019708226278714894,0.66098731853379544,1.7272430922777808,-0.028857835834246375,721.39955739218408,-24.378083346736567
1.8448611111111113,-0.01904412440157674,0.70116435600079308,1.7819635280444137,-0.028857835834246375,706.80394390440256,-28.34259140907492
1.8548333333333333,-0.018748580684123453,0.7406537745185956,1.828225804790111,-0.028857835834246375,689.52768169721162,-31.871398362331281
1.8648055555555556,-0.018683381761109025,0.77898689690821021,1.865477252986709,-0.028857835834246375,670.55830713947375,-33.991747325967964
1.8747777777777779,-0.01825028433908012,0.81503622728884595,1.8930886961762297,-0.028857835834246375,651.07927851455884,-35.641167972626555
1.8847500000000001,-0.017242289397588789,0.84816383281559771,1.9106141965890329,-0.028857835834246375,632.17219457589692,-37.428018467073016
1.8947222222222222,-0.015663307912132923,0.87814255958697651,1.9177370534616565,-0.028857835834246375,614.49204231031524,-38.292390091310708
1.9046944444444445,-0.013760069815484189,0.90503628826519089,1.9143600950546569,-0.028857835834246375,598.17893135498343,-35.502163251387927
1.9146666666666667,-0.012326441317210305,0.92927444388829972,1.9009360401381399,-0.028857835834246375,583.15296661038133,-30.848358281881016
1.924638888888889,-0.011767312988011966,0.95099580817579044,1.8782658257688016,-0.028857835834246375,569.56169992600212,-26.944486572621646
1.9346111111111113,-0.011652507972919939,0.96981631580400363,1.8471267658377535,-0.028857835834246375,557.9596314086649,-22.641511452167776
1.9445833333333333,-0.011682827736931797,0.98549699343209562,1.8083826246196391,-0.028857835834246375,549.057995923249,-17.131013653804761
1.9545555555555556,-0.012206830354983607,0.99812156636721072,1.7630189725392786,-0.028857835834246375,543.30004052048025,-11.671991620505779
1.9645277777777779,-0.013599171753445665,1.0077912287623554,1.7120341208837531,-0.028857835834246375,540.66452401418223,-6.0383245827915033
1.9745000000000001,-0.015369739103764801,1.0141161038860438,1.6565117572211439,-0.028857835834246375,540.82196782365463,0.19713231792020913
1.9844722222222222,-0.016366329114416111,1.0160208708144396,1.5972747953563002,-0.028857835834246375,543.39506618873338,7.1544780170369702
1.9944444444444445,-0.016194784772849621,1.012968565291922,1.5348706650009953,-0.028857835835782168,548.0841775219842,152.468386703314
2.0044166666666667,-0.015476985236257266,1.0056273200751775,1.4707062181939707,-0.028857835835782168,554.63871475314886,123.67597275164275
2.014388888888889,-0.014199625750345151,0.99439992462712734,1.407392537344371,-0.028857835835782168,562.68607040315158,103.33802096123472
2.0243611111111113,-0.011601925264539537,0.97891739571988379,1.3475192605120516,-0.028857835835782168,571.4885205025256,88.181397301249433
2.0343333333333335,-0.0072422411353634088,0.95917589176841889,1.292812408618792,-0.028857835835782168,579.82485106707122,77.255729539311488
2.0443055555555558,-0.00071780191679439703,0.93536572948661478,1.2445169441289501,-0.028857835835782168,586.06070716700947,69.490246596570955
2.0542777777777776,0.0083785793456826671,0.90764282775694727,1.2038308247107798,-0.028857835835782168,588.33053478770103,62.448301279550215
2.0642499999999999,0.019013705541257808,0.87740365799882536,1.1712977734118888,-0.028857835835782168,584.81658961220796,53.213432823109819
2.0742222222222222,0.029121791437012601,0.84659449798882003,1.1457091121390561,-0.028857835835782168,574.05891293274294,41.988511795919585
2.0841944444444445,0.037673750620385915,0.81576851900945002,1.1246999046654653,-0.028857835835782168,555.11280440180531,29.413864893310802
2.0941666666666667,0.044871304697743648,0.78492974261433734,1.1066549489244903,-0.028857835835782168,527.4852295158455,11.818467194685052
2.104138888888889,0.051126826692678394,0.75507754551861128,1.0908307152928733,-0.028857835835782168,490.99349776523763,-10.558382016671475
2.1141111111111113,0.056333365936586423,0.72816054467636371,1.0763634553320796,-0.028857835835782168,445.76308356995179,-23.066624326856996
2.1240833333333335,0.060237594263382536,0.70554603115448289,1.0626716705293309,-0.028857835835782168,392.51738030560443,-14.675735179704859
2.1340555555555558,0.063431575346907812,0.68648793347140102,1.0502166178635821,-0.028857835835782168,332.97278650795306,1.85882101190015
2.1440277777777776,0.066212861856519159,0.6698141767906346,1.0395114325797903,-0.028857835835782168,269.90170545514513,8.309666263446049
2.1539999999999999,0.067684110648216222,0.65556080970414032,1.0299079089372136,-0.028857835835782168,207.19271334835855,3.8308475435399236
2.1639722222222222,0.068137134173213001,0.64281638051360446,1.0207171860163313,-0.028857835835782168,149.3028807914107,-3.5822540526509128
2.1739444444444445,0.069297938786431201,0.629674628181354,1.0121422032723302,-0.028857835835782168,98.173356273102655,-2.6385719498315305
2.1839166666666667,0.070532414356844472,0.61646574796651266,1.003980170112492,-0.028857835835782168,55.753909031707337,-1.855904897268136
2.193888888888889,0.069462700929043386,0.60592600038229627,0.9962314368950701,-0.028857835836449255,30.470327266694824,-27.349687043480909
2.2038611111111113,0.067067420165888916,0.60046422605608907,0.99109984727801281,-0.028857835836449255,0,0
