0	0.0	1
1	1.585	1
2	3.6533333333333333	1
3	4.155	1
4	4.668333333333333	1
5	5.158333333333333	1
6	5.64	1
7	6.126666666666667	1
8	6.613333333333333	1
9	7.091666666666667	1
10	7.608333333333333	1
11	8.123333333333333	1
12	8.636666666666667	1
13	9.148333333333333	1
14	9.673333333333334	1
15	10.208333333333334	1
16	10.785	1
17	11.37	1
18	11.948333333333334	1
19	12.526666666666667	1
20	13.105	1
21	13.683333333333334	1
22	14.261666666666667	1
23	14.841666666666667	1
24	15.421666666666667	1
25	16.001666666666665	1
26	16.58	1
27	17.158333333333335	1
28	17.743333333333332	1
29	18.321666666666665	1
30	18.9	1
31	19.483333333333334	1
32	20.065	1
33	20.645	1
34	21.22833333333333	1
35	21.811666666666667	1
36	22.393333333333334	1
37	22.976666666666667	1
38	23.56	1
39	24.141666666666666	1
40	24.72	1
41	25.3	1
42	25.885	1
43	26.468333333333334	1
44	27.05	1
45	27.638333333333332	1
46	28.223333333333333	1
47	28.80666666666667	1
48	29.391666666666666	1
49	29.975	1
50	30.553333333333335	1
51	31.133333333333333	1
52	31.716666666666665	1
53	32.29333333333334	1
54	32.85166666666667	1
55	33.41	1
56	33.96666666666667	1
57	34.526666666666664	1
58	35.085	1
59	35.64666666666667	1
60	36.20666666666666	1
61	36.76833333333333	1
62	37.33	1
63	37.89333333333333	1
64	38.455	1
65	39.01833333333333	1
66	39.57666666666667	1
67	40.13666666666666	1
68	40.69833333333333	1
69	41.25833333333333	1
70	41.82333333333333	1
71	42.38666666666666	1
72	42.95166666666667	1
73	43.516666666666666	1
74	44.083333333333336	1
75	44.65	1
76	45.21666666666667	1
77	45.785	1
78	46.35333333333333	1
79	46.91833333333334	1
80	47.48166666666667	1
81	48.04666666666667	1
82	48.61	1
83	49.17333333333333	1
84	49.74	1
85	50.30833333333333	1
86	50.875	1
87	51.44166666666667	1
88	52.01	1
89	52.57666666666667	1
90	53.145	1
91	53.711666666666666	1
92	54.278333333333336	1
93	54.84166666666667	1
94	55.406666666666666	1
95	55.97	1
96	56.535	1
97	57.10166666666667	1
98	57.66833333333334	1
99	58.235	1
100	58.803333333333335	1
101	59.37166666666667	1
102	59.93833333333333	1
103	60.50666666666667	1
104	61.075	1
105	61.641666666666666	1
106	62.20666666666666	1
107	62.77166666666667	1
108	63.335	1
109	63.9	1
110	64.46666666666667	1
111	65.03333333333333	1
112	65.60166666666667	1
113	66.17	1
114	66.73666666666666	1
115	67.30333333333333	1
116	67.87166666666667	1
117	68.44	1
118	69.01	1
119	69.57833333333333	1
120	70.145	1
121	70.71166666666667	1
122	71.27666666666667	1
123	71.84333333333333	1
124	72.41166666666666	1
125	72.98	1
126	73.54666666666667	1
127	74.115	1
128	74.685	1
129	75.25166666666667	1
130	75.82	1
131	76.38833333333334	1
132	76.95666666666666	1
133	77.52333333333333	1
134	78.09666666666666	1
135	78.66833333333334	1
136	79.24166666666666	1
137	79.81666666666666	1
138	80.39333333333333	1
139	80.96666666666667	1
140	81.54	1
141	82.115	1
142	82.69	1
143	83.265	1
144	83.83833333333334	1
145	84.41166666666666	1
146	84.98333333333333	1
147	85.55166666666666	1
148	86.12166666666667	1
149	86.69	1
150	87.26166666666667	1
151	87.83166666666666	1
152	88.405	1
153	88.975	1
154	89.54666666666667	1
155	90.11833333333334	1
156	90.68833333333333	1
157	91.26	1
158	91.83	1
159	92.40333333333334	1
160	92.97166666666666	1
161	93.53833333333333	1
162	94.105	1
163	94.67166666666667	1
164	95.24	1
165	95.81166666666667	1
166	96.38	1
167	96.95	1
168	97.52	1
169	98.08833333333334	1
170	98.65833333333333	1
171	99.22666666666667	1
172	99.79666666666667	1
173	100.36166666666666	1
174	100.92666666666666	1
175	101.49333333333334	1
176	102.05833333333334	1
177	102.62666666666667	1
178	103.195	1
179	103.76333333333334	1
180	104.33166666666666	1
181	104.90166666666667	1
182	105.47	1
183	106.03833333333333	1
184	106.60333333333334	1
185	107.17333333333333	1
186	107.73833333333333	1
187	108.30333333333333	1
188	108.86833333333334	1
189	109.43166666666667	1
190	109.99833333333333	1
191	110.565	1
192	111.13333333333334	1
193	111.7	1
194	112.265	1
195	112.83333333333333	1
196	113.40166666666667	1
197	113.96666666666667	1
198	114.53666666666666	1
199	115.10333333333334	1
200	115.66833333333334	1
201	116.23166666666667	1
202	116.795	1
203	117.35833333333333	1
204	117.925	1
205	118.49333333333334	1
206	119.06	1
207	119.62833333333333	1
208	120.195	1
209	120.76166666666667	1
210	121.32666666666667	1
211	121.89333333333333	1
212	122.46	1
213	123.02166666666666	1
214	123.57666666666667	1
215	124.13333333333334	1
216	124.69	1
217	125.24833333333333	1
218	125.80833333333334	1
219	126.37333333333333	1
220	126.945	1
221	127.515	1
222	128.08666666666667	1
223	128.66166666666666	1
224	129.23666666666668	1
225	129.81166666666667	1
226	130.38666666666666	1
227	130.95833333333334	1
228	131.53	1
229	132.10166666666666	1
230	132.67333333333335	1
231	133.24833333333333	1
232	133.82	1
233	134.39166666666668	1
234	134.96333333333334	1
235	135.53	1
236	136.095	1
237	136.66333333333333	1
238	137.23	1
239	137.79666666666665	1
240	138.35666666666665	1
241	138.91833333333332	1
242	139.48	1
243	140.04	1
244	140.60333333333332	1
245	141.16833333333332	1
246	141.73333333333332	1
247	142.29666666666665	1
248	142.86166666666668	1
249	143.42666666666668	1
250	143.99	1
251	144.55666666666667	1
252	145.12	1
253	145.68166666666667	1
254	146.245	1
255	146.81	1
256	147.37166666666667	1
257	147.93833333333333	1
258	148.50166666666667	1
259	149.07	1
260	149.63333333333333	1
261	150.19666666666666	1
262	150.75666666666666	1
263	151.32333333333332	1
264	151.88666666666666	1
265	152.45	1
266	153.01166666666666	1
267	153.57	1
268	154.13166666666666	1
269	154.69333333333333	1
270	155.25166666666667	1
271	155.81666666666666	1
272	156.37833333333333	1
273	156.94333333333333	1
274	157.50666666666666	1
275	158.07	1
276	158.635	1
277	159.2	1
278	159.76333333333332	1
279	160.32333333333332	1
280	160.885	1
281	161.44333333333333	1
282	162.00166666666667	1
283	162.56	1
284	163.12166666666667	1
285	163.68333333333334	1
286	164.245	1
287	164.805	1
288	165.37166666666667	1
289	165.93666666666667	1
290	166.50333333333333	1
291	167.06833333333333	1
292	167.635	1
293	168.2	1
294	168.755	1
295	169.30166666666668	1
296	169.84833333333333	1
297	170.40333333333334	1
298	170.96166666666667	1
299	171.52666666666667	1
300	172.09166666666667	1
301	172.655	1
302	173.22	1
303	173.78666666666666	1
304	174.34833333333333	1
305	174.91333333333333	1
306	175.47666666666666	1
307	176.03666666666666	1
308	176.59833333333333	1
309	177.16	1
310	177.72	1
311	178.285	1
312	178.85	1
313	180.775	1
314	181.35833333333332	1
315	181.92833333333334	1
316	182.49833333333333	1
317	183.06666666666666	1
318	183.63333333333333	1
319	184.20166666666665	1
320	184.76666666666668	1
321	185.33	1
322	185.895	1
323	186.46	1
324	187.025	1
325	187.59166666666667	1
326	188.15833333333333	1
327	188.72666666666666	1
328	189.29333333333332	1
329	189.85833333333332	1
330	190.42666666666668	1
331	190.98833333333334	1
332	191.55833333333334	1
333	192.12666666666667	1
334	192.69166666666666	1
335	193.255	1
336	193.81833333333333	1
337	194.385	1
338	194.95333333333335	1
339	195.52333333333334	1
340	196.095	1
341	196.66333333333333	1
342	197.23333333333332	1
343	197.80333333333334	1
344	198.37166666666667	1
345	198.94	1
346	199.50833333333333	1
347	200.07333333333332	1
348	200.63333333333333	1
349	201.18833333333333	1
350	201.745	1
351	202.3	1
352	202.855	1
353	203.42	1
354	203.98333333333332	1
355	204.54	1
356	205.1	1
357	205.65666666666667	1
358	206.19166666666666	1
359	206.735	1
360	207.27666666666667	1
361	207.81333333333333	1
362	208.35	1
363	208.88666666666666	1
364	209.42166666666665	1
365	209.96166666666667	1
366	210.50166666666667	1
367	211.045	1
368	211.59166666666667	1
369	212.14	1
370	212.68833333333333	1
371	213.23166666666665	1
372	213.77666666666667	1
373	214.32	1
374	214.85833333333332	1
375	215.4	1
376	215.94333333333333	1
377	216.49	1
378	217.05833333333334	1
379	217.615	1
380	218.17833333333334	1
381	218.73166666666665	1
382	219.29166666666666	1
383	219.83833333333334	1
384	220.36666666666667	1
385	220.88833333333332	1
386	221.41166666666666	1
387	221.99	1
388	222.575	1
389	223.15666666666667	1
390	223.73333333333332	1
391	224.31333333333333	1
392	224.89	1
393	225.465	1
394	226.03666666666666	1
395	226.61	1
396	227.18333333333334	1
397	227.75333333333333	1
398	228.31833333333333	1
399	228.88666666666666	1
400	229.45333333333335	1
401	230.02833333333334	1
402	230.6	1
403	231.17	1
404	231.73833333333334	1
405	232.31166666666667	1
406	232.88	1
407	233.44833333333332	1
408	234.01666666666668	1
409	234.585	1
410	235.15	1
411	235.71	1
412	236.275	1
413	236.835	1
414	237.38833333333332	1
415	237.94333333333333	1
416	238.495	1
417	239.04833333333335	1
418	239.60166666666666	1
419	240.15833333333333	1
420	240.72666666666666	1
421	241.3	1
422	241.885	1
423	242.46833333333333	1
424	243.055	1
425	243.63833333333332	1
426	244.21666666666667	1
427	244.79166666666666	1
428	245.36666666666667	1
429	245.94166666666666	1
430	246.515	1
431	247.08666666666667	1
432	247.66666666666666	1
433	248.24833333333333	1
434	248.84	1
435	249.44333333333333	1
436	250.03666666666666	1
437	250.63166666666666	1
438	251.16833333333332	1
439	251.69833333333332	1
440	252.23166666666665	1
441	252.76166666666666	1
442	253.29	1
443	253.815	1
444	254.34	1
445	254.87	1
446	255.39833333333334	1
447	255.925	1
448	256.45166666666665	1
449	256.97833333333335	1
450	257.505	1
451	258.03	1
452	258.5566666666667	1
453	259.08166666666665	1
454	259.6066666666667	1
455	260.12666666666667	1
456	260.65	1
457	261.17333333333335	1
458	261.69666666666666	1
459	262.2216666666667	1
460	262.74666666666667	1
461	263.27166666666665	1
462	263.7966666666667	1
463	264.32166666666666	1
464	264.845	1
465	265.37	1
466	265.895	1
467	266.42	1
468	266.95	1
469	267.4916666666667	1
470	268.03333333333336	1
471	268.575	1
472	269.12166666666667	1
473	269.6666666666667	1
474	270.2133333333333	1
475	270.76	1
476	271.30833333333334	1
477	271.855	1
478	272.4	1
479	272.94666666666666	1
480	273.4916666666667	1
481	274.03333333333336	1
482	274.5733333333333	1
483	275.11333333333334	1
484	275.655	1
485	276.1983333333333	1
486	276.74666666666667	1
487	277.29333333333335	1
488	277.84	1
489	278.38666666666666	1
490	278.93	1
491	279.4766666666667	1
492	280.02166666666665	1
493	280.56333333333333	1
494	281.105	1
495	281.64666666666665	1
496	282.18833333333333	1
497	282.71	1
498	283.22	1
499	283.73333333333335	1
500	284.245	1
501	284.7583333333333	1
502	285.27	1
503	285.7816666666667	1
504	286.29333333333335	1
505	286.805	1
506	287.31666666666666	1
507	287.8283333333333	1
508	288.33666666666664	1
509	288.8466666666667	1
510	289.3566666666667	1
511	289.86333333333334	1
512	290.37333333333333	1
513	290.885	1
514	291.39666666666665	1
515	291.9066666666667	1
516	292.41833333333335	1
517	292.9266666666667	1
518	293.43833333333333	1
519	293.9483333333333	1
520	294.46	1
521	294.97	1
522	295.475	1
523	295.98333333333335	1
524	296.49	1
525	297.0	1
526	297.51	1
527	298.02166666666665	1
528	298.53	1
529	299.0416666666667	1
530	299.55333333333334	1
531	300.06333333333333	1
532	300.575	1
533	301.08666666666664	1
534	301.5966666666667	1
535	302.10333333333335	1
536	302.6116666666667	1
537	303.12	1
538	303.63166666666666	1
539	304.14166666666665	1
540	304.6533333333333	1
541	305.165	1
542	305.6766666666667	1
543	306.18833333333333	1
544	306.6983333333333	1
545	307.21	1
546	307.7216666666667	1
547	308.23	1
548	308.7416666666667	1
549	309.25166666666667	1
550	309.76	1
551	310.27	1
552	310.7816666666667	1
553	311.2916666666667	1
554	311.805	1
555	312.315	1
556	312.8283333333333	1
557	313.34	1
558	313.85333333333335	1
559	314.365	1
560	314.875	1
561	315.38666666666666	1
562	315.8933333333333	1
563	316.4	1
564	316.90833333333336	1
565	317.42	1
566	317.9316666666667	1
567	318.4433333333333	1
568	318.955	1
569	319.46666666666664	1
570	319.97833333333335	1
571	320.49	1
572	321.00166666666667	1
573	321.515	1
574	322.02666666666664	1
575	322.53333333333336	1
576	323.04333333333335	1
577	323.5516666666667	1
578	324.06	1
579	324.57166666666666	1
580	325.0833333333333	1
581	325.5966666666667	1
582	326.1066666666667	1
583	326.62	1
584	327.13	1
585	327.6433333333333	1
586	328.155	1
587	328.6666666666667	1
588	329.18	1
589	329.68833333333333	1
590	330.1983333333333	1
591	330.70666666666665	1
592	331.2183333333333	1
593	331.73	1
594	332.2416666666667	1
595	332.75166666666667	1
596	333.2683333333333	1
597	333.79833333333335	1
598	334.3283333333333	1
599	334.8566666666667	1
600	335.38666666666666	1
601	335.915	1
602	336.44166666666666	1
603	336.96666666666664	1
604	337.49333333333334	1
605	338.02	1
606	338.54833333333335	1
607	339.0783333333333	1
608	339.6066666666667	1
609	340.13666666666666	1
610	340.665	1
611	341.195	1
612	341.72	1
613	342.25	1
614	342.78	1
615	343.3066666666667	1
616	343.8333333333333	1
617	344.35833333333335	1
618	344.8933333333333	1
619	345.4533333333333	1
620	346.015	1
621	346.57666666666665	1
622	347.13666666666666	1
623	347.69666666666666	1
624	348.25666666666666	1
625	348.81666666666666	1
626	349.37833333333333	1
627	350.7583333333333	1
