record_kind,local_q_index,global_q_index,local_v_index,global_v_index,joint_index,joint_name,dof_name,local_dof,q_index_valid
scalar_dof,0,0,0,0,4294967295,"unnamed","unnamed",0,1
scalar_dof,1,1,1,1,4294967295,"unnamed","unnamed",1,1
scalar_dof,2,2,2,2,4294967295,"unnamed","unnamed",2,1
velocity_only,,,3,3,4294967295,"unnamed","unnamed",3,0
velocity_only,,,4,4,4294967295,"unnamed","unnamed",4,0
velocity_only,,,5,5,4294967295,"unnamed","unnamed",5,0
scalar_dof,7,7,6,6,1,"unnamed","unnamed",0,1
scalar_dof,8,8,7,7,2,"unnamed","unnamed",0,1
scalar_dof,9,9,8,8,3,"unnamed","unnamed",0,1
scalar_dof,10,10,9,9,4,"unnamed","unnamed",0,1
scalar_dof,11,11,10,10,5,"unnamed","unnamed",0,1
scalar_dof,12,12,11,11,6,"unnamed","unnamed",0,1
scalar_dof,13,13,12,12,7,"unnamed","unnamed",0,1
scalar_dof,14,14,13,13,8,"unnamed","unnamed",0,1
scalar_dof,15,15,14,14,9,"unnamed","unnamed",0,1
scalar_dof,16,16,15,15,10,"unnamed","unnamed",0,1
scalar_dof,17,17,16,16,11,"unnamed","unnamed",0,1
scalar_dof,18,18,17,17,12,"unnamed","unnamed",0,1
scalar_dof,19,19,18,18,13,"unnamed","unnamed",0,1
scalar_dof,20,20,19,19,14,"unnamed","unnamed",0,1
scalar_dof,21,21,20,20,15,"unnamed","unnamed",0,1
scalar_dof,22,22,21,21,16,"unnamed","unnamed",0,1
scalar_dof,23,23,22,22,17,"unnamed","unnamed",0,1
scalar_dof,24,24,23,23,18,"unnamed","unnamed",0,1
scalar_dof,25,25,24,24,27,"unnamed","unnamed",0,1
scalar_dof,26,26,25,25,28,"unnamed","unnamed",0,1
scalar_dof,27,27,26,26,29,"unnamed","unnamed",0,1
scalar_dof,28,28,27,27,30,"unnamed","unnamed",0,1
scalar_dof,29,29,28,28,31,"unnamed","unnamed",0,1
scalar_dof,30,30,29,29,32,"unnamed","unnamed",0,1
scalar_dof,31,31,30,30,33,"unnamed","unnamed",0,1
scalar_dof,32,32,31,31,34,"unnamed","unnamed",0,1
scalar_dof,33,33,32,32,35,"unnamed","unnamed",0,1
scalar_dof,34,34,33,33,36,"unnamed","unnamed",0,1
scalar_dof,35,35,34,34,37,"unnamed","unnamed",0,1
scalar_dof,36,36,35,35,38,"unnamed","unnamed",0,1
scalar_dof,37,37,36,36,39,"unnamed","unnamed",0,1
scalar_dof,38,38,37,37,40,"unnamed","unnamed",0,1
scalar_dof,39,39,38,38,41,"unnamed","unnamed",0,1
scalar_dof,40,40,39,39,42,"unnamed","unnamed",0,1
scalar_dof,41,41,40,40,43,"unnamed","unnamed",0,1
scalar_dof,42,42,41,41,44,"unnamed","unnamed",0,1
scalar_dof,43,43,42,42,50,"unnamed","unnamed",0,1
scalar_dof,44,44,43,43,51,"unnamed","unnamed",0,1
scalar_dof,45,45,44,44,52,"unnamed","unnamed",0,1
scalar_dof,46,46,45,45,53,"unnamed","unnamed",0,1
scalar_dof,47,47,46,46,57,"unnamed","unnamed",0,1
scalar_dof,48,48,47,47,58,"unnamed","unnamed",0,1
scalar_dof,49,49,48,48,59,"unnamed","unnamed",0,1
scalar_dof,50,50,49,49,60,"unnamed","unnamed",0,1
scalar_dof,51,51,50,50,62,"unnamed","unnamed",0,1
scalar_dof,52,52,51,51,63,"unnamed","unnamed",0,1
scalar_dof,53,53,52,52,64,"unnamed","unnamed",0,1
scalar_dof,54,54,53,53,65,"unnamed","unnamed",0,1
scalar_dof,55,55,54,54,67,"unnamed","unnamed",0,1
scalar_dof,56,56,55,55,68,"unnamed","unnamed",0,1
scalar_dof,57,57,56,56,69,"unnamed","unnamed",0,1
scalar_dof,58,58,57,57,70,"unnamed","unnamed",0,1
scalar_dof,59,59,58,58,72,"unnamed","unnamed",0,1
scalar_dof,60,60,59,59,73,"unnamed","unnamed",0,1
scalar_dof,61,61,60,60,74,"unnamed","unnamed",0,1
scalar_dof,62,62,61,61,75,"unnamed","unnamed",0,1
scalar_dof,63,63,62,62,77,"unnamed","unnamed",0,1
scalar_dof,64,64,63,63,78,"unnamed","unnamed",0,1
scalar_dof,65,65,64,64,79,"unnamed","unnamed",0,1
scalar_dof,66,66,65,65,80,"unnamed","unnamed",0,1
scalar_dof,67,67,66,66,81,"unnamed","unnamed",0,1
scalar_dof,68,68,67,67,82,"unnamed","unnamed",0,1
scalar_dof,69,69,68,68,83,"unnamed","unnamed",0,1
scalar_dof,70,70,69,69,84,"unnamed","unnamed",0,1
scalar_dof,71,71,70,70,85,"unnamed","unnamed",0,1
scalar_dof,72,72,71,71,86,"unnamed","unnamed",0,1
scalar_dof,73,73,72,72,87,"unnamed","unnamed",0,1
scalar_dof,74,74,73,73,88,"unnamed","unnamed",0,1
scalar_dof,75,75,74,74,89,"unnamed","unnamed",0,1
scalar_dof,76,76,75,75,90,"unnamed","unnamed",0,1
scalar_dof,77,77,76,76,91,"unnamed","unnamed",0,1
scalar_dof,78,78,77,77,92,"unnamed","unnamed",0,1
scalar_dof,79,79,78,78,93,"unnamed","unnamed",0,1
scalar_dof,80,80,79,79,94,"unnamed","unnamed",0,1
scalar_dof,81,81,80,80,100,"unnamed","unnamed",0,1
scalar_dof,82,82,81,81,101,"unnamed","unnamed",0,1
scalar_dof,83,83,82,82,102,"unnamed","unnamed",0,1
scalar_dof,84,84,83,83,103,"unnamed","unnamed",0,1
scalar_dof,85,85,84,84,107,"unnamed","unnamed",0,1
scalar_dof,86,86,85,85,108,"unnamed","unnamed",0,1
scalar_dof,87,87,86,86,109,"unnamed","unnamed",0,1
scalar_dof,88,88,87,87,110,"unnamed","unnamed",0,1
scalar_dof,89,89,88,88,112,"unnamed","unnamed",0,1
scalar_dof,90,90,89,89,113,"unnamed","unnamed",0,1
scalar_dof,91,91,90,90,114,"unnamed","unnamed",0,1
scalar_dof,92,92,91,91,115,"unnamed","unnamed",0,1
scalar_dof,93,93,92,92,117,"unnamed","unnamed",0,1
scalar_dof,94,94,93,93,118,"unnamed","unnamed",0,1
scalar_dof,95,95,94,94,119,"unnamed","unnamed",0,1
scalar_dof,96,96,95,95,120,"unnamed","unnamed",0,1
scalar_dof,97,97,96,96,122,"unnamed","unnamed",0,1
scalar_dof,98,98,97,97,123,"unnamed","unnamed",0,1
scalar_dof,99,99,98,98,124,"unnamed","unnamed",0,1
scalar_dof,100,100,99,99,125,"unnamed","unnamed",0,1
scalar_dof,101,101,100,100,128,"unnamed","unnamed",0,1
scalar_dof,102,102,101,101,129,"unnamed","unnamed",0,1
scalar_dof,103,103,102,102,130,"unnamed","unnamed",0,1
scalar_dof,104,104,103,103,131,"unnamed","unnamed",0,1
scalar_dof,105,105,104,104,132,"unnamed","unnamed",0,1
scalar_dof,106,106,105,105,133,"unnamed","unnamed",0,1
scalar_dof,107,107,106,106,134,"unnamed","unnamed",0,1
scalar_dof,108,108,107,107,135,"unnamed","unnamed",0,1
scalar_dof,109,109,108,108,136,"unnamed","unnamed",0,1
scalar_dof,110,110,109,109,137,"unnamed","unnamed",0,1
scalar_dof,111,111,110,110,138,"unnamed","unnamed",0,1
scalar_dof,112,112,111,111,139,"unnamed","unnamed",0,1
scalar_dof,113,113,112,112,140,"unnamed","unnamed",0,1
scalar_dof,114,114,113,113,141,"unnamed","unnamed",0,1
scalar_dof,115,115,114,114,142,"unnamed","unnamed",0,1
scalar_dof,116,116,115,115,143,"unnamed","unnamed",0,1
scalar_dof,117,117,116,116,144,"unnamed","unnamed",0,1
scalar_dof,118,118,117,117,145,"unnamed","unnamed",0,1
scalar_dof,119,119,118,118,146,"unnamed","unnamed",0,1
scalar_dof,120,120,119,119,147,"unnamed","unnamed",0,1
scalar_dof,121,121,120,120,148,"unnamed","unnamed",0,1
scalar_dof,122,122,121,121,149,"unnamed","unnamed",0,1
scalar_dof,123,123,122,122,150,"unnamed","unnamed",0,1
scalar_dof,124,124,123,123,151,"unnamed","unnamed",0,1
scalar_dof,125,125,124,124,152,"unnamed","unnamed",0,1
scalar_dof,126,126,125,125,153,"unnamed","unnamed",0,1
scalar_dof,127,127,126,126,154,"unnamed","unnamed",0,1
scalar_dof,128,128,127,127,155,"unnamed","unnamed",0,1
configuration_without_direct_velocity,3,3,,,,"","",,0
configuration_without_direct_velocity,4,4,,,,"","",,0
configuration_without_direct_velocity,5,5,,,,"","",,0
configuration_without_direct_velocity,6,6,,,,"","",,0
