time_s,active_tension_pa,active_wall_volume_m3,control_wall_volume_m3,active_hydraulic_volume_m3,control_hydraulic_volume_m3,active_inlet_flow_m3_s,active_aortic_flow_m3_s,active_return_flow_m3_s,control_aortic_flow_m3_s,active_chamber_pressure_pa,active_wall_max_displacement_m,control_wall_max_displacement_m,total_blood_volume_error_fraction
0.00400000018999,0,1.00040210577e-06,1.00040210577e-06,1.00040209041e-06,1.00040209041e-06,1.00510589525e-07,-4.010046713e-12,1.06382854014e-07,-4.010046713e-12,98.9949144423,2.51777718431e-06,2.51777718431e-06,1.57702339008e-08
0.00800000037998,0,1.00041947744e-06,1.00041947744e-06,1.00041949496e-06,1.00041949496e-06,4.35513582844e-09,-4.00042244009e-12,1.06382637947e-07,-4.00042244009e-12,99.9568775296,2.64790047757e-06,2.64790047757e-06,1.57702339008e-08
0.01200000057,0,1.00041946994e-06,1.00041946994e-06,1.00041949496e-06,1.00041949496e-06,-1.46033886836e-14,-3.98537530503e-12,1.06382406979e-07,-3.98537530503e-12,101.461196318,2.63902835658e-06,2.63902835658e-06,4.22611870674e-08
0.01600000076,0,1.00041943892e-06,1.00041943892e-06,1.00041949496e-06,1.00041949496e-06,-1.55566634737e-14,-3.98441305964e-12,1.06382183462e-07,-3.98441305964e-12,101.556945592,2.63768430005e-06,2.63768430005e-06,6.8752140234e-08
0.0200000009499,0,1.00041953983e-06,1.00041953983e-06,1.00041949496e-06,1.00041949496e-06,-1.55807650832e-14,-3.98438077258e-12,1.06381952494e-07,-3.98438077258e-12,101.559786126,2.63822180757e-06,2.63822180757e-06,9.52430934006e-08
0.0240000011399,0,1.00041955535e-06,1.00041955535e-06,1.00041949496e-06,1.00041949496e-06,-1.5715999129e-14,-3.98423707242e-12,1.06381728977e-07,-3.98423707242e-12,101.573737338,2.63822180757e-06,2.63822180757e-06,1.21734046567e-07
0.0280000013299,0,1.00041947774e-06,1.00041947774e-06,1.00041949496e-06,1.00041949496e-06,-1.58489967416e-14,-3.98409564599e-12,1.06381498009e-07,-3.98409564599e-12,101.58745572,2.63822188976e-06,2.63822188976e-06,1.48224999734e-07
0.0320000015199,0,1.00041947773e-06,1.00041947773e-06,1.00041949496e-06,1.00041949496e-06,-1.56169761173e-14,-3.98431892694e-12,1.06381274491e-07,-3.98431892694e-12,101.564684883,2.6379529853e-06,2.6379529853e-06,1.74715952901e-07
0.0360000017099,0,1.00041955536e-06,1.00041955536e-06,1.00041949496e-06,1.00041949496e-06,-1.5695713134e-14,-3.98423161545e-12,1.06381043523e-07,-3.98423161545e-12,101.572982967,2.6379529853e-06,2.6379529853e-06,2.01206906067e-07
0.0400000018999,0,1.00041963299e-06,1.00041963299e-06,1.00041949496e-06,1.00041949496e-06,-1.57039483243e-14,-3.98421524455e-12,1.06380827456e-07,-3.98421524455e-12,101.574230939,2.63849068464e-06,2.63849068464e-06,2.27697859234e-07
0.0440000020899,0,1.00041957865e-06,1.00041957865e-06,1.00041949496e-06,1.00041949496e-06,-1.57250034818e-14,-3.98418568597e-12,1.0638061139e-07,-3.98418568597e-12,101.576754823,2.6379530675e-06,2.6379530675e-06,2.541888124e-07
0.0480000022799,0,1.00041950101e-06,1.00041950101e-06,1.00041949496e-06,1.00041949496e-06,-1.54363881287e-14,-3.98446535559e-12,1.06380380422e-07,-3.98446535559e-12,101.548321545,2.63822180757e-06,2.63822180757e-06,2.80679765567e-07
0.0520000024699,0,1.00041953983e-06,1.00041953983e-06,1.00041949496e-06,1.00041949496e-06,-1.56989745251e-14,-3.98419478091e-12,1.06380156904e-07,-3.98419478091e-12,101.575003937,2.63849068464e-06,2.63849068464e-06,3.07170718734e-07
0.0560000026599,0,1.00041955536e-06,1.00041955536e-06,1.00041949496e-06,1.00041949496e-06,-1.57951038516e-14,-3.98409018902e-12,1.06379925936e-07,-3.98409018902e-12,101.585043594,2.6379529853e-06,2.6379529853e-06,3.336616719e-07
0.0600000028498,0,1.00041950102e-06,1.00041950102e-06,1.00041949496e-06,1.00041949496e-06,-1.56415786594e-14,-3.98423525343e-12,1.06379702419e-07,-3.98423525343e-12,101.570114493,2.63822188976e-06,2.63822188976e-06,3.60152625067e-07
0.0640000030398,0,1.00041957865e-06,1.00041957865e-06,1.00041949496e-06,1.00041949496e-06,-1.56398413825e-14,-3.98422797747e-12,1.06379471451e-07,-3.98422797747e-12,101.57036595,2.6379530675e-06,2.6379530675e-06,3.86643578233e-07
0.0680000032298,0,1.00041963299e-06,1.00041963299e-06,1.00041949496e-06,1.00041949496e-06,-1.5893144538e-14,-3.98396649774e-12,1.06379247933e-07,-3.98396649774e-12,101.596126333,2.63849068464e-06,2.63849068464e-06,4.131345314e-07
0.0720000034198,0,1.00041946221e-06,1.00041946221e-06,1.00041949496e-06,1.00041949496e-06,-1.56667691757e-14,-3.98418432173e-12,1.06379016965e-07,-3.98418432173e-12,101.573923603,2.63768430005e-06,2.63768430005e-06,4.39625484567e-07
0.0760000036098,0,1.00041943891e-06,1.00041943891e-06,1.00041949496e-06,1.00041949496e-06,-1.53373811042e-14,-3.98450537335e-12,1.06378793448e-07,-3.98450537335e-12,101.541401818,2.63768413564e-06,2.63768413564e-06,4.66116437733e-07
0.0800000037998,0,1.00041950879e-06,1.00041950879e-06,1.00041949496e-06,1.00041949496e-06,-1.55499772665e-14,-3.98428436614e-12,1.0637856248e-07,-3.98428436614e-12,101.563083008,2.63768413564e-06,2.63768413564e-06,4.926073909e-07
0.0840000039898,10.2785291672,1.00041954678e-06,1.00041956312e-06,1.00041949496e-06,1.00041949496e-06,-1.70260150437e-13,-3.82956522059e-12,1.06378338962e-07,-3.98410110296e-12,117.034530267,2.66368973661e-06,2.63822188976e-06,5.19098344067e-07
0.0880000041798,92.3375701904,1.000419588e-06,1.00041950102e-06,1.00041949496e-06,1.00041949496e-06,-1.40608028332e-12,-2.59373654699e-12,1.06378107994e-07,-3.98429664432e-12,240.616966039,2.88081644244e-06,2.63849076682e-06,5.45589297233e-07
0.0920000043698,255.556518555,1.00041948049e-06,1.00041955535e-06,1.00041949496e-06,1.00041949496e-06,-3.86331838788e-12,-1.36489915914e-13,1.06377884477e-07,-3.98410610518e-12,486.341193318,5.52723019987e-06,2.6387595343e-06,5.720802504e-07
0.0960000045598,498.147125244,9.99948328135e-07,1.00041950878e-06,9.99948379853e-07,1.00041949496e-06,-6.35537524646e-12,1.17778517008e-07,1.06377780169e-07,-3.98446171761e-12,735.547244549,1.0779021272e-05,2.63768430005e-06,5.98571203566e-07
0.10000000475,817.451477051,9.98983504821e-07,1.00041952431e-06,9.98983499866e-07,1.00041949496e-06,-8.82390575089e-12,2.41204976427e-07,1.06377809971e-07,-3.98416203911e-12,982.400774956,1.77506761189e-05,2.6387595343e-06,6.25062156733e-07
0.10400000494,1209.97131348,9.97538095348e-07,1.00041948549e-06,9.97538027629e-07,1.00041949496e-06,-1.12268471356e-11,3.61351787132e-07,1.06377966433e-07,-3.98444034448e-12,1222.69533575,2.636483622e-05,2.6379529853e-06,6.515531099e-07
0.10800000513,1671.40588379,9.95630481274e-07,1.00041953983e-06,9.95630559792e-07,1.00041949496e-06,-1.35369045551e-11,4.76854114521e-07,1.06378249555e-07,-3.9841292973e-12,1453.70155573,3.65187643944e-05,2.63822180757e-06,6.78044063066e-07
0.11200000532,2196.69995117,9.93284723357e-07,1.00041959417e-06,9.93284819003e-07,1.00041949496e-06,-1.57283720513e-11,5.86426673839e-07,1.06378644436e-07,-3.98413748275e-12,1672.84861207,4.80865804835e-05,2.6387595343e-06,7.04535016233e-07
0.11600000551,2780.09790039,9.90529653394e-07,1.00041956313e-06,9.90529653909e-07,1.00041949496e-06,-1.77753317536e-11,6.88773809125e-07,1.06379158526e-07,-3.98401242723e-12,1877.54511833,6.0925676376e-05,2.6379529853e-06,7.310259694e-07
0.1200000057,3415.20825195,9.8739879898e-07,1.00041961746e-06,9.87398860346e-07,1.00041949496e-06,-1.96535074296e-11,7.82681463173e-07,1.06379762023e-07,-3.9841552179e-12,2065.36307931,7.48770666072e-05,2.63822180757e-06,7.57516922566e-07
0.12400000589,4095.07226562,9.83930588531e-07,1.00041956313e-06,9.83930585284e-07,1.00041949496e-06,-2.13407947201e-11,8.67044506268e-07,1.06380462378e-07,-3.98405562823e-12,2234.09220576,9.12248198402e-05,2.6387595343e-06,7.84007875733e-07
0.12800000608,4812.24169922,9.80166859e-07,1.00041953207e-06,9.80166909604e-07,1.00041949496e-06,-2.28177268006e-11,9.40889594564e-07,1.06381237238e-07,-3.98417386254e-12,2381.78580999,0.000113056988659,2.63822188976e-06,8.10498828899e-07
0.13200000627,5558.85839844,9.76153386611e-07,1.00041950103e-06,9.76153371254e-07,1.00041949496e-06,-2.40670323666e-11,1.00335323557e-06,1.06382079154e-07,-3.98427845443e-12,2506.71684742,0.000136374940178,2.63741534078e-06,8.36989782066e-07
0.13600000646,6326.74267578,9.71938084839e-07,1.00041956312e-06,9.7193819039e-07,1.00041949496e-06,-2.5075385502e-11,1.0537694666e-06,1.06382973224e-07,-3.98408473206e-12,2607.5527072,0.000160900880401,2.63849068464e-06,8.63480735233e-07
0.14000000665,7107.48144531,9.67571401813e-07,1.00041950879e-06,9.67571494521e-07,1.00041949496e-06,-2.58330855361e-11,1.09165250979e-06,1.06383904546e-07,-3.98422661323e-12,2683.3230257,0.000186342270456,2.63822188976e-06,8.89971688399e-07
0.14400000684,7892.52099609,9.63104765733e-07,1.00041953207e-06,9.63104722452e-07,1.00041949496e-06,-2.63332894309e-11,1.11666094975e-06,1.06384865671e-07,-3.98420478536e-12,2733.34383965,0.000212401934489,2.6379529853e-06,9.16462641566e-07
0.14800000703,8673.25976562,9.58590088888e-07,1.00041956311e-06,9.5859002825e-07,1.00041949496e-06,-2.65730795274e-11,1.12864863588e-06,1.06385841697e-07,-3.98410428619e-12,2757.32338428,0.000238779214714,2.63822180757e-06,9.42953594733e-07
0.15200000722,9441.14453125,9.54079379864e-07,1.00041951654e-06,9.54079327559e-07,1.00041949496e-06,-2.65531252137e-11,1.12764894678e-06,1.06386817723e-07,-3.98418295748e-12,2755.3281188,0.000265175267213,2.6387595343e-06,9.69444547899e-07
0.15600000741,10187.7607422,9.4962366602e-07,1.00041943893e-06,9.49623701559e-07,1.00041949496e-06,-2.62779030227e-11,1.11388599591e-06,1.06387771397e-07,-3.98437395137e-12,2727.80627012,0.000291290681982,2.6379529853e-06,9.95935501066e-07
0.1600000076,10904.9296875,9.4527268313e-07,1.00041957088e-06,9.45272681711e-07,1.00041949496e-06,-2.5754861716e-11,1.08773231232e-06,1.0638870272e-07,-3.98379596749e-12,2675.50259829,0.00031683878298,2.63849068464e-06,1.02242645423e-06
0.16400000779,11584.7939453,9.41073806275e-07,1.00041942339e-06,9.4107383252e-07,1.00041949496e-06,-2.49938620351e-11,1.04968058798e-06,1.06389589339e-07,-3.98444079923e-12,2599.40326214,0.000341546292719,2.63822188976e-06,1.0489174074e-06
0.16800000798,12219.9042969,9.37072102409e-07,1.00041950102e-06,9.37072095889e-07,1.00041949496e-06,-2.40084390801e-11,1.00040805087e-06,1.06390431255e-07,-3.98428845887e-12,2500.86128712,0.000365150797084,2.6379530675e-06,1.07540836057e-06
0.17200000817,12803.3017578,9.33309403563e-07,1.00041953207e-06,9.33309433488e-07,1.00041949496e-06,-2.28132884665e-11,9.40648911009e-07,1.06391198665e-07,-3.98399696582e-12,2381.34667277,0.000387405260325,2.6379530675e-06,1.10189931373e-06
0.17600000836,13328.5957031,9.29824265897e-07,1.00041950102e-06,9.29824290312e-07,1.00041949496e-06,-2.1425746982e-11,8.71270535177e-07,1.0639190647e-07,-3.98415976537e-12,2242.5930202,0.000408086904599,2.6379530675e-06,1.1283902669e-06
0.18000000855,13790.0302734,9.26651556508e-07,1.00041955536e-06,9.26651535079e-07,1.00041949496e-06,-1.98637916991e-11,7.93171582604e-07,1.06392517417e-07,-3.98400515127e-12,2086.39785647,0.000426987813478,2.63822180757e-06,1.15488122007e-06
0.18400000874,14182.5498047,9.23821939351e-07,1.00041964075e-06,9.23822042994e-07,1.00041949496e-06,-1.81475933911e-11,7.07360802295e-07,1.06393046408e-07,-3.9838805505e-12,1914.7785008,0.000443928171585,2.63849068464e-06,1.18137217323e-06
0.18800000893,14501.8535156,9.2136259894e-07,1.00041954759e-06,9.21362576543e-07,1.00041949496e-06,-1.62974192379e-11,6.14851115582e-07,1.06393471092e-07,-3.98397195471e-12,1729.76136208,0.000458745897423,2.63849076682e-06,1.2078631264e-06
0.19200000912,14744.4443359,9.19295822032e-07,1.00041951655e-06,9.19295845095e-07,1.00041949496e-06,-1.43337010379e-11,5.16664742119e-07,1.06393806368e-07,-3.98417750052e-12,1533.39013457,0.000471305166643,2.63822180757e-06,1.23435407957e-06
0.19600000931,14907.6630859,9.1764021981e-07,1.00041943891e-06,9.17640266486e-07,1.00041949496e-06,-1.22781138688e-11,4.13884966521e-07,1.06394022435e-07,-3.98438168208e-12,1327.83189416,0.000481493521608,2.63768421784e-06,1.26084503273e-06
0.200000009499,14989.7216797,9.16410106025e-07,1.00041961745e-06,9.16410086225e-07,1.00041949496e-06,-1.01512550571e-11,3.07541846453e-07,1.06394111842e-07,-3.98373775983e-12,1115.14642835,0.000489219938839,2.63849068464e-06,1.2873359859e-06
0.204000009689,14989.7216797,9.15615218498e-07,1.00041960969e-06,9.15615258289e-07,1.00041949496e-06,-7.97447680985e-12,1.98702960705e-07,1.0639409694e-07,-3.98411156215e-12,897.469073534,0.00049442104946,2.63849076682e-06,1.31382693907e-06
0.208000009879,14907.6621094,9.15261595455e-07,1.00041946996e-06,9.15261623933e-07,1.00041949496e-06,-5.76854334575e-12,8.84065327796e-08,1.0639397028e-07,-3.98442215459e-12,676.876083016,0.000497055328058,2.6379529853e-06,1.34031789223e-06
0.212000010069,14744.4433594,9.15261678949e-07,1.00041951655e-06,9.15261623933e-07,1.00041949496e-06,-3.30490228482e-12,-6.95502476964e-13,1.06393739312e-07,-3.98422570373e-12,430.512353778,0.000497684325125,2.6379529853e-06,1.3668088454e-06
0.216000010259,14501.8525391,9.15392156906e-07,1.00041953206e-06,9.15392217709e-07,1.00041949496e-06,3.26371527384e-08,-4.00366069597e-12,1.06393545597e-07,-3.98421615404e-12,99.6960606426,0.00049776360663,2.63849076682e-06,1.39329979857e-06
0.220000010449,14182.5478516,9.17110865094e-07,1.00041958641e-06,9.17110917637e-07,1.00041949496e-06,4.29668991673e-07,-4.04337287253e-12,1.06393776565e-07,-3.98396695249e-12,95.7244448364,0.000487767978711,2.6387595343e-06,1.41979075173e-06
0.224000010639,13790.0283203,9.19292700429e-07,1.00041941563e-06,9.19292686049e-07,1.00041949496e-06,5.45436202103e-07,-4.05496301823e-12,1.06394134193e-07,-3.98429618957e-12,94.5650134236,0.00047495182544,2.6379531497e-06,1.4462817049e-06
0.228000010829,13328.59375,9.21849086911e-07,1.00041950879e-06,9.21849069652e-07,1.00041949496e-06,6.39087377365e-07,-4.0643449108e-12,1.06394588679e-07,-3.98403016237e-12,93.6263799667,0.000459971488874,2.63768413564e-06,1.47277265807e-06
0.232000011019,12803.2998047,9.24771143114e-07,1.00041956311e-06,9.24771187355e-07,1.00041949496e-06,7.305309158e-07,-4.07351034363e-12,1.06395132571e-07,-3.98405744721e-12,92.7094463259,0.00044284699187,2.6387595343e-06,1.49926361123e-06
0.236000011209,12219.9013672,9.28033753926e-07,1.0004194855e-06,9.28033707183e-07,1.00041949496e-06,8.15624175397e-07,-4.08204367765e-12,1.06395788222e-07,-3.98423070596e-12,91.8556749821,0.000423716977489,2.63768413564e-06,1.5257545644e-06
0.240000011399,11584.7910156,9.31605977889e-07,1.00041946221e-06,9.31605932745e-07,1.00041949496e-06,8.93054721485e-07,-4.08981394562e-12,1.06396496027e-07,-3.98422843222e-12,91.0782348365,0.000402760886879,2.63849068464e-06,1.55224551756e-06
0.244000011589,10904.9267578,9.35453230442e-07,1.0004195243e-06,9.35453174137e-07,1.00041949496e-06,9.61808619455e-07,-4.09671928412e-12,1.0639730069e-07,-3.98406654216e-12,90.3872586787,0.000380179701497,2.63822188976e-06,1.57873647073e-06
0.248000011779,10187.7578125,9.39537458831e-07,1.00041943892e-06,9.39537522805e-07,1.00041949496e-06,1.02107798795e-06,-4.10267874814e-12,1.06398157507e-07,-3.98405471873e-12,89.7909142077,0.000356193639389,2.6371464363e-06,1.6052274239e-06
0.252000011969,9441.140625,9.43817614272e-07,1.0004195476e-06,9.43817672731e-07,1.00041949496e-06,1.07004034249e-06,-4.10760911891e-12,1.06399073928e-07,-3.98399150885e-12,89.2974250019,0.000331043850845,2.63822188976e-06,1.63171837706e-06
0.256000012159,8673.25585938,9.48249795967e-07,1.00041951656e-06,9.48249874105e-07,1.00041949496e-06,1.10804581362e-06,-4.11144536755e-12,1.06400020152e-07,-3.98412520457e-12,88.9133661985,0.000304984870786,2.63768421784e-06,1.65820933023e-06
0.260000012349,7892.51708984,9.52787129587e-07,1.00041945445e-06,9.52787158468e-07,1.00041949496e-06,1.1343159647e-06,-4.11410927752e-12,1.06401003629e-07,-3.98428936836e-12,88.6465609074,0.000278294092496,2.63768413564e-06,1.6847002834e-06
0.264000012539,7107.47802734,9.57380977636e-07,1.00041950102e-06,9.57381007638e-07,1.00041949496e-06,1.14845907398e-06,-4.11556128581e-12,1.06402002006e-07,-3.98427663544e-12,88.500957936,0.000251256742849,2.6379531497e-06,1.71119123656e-06
0.268000012729,6326.73925781,9.61980883214e-07,1.00041957089e-06,9.61980996087e-07,1.00041949496e-06,1.14999115177e-06,-4.11575182495e-12,1.06402992934e-07,-3.98411838336e-12,88.4814653546,0.000224169728754,2.6379529853e-06,1.73768218973e-06
0.272000012919,5558.85449219,9.66535470204e-07,1.00041946997e-06,9.66535565797e-07,1.00041949496e-06,1.13863253306e-06,-4.11465270061e-12,1.06403983861e-07,-3.98403107187e-12,88.5909236968,0.00019733671145,2.63822180757e-06,1.7641731429e-06
0.276000013109,4812.23779297,9.70992658037e-07,1.00041954759e-06,9.70992622308e-07,1.00041949496e-06,1.11426222043e-06,-4.1122516346e-12,1.06404937535e-07,-3.98404516904e-12,88.8305902481,0.000171065609018,2.63822180757e-06,1.79066409606e-06
0.280000013299,4095.06884766,9.75300844179e-07,1.0004194622e-06,9.75300905626e-07,1.00041949496e-06,1.0770678493e-06,-4.10856727157e-12,1.06405853957e-07,-3.98413066154e-12,89.1986489296,0.000145661803508,2.63822180757e-06,1.81715504923e-06
0.284000013489,3415.20507812,9.79408999006e-07,1.00041954758e-06,9.79409036548e-07,1.00041949496e-06,1.02702510098e-06,-4.1035955188e-12,1.06406733125e-07,-3.98403607409e-12,89.6953977644,0.000121429059495,2.6387595343e-06,1.8436460024e-06
0.288000013679,2780.0949707,9.8326802688e-07,1.0004194855e-06,9.83268020055e-07,1.00041949496e-06,9.64745697924e-07,-4.09739731242e-12,1.06407522887e-07,-3.98402197692e-12,90.3147552162,9.86571102559e-05,2.6379529853e-06,1.87013695556e-06
0.292000013869,2196.69726562,9.86830839013e-07,1.00041953207e-06,9.86830947292e-07,1.00041949496e-06,8.90721438066e-07,-4.0900222199e-12,1.06408245593e-07,-3.9839746832e-12,91.0518690944,7.7627085982e-05,2.63849076682e-06,1.89662790873e-06
0.296000014059,1671.40356445,9.90053929464e-07,1.00041957865e-06,9.90054008845e-07,1.00041949496e-06,8.057556132e-07,-4.08154936728e-12,1.06408871442e-07,-3.98402970763e-12,91.8987300247,5.8596637075e-05,2.6379529853e-06,1.9231188619e-06
0.300000014249,1209.96923828,9.92897207257e-07,1.00041950879e-06,9.92897150394e-07,1.00041949496e-06,7.10774717921e-07,-4.07207106827e-12,1.06409407883e-07,-3.9839392129e-12,92.8461179137,4.18051972932e-05,2.63768413564e-06,1.94960981506e-06
0.304000014439,817.449768066,9.95324893145e-07,1.00041957865e-06,9.95324966779e-07,1.00041949496e-06,6.06952904122e-07,-4.06170464769e-12,1.06409825116e-07,-3.9837595877e-12,93.8823260367,2.74655215839e-05,2.63822180757e-06,1.97610076823e-06
0.308000014629,498.145782471,9.97306427819e-07,1.00041951655e-06,9.97306463585e-07,1.00041949496e-06,4.95373873652e-07,-4.05055788065e-12,1.06410123139e-07,-3.98385599414e-12,94.996560365,1.57584263134e-05,2.6379530675e-06,2.0025917214e-06
0.312000014819,255.555557251,9.98816553222e-07,1.0004194855e-06,9.98816547256e-07,1.00041949496e-06,3.77512781859e-07,-4.0387781053e-12,1.06410294503e-07,-3.98393421068e-12,96.1740873754,6.83770287488e-06,2.63741525856e-06,2.02908267456e-06
0.316000015009,92.3369903564,9.99836114375e-07,1.00041943892e-06,9.99836025098e-07,1.00041949496e-06,2.54869460416e-07,-4.02651538827e-12,1.06410346657e-07,-3.98438804854e-12,97.3999220878,1.98475400239e-06,2.63741534078e-06,2.05557362773e-06
0.320000015199,10.2783336639,1.00035196775e-06,1.00041959418e-06,1.0003519033e-06,1.00041949496e-06,1.28974362882e-07,-4.01392297941e-12,1.0641025725e-07,-3.98377004689e-12,98.6588001251,2.25350952536e-06,2.6379529853e-06,2.0820645809e-06
0.324000015389,0,1.00041960158e-06,1.00041950879e-06,1.00041961417e-06,1.00041949496e-06,1.69269199987e-08,-4.00271027401e-12,1.06410056084e-07,-3.98399878481e-12,99.7796282172,2.65113051772e-06,2.63822188976e-06,2.10855553406e-06
0.328000015579,0,1.00041968726e-06,1.00041943892e-06,1.00041961417e-06,1.00041949496e-06,-1.35480941679e-14,-3.98746123113e-12,1.06409825116e-07,-3.98401470096e-12,101.304128766,2.64091033164e-06,2.63768413564e-06,2.13504648723e-06
0.332000015769,0,1.0004196097e-06,1.00041953984e-06,1.00041961417e-06,1.00041949496e-06,-1.65125352974e-14,-3.9844885477e-12,1.06409601599e-07,-3.98397695693e-12,101.601006463,2.638490849e-06,2.63768413564e-06,2.1615374404e-06
0.336000015959,0,1.00041968732e-06,1.00041954759e-06,1.00041961417e-06,1.00041949496e-06,-1.64873660974e-14,-3.98450491861e-12,1.06409370631e-07,-3.9839401224e-12,101.598910987,2.6387595343e-06,2.63822180757e-06,2.18802839356e-06
0.340000016149,0,1.00041965627e-06,1.00041950878e-06,1.00041961417e-06,1.00041949496e-06,-1.6347579249e-14,-3.98463634059e-12,1.06409147113e-07,-3.98411747386e-12,101.585350931,2.63929723364e-06,2.63849068464e-06,2.21451934673e-06
0.344000016339,0,1.00041960193e-06,1.00041955536e-06,1.00041961417e-06,1.00041949496e-06,-1.63741162437e-14,-3.9846008703e-12,1.06408916145e-07,-3.98398286865e-12,101.588424295,2.63822188976e-06,2.63849068464e-06,2.2410102999e-06
0.348000016529,0,1.00041962523e-06,1.00041946998e-06,1.00041961417e-06,1.00041949496e-06,-1.65691264734e-14,-3.98439759823e-12,1.06408692628e-07,-3.98397786643e-12,101.608363912,2.63849068464e-06,2.63741525856e-06,2.26750125306e-06
0.352000016719,0,1.00041969508e-06,1.00041953207e-06,1.00041961417e-06,1.00041949496e-06,-1.64886397452e-14,-3.98446944831e-12,1.0640846166e-07,-3.9838200691e-12,101.60073638,2.63929723364e-06,2.63849076682e-06,2.29399220623e-06
0.356000016909,0,1.00041963298e-06,1.00041949326e-06,1.00041961417e-06,1.00041949496e-06,-1.64031383617e-14,-3.98454675536e-12,1.06408238142e-07,-3.98405562823e-12,101.592615247,2.6387595343e-06,2.6379529853e-06,2.3204831594e-06
0.360000017099,0,1.00041961746e-06,1.00041956312e-06,1.00041961417e-06,1.00041949496e-06,-1.63264565899e-14,-3.98461451272e-12,1.06408007174e-07,-3.98398650663e-12,101.58537887,2.63822188976e-06,2.6387595343e-06,2.34697411256e-06
0.364000017289,0,1.00041964075e-06,1.00041940011e-06,1.00041961417e-06,1.00041949496e-06,-1.64311710489e-14,-3.98450173538e-12,1.06407783657e-07,-3.98423434393e-12,101.596266031,2.63902843875e-06,2.6371464363e-06,2.37346506573e-06
0.368000017479,0,1.0004195476e-06,1.00041946221e-06,1.00041961417e-06,1.00041949496e-06,-1.63228079529e-14,-3.98460132505e-12,1.06407552689e-07,-3.98385553939e-12,101.585853845,2.63822188976e-06,2.63768413564e-06,2.3999560189e-06
0.372000017669,0,1.0004196097e-06,1.00041954759e-06,1.00041961417e-06,1.00041949496e-06,-1.63384896311e-14,-3.98457722344e-12,1.06407329171e-07,-3.98389828564e-12,101.587856188,2.6387595343e-06,2.6379530675e-06,2.42644697206e-06
0.376000017859,0,1.00041955537e-06,1.00041959415e-06,1.00041961417e-06,1.00041949496e-06,-1.63054884738e-14,-3.98460132505e-12,1.06407098203e-07,-3.9838546299e-12,101.584978402,2.63768413564e-06,2.6387595343e-06,2.45293792523e-06
0.380000018049,0,1.00041962523e-06,1.00041956313e-06,1.00041961417e-06,1.00041949496e-06,-1.63638808757e-14,-3.98453493193e-12,1.06406874686e-07,-3.98377232063e-12,101.591236889,2.63849068464e-06,2.63822205415e-06,2.4794288784e-06
0.384000018239,0,1.00041967956e-06,1.00041955536e-06,1.00041961417e-06,1.00041949496e-06,-1.64004098776e-14,-3.98448991194e-12,1.06406643718e-07,-3.98400969874e-12,101.595325395,2.6387595343e-06,2.63822180757e-06,2.50591983156e-06
0.388000018429,0,1.00041958641e-06,1.0004194622e-06,1.00041961417e-06,1.00041949496e-06,-1.63830602004e-14,-3.98449855214e-12,1.06406420201e-07,-3.98413429952e-12,101.594012231,2.6387595343e-06,2.63822180757e-06,2.53241078473e-06
0.392000018619,0,1.00041963298e-06,1.00041964851e-06,1.00041961417e-06,1.00041949496e-06,-1.64594897296e-14,-3.98441351439e-12,1.06406189233e-07,-3.98364908409e-12,101.602077484,2.63875961648e-06,2.6387595343e-06,2.5589017379e-06
0.396000018809,0,1.00041971062e-06,1.00041946998e-06,1.00041961417e-06,1.00041949496e-06,-1.65108317712e-14,-3.98435348774e-12,1.06405965715e-07,-3.98398195915e-12,101.607646793,2.63849068464e-06,2.63768430005e-06,2.58539269106e-06
0.400000018999,0,1.00041964075e-06,1.00041943891e-06,1.00041961417e-06,1.00041949496e-06,-1.6350302404e-14,-3.98450537335e-12,1.06405742198e-07,-3.98423479868e-12,101.592009887,2.63822188976e-06,2.63768413564e-06,2.58539269106e-06
0.404000019189,0,1.00041957864e-06,1.00041961747e-06,1.00041961417e-06,1.00041949496e-06,-1.63448845157e-14,-3.98450309962e-12,1.06405526131e-07,-3.98378732729e-12,101.591898128,2.63849068464e-06,2.63849068464e-06,2.58539269106e-06
0.408000019379,0,1.00041964075e-06,1.00041950878e-06,1.00041961417e-06,1.00041949496e-06,-1.65322741745e-14,-3.98430664876e-12,1.06405295163e-07,-3.98379460325e-12,101.611055434,2.6387595343e-06,2.6387595343e-06,2.58539269106e-06
0.412000019569,0,1.00041960193e-06,1.00041953983e-06,1.00041961417e-06,1.00041949496e-06,-1.64146473776e-14,-3.98441624287e-12,1.06405071646e-07,-3.98400515127e-12,101.599721238,2.63849068464e-06,2.63822180757e-06,2.58539269106e-06
0.416000019759,0,1.00041960971e-06,1.00041944668e-06,1.00041961417e-06,1.00041949496e-06,-1.62585429153e-14,-3.98456358102e-12,1.06404848128e-07,-3.98394694361e-12,101.58454068,2.63822180757e-06,2.6379529853e-06,2.58539269106e-06
0.420000019949,0,1.00041964075e-06,1.00041950878e-06,1.00041961417e-06,1.00041949496e-06,-1.64719082402e-14,-3.98434166431e-12,1.0640461716e-07,-3.98399514683e-12,101.606296375,2.63849076682e-06,2.63849068464e-06,2.58539269106e-06
0.424000020139,0,1.00041958641e-06,1.00041947774e-06,1.00041961417e-06,1.00041949496e-06,-1.62958535143e-14,-3.98450901133e-12,1.06404386192e-07,-3.98400469652e-12,101.589122787,2.63849068464e-06,2.6379529853e-06,2.58539269106e-06
0.428000020329,0,1.0004196718e-06,1.00041950878e-06,1.00041961417e-06,1.00041949496e-06,-1.62429003171e-14,-3.98455357657e-12,1.06404162675e-07,-3.98390055938e-12,101.58425197,2.6387595343e-06,2.6379531497e-06,2.58539269106e-06
0.432000020519,0,1.00041968733e-06,1.0004194622e-06,1.00041961417e-06,1.00041949496e-06,-1.64124393661e-14,-3.98437577036e-12,1.06403939157e-07,-3.98411338114e-12,101.601630449,2.63849068464e-06,2.6379529853e-06,2.58539269106e-06
0.436000020709,0,1.00041962523e-06,1.00041950879e-06,1.00041961417e-06,1.00041949496e-06,-1.64060089544e-14,-3.98437349662e-12,1.06403708189e-07,-3.98372275317e-12,101.601406932,2.63822180757e-06,2.6379529853e-06,2.58539269106e-06
0.440000020899,0,1.00041964074e-06,1.00041949326e-06,1.00041961417e-06,1.00041949496e-06,-1.64634936379e-14,-3.98430755826e-12,1.06403484672e-07,-3.98388327898e-12,101.607581601,2.63929731579e-06,2.63741534078e-06,2.58539269106e-06
0.444000021089,0,1.0004196097e-06,1.00041970285e-06,1.00041961417e-06,1.00041949496e-06,-1.62799018299e-14,-3.98448218124e-12,1.06403253704e-07,-3.9836481746e-12,101.589644328,2.63902835658e-06,2.63902843875e-06,2.58539269106e-06
0.448000021279,0,1.00041953983e-06,1.00041952431e-06,1.00041961417e-06,1.00041949496e-06,-1.61660568967e-14,-3.98458813737e-12,1.06403030186e-07,-3.98399332784e-12,101.578691974,2.63849068464e-06,2.63822188976e-06,2.58539269106e-06
0.452000021469,0,1.0004194855e-06,1.00041955535e-06,1.00041961417e-06,1.00041949496e-06,-1.6067362511e-14,-3.9846777226e-12,1.06402799218e-07,-3.98379960547e-12,101.569257677,2.6379529853e-06,2.6387595343e-06,2.58539269106e-06
0.456000021659,0,1.00041966404e-06,1.00041937682e-06,1.00041961417e-06,1.00041949496e-06,-1.6432689834e-14,-3.98430392028e-12,1.06402575701e-07,-3.98409882922e-12,101.606203243,2.63902835658e-06,2.6371464363e-06,2.58539269106e-06
0.460000021849,0,1.00041959417e-06,1.00041960194e-06,1.00041961417e-06,1.00041949496e-06,-1.62551838246e-14,-3.98447308629e-12,1.06402344733e-07,-3.98359178593e-12,101.588880643,2.63822188976e-06,2.63875961648e-06,2.58539269106e-06
0.464000022039,0,1.00041965628e-06,1.0004194234e-06,1.00041961417e-06,1.00041949496e-06,-1.6529384042e-14,-3.98419068819e-12,1.06402121216e-07,-3.98381552162e-12,101.616727188,2.6387595343e-06,2.63768413564e-06,2.58539269106e-06
0.468000022229,0,1.00041958641e-06,1.00041951655e-06,1.00041961417e-06,1.00041949496e-06,-1.62644919344e-14,-3.98444671095e-12,1.06401890248e-07,-3.98376140669e-12,101.590668783,2.63849068464e-06,2.63768413564e-06,2.58539269106e-06
0.472000022419,0,1.00041963298e-06,1.00041950878e-06,1.00041961417e-06,1.00041949496e-06,-1.64188768833e-14,-3.98428391139e-12,1.06401674181e-07,-3.98371183923e-12,101.606519893,2.63929723364e-06,2.63822180757e-06,2.58539269106e-06
0.476000022609,0,1.00041958641e-06,1.00041947774e-06,1.00041961417e-06,1.00041949496e-06,-1.61833035452e-14,-3.98451083032e-12,1.06401443213e-07,-3.98398696138e-12,101.583395153,2.6387595343e-06,2.6379529853e-06,2.58539269106e-06
0.480000022799,0,1.00041961746e-06,1.00041949325e-06,1.00041961417e-06,1.00041949496e-06,-1.63117750006e-14,-3.98437395137e-12,1.06401219695e-07,-3.98395149108e-12,101.5966665,2.63849068464e-06,2.63849068464e-06,2.58539269106e-06
0.484000022989,0,1.00041955536e-06,1.00041957089e-06,1.00041961417e-06,1.00041949496e-06,-1.61958233082e-14,-3.98448127174e-12,1.06400988727e-07,-3.98391192806e-12,101.585499942,2.63822180757e-06,2.6379529853e-06,2.58539269106e-06
0.488000023179,0,1.00041963299e-06,1.00041957863e-06,1.00041961417e-06,1.00041949496e-06,-1.63559281261e-14,-3.98431256048e-12,1.06400772661e-07,-3.98367136671e-12,101.601937786,2.63849068464e-06,2.6387595343e-06,2.58539269106e-06
0.492000023369,0,1.00041957089e-06,1.00041953207e-06,1.00041961417e-06,1.00041949496e-06,-1.61163846306e-14,-3.98454402688e-12,1.06400541693e-07,-3.98387463878e-12,101.578403264,2.6379529853e-06,2.6379529853e-06,2.58539269106e-06
0.496000023559,0,1.00041964075e-06,1.00041957089e-06,1.00041961417e-06,1.00041949496e-06,-1.62952424476e-14,-3.98435667097e-12,1.06400310725e-07,-3.98361952552e-12,101.596713066,2.638490849e-06,2.6379529853e-06,2.58539269106e-06
0.500000023749,0,1.00041970285e-06,1.00041958641e-06,1.00041961417e-06,1.00041949496e-06,-1.64990687362e-14,-3.98414430396e-12,1.06400087207e-07,-3.98358814795e-12,101.617528126,2.6387595343e-06,2.63849068464e-06,2.58539269106e-06
0.504000023939,0,1.00041957866e-06,1.00041965627e-06,1.00041961417e-06,1.00041949496e-06,-1.61074140285e-14,-3.98452720123e-12,1.06399856239e-07,-3.98356359159e-12,101.57879442,2.6379529853e-06,2.63902843875e-06,2.58539269106e-06
0.508000024129,0,1.00041974166e-06,1.00041948549e-06,1.00041961417e-06,1.00041949496e-06,-1.66484710042e-14,-3.98397741168e-12,1.06399632722e-07,-3.9839651335e-12,101.633314043,2.63929723364e-06,2.63768421784e-06,2.58539269106e-06
0.512000024319,0,1.00041957865e-06,1.0004195476e-06,1.00041961417e-06,1.00041949496e-06,-1.61485970854e-14,-3.98446899357e-12,1.06399401754e-07,-3.98399605632e-12,101.583758369,2.63822188976e-06,2.6379529853e-06,2.58539269106e-06
0.516000024509,0,1.00041962522e-06,1.00041944669e-06,1.00041961417e-06,1.00041949496e-06,-1.62924038293e-14,-3.9843166532e-12,1.06399178236e-07,-3.98402425066e-12,101.598557085,2.6387595343e-06,2.63768413564e-06,2.58539269106e-06
0.520000024699,0,1.00041954761e-06,1.00041947773e-06,1.00041961417e-06,1.00041949496e-06,-1.60892969652e-14,-3.98451128507e-12,1.06398947268e-07,-3.98371866044e-12,101.578682661,2.6379529853e-06,2.63768413564e-06,2.58539269106e-06
0.524000024889,0,1.00041960193e-06,1.00041945444e-06,1.00041961417e-06,1.00041949496e-06,-1.61410173708e-14,-3.98445080367e-12,1.06398723751e-07,-3.98375276649e-12,101.58427991,2.6387595343e-06,2.63768430005e-06,2.58539269106e-06
0.528000025079,0,1.00041953984e-06,1.00041953207e-06,1.00041961417e-06,1.00041949496e-06,-1.61558570558e-14,-3.9844280663e-12,1.06398492783e-07,-3.98361224956e-12,101.586189121,2.63768413564e-06,2.63875969865e-06,2.58539269106e-06
0.532000025269,0,1.00041970284e-06,1.00041936129e-06,1.00041961417e-06,1.00041949496e-06,-1.64958499776e-14,-3.98407927509e-12,1.06398269265e-07,-3.98402879813e-12,101.620610803,2.6395660833e-06,2.63768421784e-06,2.58539269106e-06
0.536000025459,0,1.00041967956e-06,1.00041944669e-06,1.00041961417e-06,1.00041949496e-06,-1.618585617e-14,-3.98438077258e-12,1.06398038297e-07,-3.98395558381e-12,101.590035483,2.6387595343e-06,2.63768413564e-06,2.58539269106e-06
0.540000025649,0,1.00041962522e-06,1.00041961745e-06,1.00041961417e-06,1.00041949496e-06,-1.60361519214e-14,-3.98452174426e-12,1.0639781478e-07,-3.9836049736e-12,101.575497538,2.6387595343e-06,2.6387595343e-06,2.58539269106e-06
0.544000025839,0,1.00041966404e-06,1.00041957088e-06,1.00041961417e-06,1.00041949496e-06,-1.63792463623e-14,-3.98417022456e-12,1.06397598713e-07,-3.98383780424e-12,101.610226557,2.63902843875e-06,2.63822188976e-06,2.58539269106e-06
0.548000026029,0,1.00041960194e-06,1.00041958639e-06,1.00041961417e-06,1.00041949496e-06,-1.59969068698e-14,-3.98454402688e-12,1.06397367745e-07,-3.98379187476e-12,101.57241486,2.63849068464e-06,2.6387595343e-06,2.58539269106e-06
0.552000026219,0,1.00041974943e-06,1.00041943117e-06,1.00041961417e-06,1.00041949496e-06,-1.64093662688e-14,-3.98412293083e-12,1.06397136777e-07,-3.98389646665e-12,101.614082232,2.63983498773e-06,2.6379529853e-06,2.58539269106e-06
0.556000026409,0,1.00041971838e-06,1.00041936906e-06,1.00041961417e-06,1.00041949496e-06,-1.63463144829e-14,-3.98417750052e-12,1.0639691326e-07,-3.98400196804e-12,101.6082149,2.63875961648e-06,2.6371464363e-06,2.58539269106e-06
0.560000026599,0,1.00041967179e-06,1.00041954759e-06,1.00041961417e-06,1.00041949496e-06,-1.64868367431e-14,-3.98402834338e-12,1.06396689742e-07,-3.98356131786e-12,101.622696966,2.63902835658e-06,2.63822180757e-06,2.58539269106e-06
0.564000026789,0,1.00041966403e-06,1.00041950102e-06,1.00041961417e-06,1.00041949496e-06,-1.61866235562e-14,-3.98431983644e-12,1.06396458774e-07,-3.98360815683e-12,101.593080908,2.63902843875e-06,2.63768413564e-06,2.58539269106e-06
0.568000026979,0,1.00041962523e-06,1.00041949326e-06,1.00041961417e-06,1.00041949496e-06,-1.61782125066e-14,-3.98432029118e-12,1.06396227806e-07,-3.98399787531e-12,101.592671126,2.638490849e-06,2.63768421784e-06,2.58539269106e-06
0.572000027169,0,1.00041969509e-06,1.00041951654e-06,1.00041961417e-06,1.00041949496e-06,-1.62648099023e-14,-3.98422479424e-12,1.0639601174e-07,-3.9838027887e-12,101.601760834,2.63983490559e-06,2.63822188976e-06,2.58539269106e-06
0.576000027359,0,1.00041953207e-06,1.00041946221e-06,1.00041961417e-06,1.00041949496e-06,-1.59621560011e-14,-3.98451947052e-12,1.06395788222e-07,-3.98395285532e-12,101.571930572,2.6379529853e-06,2.63741534078e-06,2.59863816765e-06
0.580000027549,0,1.00041967956e-06,1.00041943116e-06,1.00041961417e-06,1.00041949496e-06,-1.63538835394e-14,-3.98411929285e-12,1.06395557254e-07,-3.98390919958e-12,101.611521095,2.63902835658e-06,2.63768413564e-06,2.62512912081e-06
0.584000027739,0,1.00041956313e-06,1.00041948549e-06,1.00041961417e-06,1.00041949496e-06,-1.60376813646e-14,-3.98442670206e-12,1.06395333737e-07,-3.98388009575e-12,101.580321789,2.63822180757e-06,2.63768421784e-06,2.65162007398e-06
0.588000027929,0,1.00041960969e-06,1.00041953982e-06,1.00041961417e-06,1.00041949496e-06,-1.61389212697e-14,-3.98431710795e-12,1.06395102769e-07,-3.98367773318e-12,101.590873674,2.63849068464e-06,2.6387595343e-06,2.67811102715e-06
0.592000028118,0,1.00041963298e-06,1.00041950878e-06,1.00041961417e-06,1.00041949496e-06,-1.62045167986e-14,-3.98424298413e-12,1.06394879251e-07,-3.9838969214e-12,101.597858593,2.63849076682e-06,2.63768421784e-06,2.70460198031e-06
0.596000028308,0,1.00041958641e-06,1.00041955536e-06,1.00041961417e-06,1.00041949496e-06,-1.60690376155e-14,-3.98436985864e-12,1.06394648283e-07,-3.98372047943e-12,101.584745571,2.63822180757e-06,2.63822180757e-06,2.73109293348e-06
0.600000028498,0,1.00041961745e-06,1.00041963299e-06,1.00041961417e-06,1.00041949496e-06,-1.6193208511e-14,-3.98423707242e-12,1.06394424766e-07,-3.98356768432e-12,101.597579196,2.6387595343e-06,2.63822188976e-06,2.75758388665e-06
0.604000028688,0,1.00041968732e-06,1.00041958641e-06,1.00041961417e-06,1.00041949496e-06,-1.62363615475e-14,-3.98418568597e-12,1.06394193798e-07,-3.98353221403e-12,101.602319628,2.63902835658e-06,2.63849068464e-06,2.78407483981e-06
0.608000028878,0,1.00041950103e-06,1.00041953208e-06,1.00041961417e-06,1.00041949496e-06,-1.59695243292e-14,-3.98444398246e-12,1.0639397028e-07,-3.98353994473e-12,101.576065645,2.6379529853e-06,2.6379529853e-06,2.81056579298e-06
0.612000029068,0,1.00041968732e-06,1.00041960192e-06,1.00041961417e-06,1.00041949496e-06,-1.63318780309e-14,-3.98407290862e-12,1.06393739312e-07,-3.98363362268e-12,101.612722501,2.6387595343e-06,2.63929723364e-06,2.83705674615e-06
0.616000029258,0,1.00041964075e-06,1.00041947772e-06,1.00041961417e-06,1.00041949496e-06,-1.61980117798e-14,-3.98419841889e-12,1.06393515795e-07,-3.98393466543e-12,101.599767804,2.6387595343e-06,2.63822180757e-06,2.86354769931e-06
0.620000029448,0,1.00041969508e-06,1.0004196485e-06,1.00041961417e-06,1.00041949496e-06,-1.62923967239e-14,-3.98409519124e-12,1.06393292278e-07,-3.98346491142e-12,101.609621197,2.63929731579e-06,2.63902835658e-06,2.89003865248e-06
0.624000029638,0,1.00041965627e-06,1.00041956312e-06,1.00041961417e-06,1.00041949496e-06,-1.613742913e-14,-3.98424207464e-12,1.0639306876e-07,-3.98370138004e-12,101.594561711,2.63902843875e-06,2.63822188976e-06,2.91652960565e-06
0.628000029828,0,1.00041960194e-06,1.00041953206e-06,1.00041961417e-06,1.00041949496e-06,-1.61754182973e-14,-3.98419478091e-12,1.06392837792e-07,-3.98350083646e-12,101.598780602,2.6387595343e-06,2.63822188976e-06,2.94302055881e-06
0.632000030018,0,1.00041966403e-06,1.00041950879e-06,1.00041961417e-06,1.00041949496e-06,-1.62811719251e-14,-3.98408109408e-12,1.06392614275e-07,-3.98367545944e-12,101.609779522,2.63902835658e-06,2.63741534078e-06,2.96951151198e-06
0.636000030208,0,1.0004197339e-06,1.00041950102e-06,1.00041961417e-06,1.00041949496e-06,-1.62032289399e-14,-3.98415067042e-12,1.06392383307e-07,-3.98383962323e-12,101.60241276,2.63902843875e-06,2.63822180757e-06,2.99600246515e-06
0.640000030398,0,1.00041964075e-06,1.00041951654e-06,1.00041961417e-06,1.00041949496e-06,-1.63497801551e-14,-3.98399514683e-12,1.06392159789e-07,-3.98350583868e-12,101.617490873,2.63849068464e-06,2.6387595343e-06,3.02249341831e-06
0.644000030588,0,1.00041972614e-06,1.00041950878e-06,1.00041961417e-06,1.00041949496e-06,-1.6245468929e-14,-3.98409064377e-12,1.06391928821e-07,-3.98373594084e-12,101.607488468,2.63902843875e-06,2.6379530675e-06,3.04898437148e-06
0.648000030778,0,1.00041953207e-06,1.00041953983e-06,1.00041961417e-06,1.00041949496e-06,-1.60497037477e-14,-3.98427799968e-12,1.06391705304e-07,-3.9837345766e-12,101.588340476,2.63822180757e-06,2.63822180757e-06,3.07547532465e-06
0.652000030968,0,1.0004196097e-06,1.00041953207e-06,1.00041961417e-06,1.00041949496e-06,-1.60219392904e-14,-3.98429755382e-12,1.06391474336e-07,-3.98352948554e-12,101.585993543,2.63822180757e-06,2.63822180757e-06,3.10196627781e-06
0.656000031158,0,1.00041964851e-06,1.0004195864e-06,1.00041961417e-06,1.00041949496e-06,-1.61862487449e-14,-3.98412520457e-12,1.06391250819e-07,-3.98364226288e-12,101.602841169,2.63902835658e-06,2.63849068464e-06,3.12845723098e-06
0.660000031348,0,1.00041960969e-06,1.0004195476e-06,1.00041961417e-06,1.00041949496e-06,-1.6105031934e-14,-3.9841975094e-12,1.06391027301e-07,-3.98361270431e-12,101.595148444,2.63849068464e-06,2.6379529853e-06,3.15494818415e-06
0.664000031538,0,1.00041969508e-06,1.00041946222e-06,1.00041961417e-06,1.00041949496e-06,-1.60692614364e-14,-3.98422479424e-12,1.06390796333e-07,-3.98376140669e-12,101.592000574,2.63902835658e-06,2.63768413564e-06,3.18143913731e-06
0.668000031728,0,1.00041960969e-06,1.00041946997e-06,1.00041961417e-06,1.00041949496e-06,-1.61206425579e-14,-3.98416522234e-12,1.06390572816e-07,-3.98389964988e-12,101.59756057,2.63849068464e-06,2.63768413564e-06,3.20793009048e-06
0.672000031918,0,1.00041955536e-06,1.00041955535e-06,1.00041961417e-06,1.00041949496e-06,-1.60386619136e-14,-3.98423843666e-12,1.06390341848e-07,-3.98353903524e-12,101.589793339,2.6379529853e-06,2.63849068464e-06,3.23442104365e-06
0.676000032108,0,1.00041958641e-06,1.00041955535e-06,1.00041961417e-06,1.00041949496e-06,-1.60985855351e-14,-3.98417022456e-12,1.0639011833e-07,-3.98351129565e-12,101.596200839,2.63849068464e-06,2.63822180757e-06,3.20793009048e-06
0.680000032298,0,1.00041954759e-06,1.00041955536e-06,1.00041961417e-06,1.00041949496e-06,-1.59194914626e-14,-3.98434030007e-12,1.06389887362e-07,-3.98343626234e-12,101.578719914,2.63822188976e-06,2.6379529853e-06,3.18143913731e-06
0.684000032488,0,1.00041962523e-06,1.00041958642e-06,1.00041961417e-06,1.00041949496e-06,-1.62106203607e-14,-3.98404062156e-12,1.06389663845e-07,-3.9834339886e-12,101.608261466,2.63902835658e-06,2.6379529853e-06,3.15494818415e-06
0.688000032678,0,1.0004197106e-06,1.00041950879e-06,1.00041961417e-06,1.00041949496e-06,-1.61069148723e-14,-3.98413611851e-12,1.06389432877e-07,-3.98350083646e-12,101.598314941,2.6395660833e-06,2.6379530675e-06,3.12845723098e-06
0.692000032868,0,1.00041960971e-06,1.00041950102e-06,1.00041961417e-06,1.00041949496e-06,-1.62106700986e-14,-3.98402379591e-12,1.06389224261e-07,-3.98351993585e-12,101.60910897,2.63822180757e-06,2.63822180757e-06,3.10196627781e-06
0.696000033058,0,1.00041955537e-06,1.00041953207e-06,1.00041961417e-06,1.00041949496e-06,-1.59870392076e-14,-3.98423934615e-12,1.06388993293e-07,-3.98353858049e-12,101.587176323,2.6379529853e-06,2.6379529853e-06,3.07547532465e-06
0.700000033248,0,1.00041965627e-06,1.00041953982e-06,1.00041961417e-06,1.00041949496e-06,-1.6141411722e-14,-3.98407609186e-12,1.06388769775e-07,-3.98350629343e-12,101.603036746,2.63929723364e-06,2.63849076682e-06,3.04898437148e-06
0.704000033438,0,1.00041953984e-06,1.00041950103e-06,1.00041961417e-06,1.00041949496e-06,-1.58179975385e-14,-3.98439123177e-12,1.06388538807e-07,-3.98376595416e-12,101.571129635,2.6379530675e-06,2.6379529853e-06,3.02249341831e-06
0.708000033628,0,1.00041959417e-06,1.00041947773e-06,1.00041961417e-06,1.00041949496e-06,-1.6144358698e-14,-3.98405608297e-12,1.0638831529e-07,-3.98377095638e-12,101.604191586,2.6387595343e-06,2.6379529853e-06,2.99600246515e-06
0.712000033818,0,1.00041955535e-06,1.00041949325e-06,1.00041961417e-06,1.00041949496e-06,-1.57598680374e-14,-3.98443215903e-12,1.06388084322e-07,-3.98377004689e-12,101.566156372,2.63822188976e-06,2.6379529853e-06,2.96951151198e-06
0.716000034008,0,1.00041959417e-06,1.00041953206e-06,1.00041961417e-06,1.00041949496e-06,-1.60250052823e-14,-3.98415840113e-12,1.06387860804e-07,-3.98358041724e-12,101.593099535,2.63849068464e-06,2.63849076682e-06,2.94302055881e-06
0.720000034198,0,1.00041954761e-06,1.00041945444e-06,1.00041961417e-06,1.00041949496e-06,-1.60125672317e-14,-3.98416249385e-12,1.06387629836e-07,-3.98360906633e-12,101.592279971,2.6379529853e-06,2.63768413564e-06,2.91652960565e-06
0.724000034388,0,1.00041972614e-06,1.00041947772e-06,1.00041961417e-06,1.00041949496e-06,-1.61852273397e-14,-3.98398104966e-12,1.06387406319e-07,-3.98354403746e-12,101.6099751,2.63902843875e-06,2.6379529853e-06,2.89003865248e-06
0.728000034578,0,1.00041965628e-06,1.00041952431e-06,1.00041961417e-06,1.00041949496e-06,-1.62372639368e-14,-3.98392056826e-12,1.06387182802e-07,-3.98338578538e-12,101.615600288,2.6387595343e-06,2.63822188976e-06,2.86354769931e-06
0.732000034768,0,1.00041967956e-06,1.00041957087e-06,1.00041961417e-06,1.00041949496e-06,-1.62526383052e-14,-3.9838969214e-12,1.06386959284e-07,-3.98358360048e-12,101.617565379,2.6387595343e-06,2.63902835658e-06,2.83705674615e-06
0.736000034958,0,1.00041964074e-06,1.00041950103e-06,1.00041961417e-06,1.00041949496e-06,-1.59873784918e-14,-3.98415385365e-12,1.06386728316e-07,-3.98362452774e-12,101.59146972,2.63902843875e-06,2.6379529853e-06,2.81056579298e-06
0.740000035148,0,1.00041960969e-06,1.0004195243e-06,1.00041961417e-06,1.00041949496e-06,-1.59233283934e-14,-3.98420933283e-12,1.06386504799e-07,-3.98361270431e-12,101.585490629,2.638490849e-06,2.63822188976e-06,2.78407483981e-06
0.744000035338,0,1.00041965628e-06,1.00041943893e-06,1.00041961417e-06,1.00041949496e-06,-1.60493076201e-14,-3.98407472761e-12,1.06386273831e-07,-3.98340988699e-12,101.598519832,2.63822180757e-06,2.63687758664e-06,2.75758388665e-06
0.748000035528,0,1.00041968732e-06,1.00041945444e-06,1.00041961417e-06,1.00041949496e-06,-1.60719170899e-14,-3.98404380479e-12,1.06386050313e-07,-3.98377914184e-12,101.601192728,2.63929723364e-06,2.6379529853e-06,2.73109293348e-06
0.752000035718,0,1.00041963299e-06,1.00041950878e-06,1.00041961417e-06,1.00041949496e-06,-1.61984274473e-14,-3.98390829008e-12,1.06385819345e-07,-3.98353994473e-12,101.61427781,2.63849068464e-06,2.6379529853e-06,2.70460198031e-06
0.756000035908,0,1.00041959417e-06,1.00041952431e-06,1.00041961417e-06,1.00041949496e-06,-1.6050506661e-14,-3.98404789752e-12,1.06385588377e-07,-3.98352266433e-12,101.599907503,2.6387595343e-06,2.6379529853e-06,2.67811102715e-06
0.760000036098,0,1.00041953983e-06,1.0004195243e-06,1.00041961417e-06,1.00041949496e-06,-1.5949177938e-14,-3.98414066598e-12,1.0638536486e-07,-3.98352357383e-12,101.590203121,2.63822180757e-06,2.6379531497e-06,2.65162007398e-06
0.764000036288,0,1.00041957865e-06,1.00041947772e-06,1.00041961417e-06,1.00041949496e-06,-1.60054546989e-14,-3.98407609186e-12,1.06385141343e-07,-3.98355995361e-12,101.596247405,2.63849068464e-06,2.63849068464e-06,2.62512912081e-06
0.768000036478,0,1.00041964075e-06,1.00041953983e-06,1.00041961417e-06,1.00041949496e-06,-1.60633337337e-14,-3.98400969874e-12,1.06384917825e-07,-3.98345490698e-12,101.602459326,2.63849068464e-06,2.6387595343e-06,2.59863816765e-06
0.772000036668,0,1.00041959418e-06,1.00041952431e-06,1.00041961417e-06,1.00041949496e-06,-1.59332440172e-14,-3.98413111629e-12,1.06384686857e-07,-3.98361406855e-12,101.589886472,2.6379530675e-06,2.63849076682e-06,2.58539269106e-06
0.776000036858,0,1.00041963299e-06,1.00041956312e-06,1.00041961417e-06,1.00041949496e-06,-1.59263215547e-14,-3.9841292973e-12,1.0638446334e-07,-3.98345536172e-12,101.589616388,2.63849068464e-06,2.6379529853e-06,2.58539269106e-06
0.780000037048,0,1.00041964074e-06,1.00041959417e-06,1.00041961417e-06,1.00041949496e-06,-1.59400403585e-14,-3.98410701468e-12,1.06384232372e-07,-3.98317205412e-12,101.591413841,2.6387595343e-06,2.63822180757e-06,2.58539269106e-06
0.784000037238,0,1.00041957088e-06,1.00041953208e-06,1.00041961417e-06,1.00041949496e-06,-1.59097428163e-14,-3.9841292973e-12,1.06384008854e-07,-3.9834599092e-12,101.588806137,2.63822180757e-06,2.63768421784e-06,2.58539269106e-06
0.788000037428,0,1.00041972613e-06,1.0004195476e-06,1.00041961417e-06,1.00041949496e-06,-1.63042219314e-14,-3.9837259364e-12,1.06383777886e-07,-3.98352493807e-12,101.628676057,2.6395660833e-06,2.6379529853e-06,2.58539269106e-06
0.792000037618,0,1.00041959417e-06,1.00041943116e-06,1.00041961417e-06,1.00041949496e-06,-1.59244848017e-14,-3.98409746498e-12,1.06383561819e-07,-3.98367364045e-12,101.591134444,2.63849068464e-06,2.6371464363e-06,2.58539269106e-06
0.796000037808,0,1.00041953207e-06,1.00041949326e-06,1.00041961417e-06,1.00041949496e-06,-1.58335797407e-14,-3.98417977425e-12,1.06383338302e-07,-3.98360952108e-12,101.582473144,2.63822188976e-06,2.63768413564e-06,2.58539269106e-06
0.800000037998,0,1.00041971061e-06,1.00041947772e-06,1.00041961417e-06,1.00041949496e-06,-1.60016621771e-14,-3.98400333228e-12,1.06383107334e-07,-3.98365954328e-12,101.599711925,2.63929731579e-06,2.63822180757e-06,2.58539269106e-06
0.804000038188,0,1.00041960193e-06,1.00041950102e-06,1.00041961417e-06,1.00041949496e-06,-1.58440495878e-14,-3.98415248941e-12,1.06382876366e-07,-3.98351311464e-12,101.584373042,2.63849068464e-06,2.63768413564e-06,2.58539269106e-06
0.808000038378,0,1.00041961746e-06,1.00041951654e-06,1.00041961417e-06,1.00041949496e-06,-1.60202304351e-14,-3.98396740724e-12,1.06382652849e-07,-3.98347991808e-12,101.60241276,2.63849068464e-06,2.6379529853e-06,2.58539269106e-06
0.812000038568,0,1.00041967956e-06,1.00041950102e-06,1.00041961417e-06,1.00041949496e-06,-1.60941535248e-14,-3.98388509797e-12,1.06382421881e-07,-3.98339578982e-12,101.610226557,2.63902835658e-06,2.6379531497e-06,2.58539269106e-06
0.816000038758,0,1.00041961747e-06,1.00041953207e-06,1.00041961417e-06,1.00041949496e-06,-1.59203583248e-14,-3.984050626e-12,1.06382198363e-07,-3.98338169265e-12,101.593276486,2.63822180757e-06,2.6379530675e-06,2.58539269106e-06
0.820000038948,0,1.00041964851e-06,1.00041949326e-06,1.00041961417e-06,1.00041949496e-06,-1.59042201229e-14,-3.98405835671e-12,1.06381974846e-07,-3.98370047055e-12,101.592084393,2.6387595343e-06,2.6379529853e-06,2.58539269106e-06
0.824000039138,0,1.00041971061e-06,1.00041958641e-06,1.00041961417e-06,1.00041949496e-06,-1.60638684171e-14,-3.98389010019e-12,1.06381751328e-07,-3.98339669932e-12,101.608484983,2.63902843875e-06,2.63822188976e-06,2.58539269106e-06
0.828000039328,0,1.00041961745e-06,1.00041943116e-06,1.00041961417e-06,1.00041949496e-06,-1.60052148908e-14,-3.98393966765e-12,1.0638152036e-07,-3.98359997138e-12,101.60304606,2.6387595343e-06,2.6371464363e-06,2.58539269106e-06
0.832000039518,0,1.00041955536e-06,1.00041960194e-06,1.00041961417e-06,1.00041949496e-06,-1.580384708e-14,-3.98413248053e-12,1.06381296843e-07,-3.98352539282e-12,101.583329961,2.6379529853e-06,2.63822180757e-06,2.58539269106e-06
0.836000039708,0,1.00041962523e-06,1.00041949326e-06,1.00041961417e-06,1.00041949496e-06,-1.59298049904e-14,-3.98399833006e-12,1.06381073326e-07,-3.98339033285e-12,101.59634985,2.63822188976e-06,2.63768413564e-06,2.58539269106e-06
0.840000039898,0,1.00041953207e-06,1.00041952431e-06,1.00041961417e-06,1.00041949496e-06,-1.59012997923e-14,-3.98401833894e-12,1.06380842358e-07,-3.9834339886e-12,101.593919098,2.63849068464e-06,2.6379531497e-06,2.59863816765e-06
0.844000040088,0,1.00041963298e-06,1.00041953206e-06,1.00041961417e-06,1.00041949496e-06,-1.57125672076e-14,-3.98419841889e-12,1.0638061884e-07,-3.98332575873e-12,101.575469598,2.63849068464e-06,2.63849076682e-06,2.62512912081e-06
0.848000040278,0,1.00041967955e-06,1.00041953207e-06,1.00041961417e-06,1.00041949496e-06,-1.60528994136e-14,-3.98384962768e-12,1.06380387872e-07,-3.98317978483e-12,101.609937847,2.6395660833e-06,2.63822180757e-06,2.65162007398e-06
0.852000040468,0,1.00041964851e-06,1.00041955537e-06,1.00041961417e-06,1.00041949496e-06,-1.59382355799e-14,-3.98395603856e-12,1.06380164355e-07,-3.98317842059e-12,101.598892361,2.6387595343e-06,2.63768413564e-06,2.67811102715e-06
0.856000040658,0,1.00041967179e-06,1.00041943116e-06,1.00041961417e-06,1.00041949496e-06,-1.59053712021e-14,-3.98397968542e-12,1.06379933387e-07,-3.98358223623e-12,101.596033201,2.63902835658e-06,2.63714651853e-06,2.70460198031e-06
0.860000040848,0,1.00041964075e-06,1.00041943115e-06,1.00041961417e-06,1.00041949496e-06,-1.58389247984e-14,-3.98403834783e-12,1.06379709869e-07,-3.9837345766e-12,101.589811966,2.6387595343e-06,2.63768413564e-06,2.73109293348e-06
0.864000041038,0,1.00041956313e-06,1.00041954759e-06,1.00041961417e-06,1.00041949496e-06,-1.58180046439e-14,-3.984050626e-12,1.06379486352e-07,-3.98350129121e-12,101.588144898,2.6379529853e-06,2.63849068464e-06,2.75758388665e-06
0.868000041228,0,1.00041965627e-06,1.00041954759e-06,1.00041961417e-06,1.00041949496e-06,-1.59770489768e-14,-3.98388282423e-12,1.06379262834e-07,-3.9832188931e-12,101.604470983,2.63929723364e-06,2.63822180757e-06,2.78407483981e-06
0.872000041418,0,1.00041961747e-06,1.00041956312e-06,1.00041961417e-06,1.00041949496e-06,-1.58448400666e-14,-3.98400697026e-12,1.06379031866e-07,-3.983064279e-12,101.591683924,2.63822188976e-06,2.63822180757e-06,2.81056579298e-06
0.876000041608,0,1.0004197727e-06,1.00041958641e-06,1.00041961417e-06,1.00041949496e-06,-1.62218646994e-14,-3.98362134451e-12,1.06378808349e-07,-3.98306200527e-12,101.629802957,2.6395660833e-06,2.63822180757e-06,2.83705674615e-06
0.880000041798,0,1.00041964851e-06,1.00041950879e-06,1.00041961417e-06,1.00041949496e-06,-1.58752903755e-14,-3.98395922179e-12,1.06378577381e-07,-3.98343762658e-12,101.595576853,2.63875969865e-06,2.63741534078e-06,2.86354769931e-06
0.884000041988,10.2789201736,1.00041954678e-06,1.00041953207e-06,1.00041961417e-06,1.00041949496e-06,-1.70491929477e-13,-3.82933420894e-12,1.06378353864e-07,-3.98344217405e-12,117.05766432,2.66395628735e-06,2.63822180757e-06,2.89003865248e-06
0.888000042178,92.3387374878,1.00041959575e-06,1.00041952432e-06,1.00041961417e-06,1.00041949496e-06,-1.40616839062e-12,-2.59364946287e-12,1.06378122896e-07,-3.98335531731e-12,240.625739098,2.88106523826e-06,2.63768413564e-06,2.91652960565e-06
0.892000042368,255.558456421,1.00041962797e-06,1.00041955535e-06,1.00041961417e-06,1.00041949496e-06,-3.863640349e-12,-1.36169176923e-13,1.06377899378e-07,-3.98336077428e-12,486.373305321,5.52746913295e-06,2.63822188976e-06,2.94302055881e-06
0.896000042558,498.149780273,9.99948366906e-07,1.00041945446e-06,9.99948439458e-07,1.00041949496e-06,-6.35563263346e-12,1.1779136926e-07,1.0637779507e-07,-3.98346263768e-12,735.573023558,1.07793391645e-05,2.6371464363e-06,2.97613425027e-06
0.900000042748,817.45489502,9.98983497127e-07,1.00041946996e-06,9.9898355947e-07,1.00041949496e-06,-8.82408583084e-12,2.41213991629e-07,1.06377832323e-07,-3.98354085423e-12,982.418805361,1.77501436322e-05,2.6379529853e-06,3.00262520344e-06
0.904000042938,1209.9753418,9.97538111002e-07,1.00041949326e-06,9.97538087234e-07,1.00041949496e-06,-1.12269690079e-11,3.61357807201e-07,1.06377996236e-07,-3.98351675262e-12,1222.70740569,2.636400342e-05,2.63822188976e-06,3.02249341831e-06
0.908000043128,1671.41064453,9.95630535391e-07,1.00041949326e-06,9.95630559792e-07,1.00041949496e-06,-1.35370482553e-11,4.7686129688e-07,1.06378271907e-07,-3.98342625789e-12,1453.71586084,3.65187202054e-05,2.6379530675e-06,3.04236163319e-06
0.912000043318,2196.70507812,9.93284785221e-07,1.00041952431e-06,9.93284759398e-07,1.00041949496e-06,-1.57284411728e-11,5.86430190513e-07,1.06378674239e-07,-3.98341034174e-12,1672.85561562,4.80865232325e-05,2.63822180757e-06,3.01587068002e-06
0.916000043508,2780.10375977,9.90529653775e-07,1.00041946221e-06,9.90529594305e-07,1.00041949496e-06,-1.7775429979e-11,6.88778696705e-07,1.06379173427e-07,-3.98354221847e-12,1877.5549531,6.0925676376e-05,2.63768413564e-06,2.98937972685e-06
0.920000043698,3415.21435547,9.87398791065e-07,1.00041960969e-06,9.87398800741e-07,1.00041949496e-06,-1.96534528599e-11,7.82678721359e-07,1.06379776924e-07,-3.9832016127e-12,2065.35771489,7.48768509352e-05,2.63849076682e-06,2.9496432971e-06
0.924000043888,4095.07885742,9.83930542404e-07,1.00041946221e-06,9.8393052568e-07,1.00041949496e-06,-2.13407565213e-11,8.67042539315e-07,1.06380477279e-07,-3.9834685494e-12,2234.08848047,9.1225112377e-05,2.6379530675e-06,2.92315234394e-06
0.928000044078,4812.24853516,9.80166896562e-07,1.00041951655e-06,9.8016685e-07,1.00041949496e-06,-2.28178013791e-11,9.40893349656e-07,1.06381252139e-07,-3.98316932564e-12,2381.79340959,0.000113056988659,2.63849068464e-06,2.92315234394e-06
0.932000044268,5558.86572266,9.76153225487e-07,1.00041953207e-06,9.76153371254e-07,1.00041949496e-06,-2.40668468297e-11,1.00334405646e-06,1.06382094055e-07,-3.98317341837e-12,2506.69836998,0.000136376030988,2.6379530675e-06,2.91652960565e-06
0.936000044458,6326.75,9.71938099764e-07,1.00041957089e-06,9.71938130786e-07,1.00041949496e-06,-2.50757147391e-11,1.05378567906e-06,1.06382980674e-07,-3.98307428344e-12,2607.58548975,0.00016090110058,2.63822180757e-06,2.91652960565e-06
0.940000044648,7107.48925781,9.67571333044e-07,1.00041955537e-06,9.67571434916e-07,1.00041949496e-06,-2.58330127765e-11,1.09164881431e-06,1.06383919447e-07,-3.98325118016e-12,2683.31557512,0.000186343071217,2.6387595343e-06,2.89666139077e-06
0.944000044838,7892.52832031,9.63104788254e-07,1.00041955535e-06,9.63104662848e-07,1.00041949496e-06,-2.6333271241e-11,1.11665999607e-06,1.06384880572e-07,-3.98327118905e-12,2733.34205151,0.00021240148953,2.63849068464e-06,2.8701704376e-06
0.948000045028,8673.26757812,9.58590019041e-07,1.00041959418e-06,9.58589968645e-07,1.00041949496e-06,-2.65730413287e-11,1.12864672853e-06,1.06385856598e-07,-3.98326891531e-12,2757.31950998,0.000238780081526,2.63822188976e-06,2.8701704376e-06
0.952000045218,9441.15136719,9.54079335472e-07,1.0004194855e-06,9.54079267954e-07,1.00041949496e-06,-2.65530560921e-11,1.12764548971e-06,1.06386825174e-07,-3.98344217405e-12,2755.32126427,0.000265174401209,2.6379529853e-06,2.85030222273e-06
0.956000045408,10187.7675781,9.49623605805e-07,1.0004194855e-06,9.49623641954e-07,1.00041949496e-06,-2.62777775125e-11,1.11387991624e-06,1.06387786299e-07,-3.98337077872e-12,2727.79375315,0.000291290457382,2.63768413564e-06,2.85692496102e-06
0.960000045598,10904.9365234,9.45272569377e-07,1.00041957864e-06,9.45272622106e-07,1.00041949496e-06,-2.57548144223e-11,1.08773004734e-06,1.06388725072e-07,-3.98311157273e-12,2675.49842596,0.000316840899508,2.63849068464e-06,2.84367948444e-06
0.964000045788,11584.7998047,9.41073807827e-07,1.00041947774e-06,9.41073772915e-07,1.00041949496e-06,-2.4993874768e-11,1.04968130324e-06,1.06389619141e-07,-3.98327528177e-12,2599.40475225,0.000341545942117,2.6379529853e-06,2.82381126956e-06
0.968000045978,12219.9101562,9.37072102113e-07,1.00041961746e-06,9.37072036285e-07,1.00041949496e-06,-2.40084063383e-11,1.00040626273e-06,1.06390446156e-07,-3.98306882648e-12,2500.85800886,0.000365150283231,2.63902843875e-06,2.78407483981e-06
0.972000046168,12803.3076172,9.33309344891e-07,1.00041945445e-06,9.33309314279e-07,1.00041949496e-06,-2.2813361226e-11,9.40652606497e-07,1.06391228467e-07,-3.98344672152e-12,2381.35397434,0.00038740548662,2.63741525856e-06,2.78407483981e-06
0.976000046358,13328.6005859,9.29824256881e-07,1.00041957864e-06,9.29824171103e-07,1.00041949496e-06,-2.14255505312e-11,8.7126070041e-07,1.06391921371e-07,-3.98323117128e-12,2242.57335067,0.000408086677968,2.63822180757e-06,2.77745210152e-06
0.980000046548,13790.0341797,9.26651393936e-07,1.00041947775e-06,9.2665141587e-07,1.00041949496e-06,-1.98638189839e-11,7.9317307272e-07,1.06392539769e-07,-3.98291102915e-12,2086.40068769,0.000426989129939,2.63741525856e-06,2.76420662494e-06
0.984000046737,14182.5527344,9.23821886537e-07,1.00041954759e-06,9.23821923785e-07,1.00041949496e-06,-1.81473969402e-11,7.07350967529e-07,1.0639306876e-07,-3.9833130258e-12,1914.75898027,0.000443928398858,2.63849068464e-06,2.75758388665e-06
0.988000046927,14501.8564453,9.21362452106e-07,1.00041945445e-06,9.21362516938e-07,1.00041949496e-06,-1.6297230063e-11,6.14841817257e-07,1.06393500894e-07,-3.98331575429e-12,1729.74258661,0.00045874641228,2.63714651853e-06,2.74433841006e-06
0.992000047117,14744.4462891,9.19295711686e-07,1.00041947772e-06,9.1929578549e-07,1.00041949496e-06,-1.43336837575e-11,5.16663848049e-07,1.06393813818e-07,-3.98332939671e-12,1533.38849545,0.000471305740912,2.6379529853e-06,2.70460198031e-06
0.996000047307,14907.6640625,9.17640207064e-07,1.00041953207e-06,9.17640206881e-07,1.00041949496e-06,-1.22779665307e-11,4.13877575545e-07,1.06394029885e-07,-3.98329756439e-12,1327.816993,0.000481493234608,2.6379530675e-06,2.70460198031e-06
1.0000000475,14989.7216797,9.16410065893e-07,1.00041945445e-06,9.16410026621e-07,1.00041949496e-06,-1.01510040366e-11,3.0752924007e-07,1.06394134193e-07,-3.98356813907e-12,1115.12124538,0.000489220799413,2.63768413564e-06,2.69797924202e-06
1.00400004769,14989.7207031,9.15615210385e-07,1.00041956311e-06,9.15615198685e-07,1.00041949496e-06,-7.97445861996e-12,1.98702021932e-07,1.06394111842e-07,-3.98326072986e-12,897.467136383,0.000494421278453,2.63822188976e-06,2.69135650373e-06
1.00800004788,14907.6611328,9.1526160208e-07,1.00041954759e-06,9.15261623933e-07,1.00041949496e-06,-5.76824548624e-12,8.83916018162e-08,1.06393985182e-07,-3.98323344502e-12,676.846206188,0.000497054525569,2.6379529853e-06,2.66486555056e-06
1.01200004807,14744.4414062,9.15261694185e-07,1.00041949325e-06,9.15261623933e-07,1.00041949496e-06,-3.30493116128e-12,-6.95474112098e-13,1.06393754214e-07,-3.98318842503e-12,430.515222251,0.000497684611486,2.63849068464e-06,2.66486555056e-06
1.01600004826,14501.8496094,9.15392185449e-07,1.00041953983e-06,9.15392217709e-07,1.00041949496e-06,3.26399504314e-08,-4.00366206021e-12,1.06393560499e-07,-3.98319024402e-12,99.69599545,0.000497763892737,2.6379529853e-06,2.67148828885e-06
1.02000004845,14182.5449219,9.17110828081e-07,1.00041953983e-06,9.17110917637e-07,1.00041949496e-06,4.29676561463e-07,-4.04337469151e-12,1.06393798917e-07,-3.98313885757e-12,95.7243330777,0.000487768209347,2.63822180757e-06,2.70460198031e-06
1.02400004864,13790.0244141,9.19292732148e-07,1.00041950879e-06,9.19292745653e-07,1.00041949496e-06,5.45448599869e-07,-4.05496483722e-12,1.06394149094e-07,-3.98328073874e-12,94.5648550987,0.000474950967472,2.63768430005e-06,2.72447019519e-06
1.02800004883,13328.5888672,9.21849021251e-07,1.00041947774e-06,9.21849010047e-07,1.00041949496e-06,6.39059840019e-07,-4.06434309181e-12,1.0639460358e-07,-3.98321843835e-12,93.6266127974,0.000459972005755,2.63768413564e-06,2.73109293348e-06
1.03200004902,12803.2939453,9.24771140719e-07,1.0004195243e-06,9.2477112775e-07,1.00041949496e-06,7.30527399126e-07,-4.07351079838e-12,1.06395154923e-07,-3.98326300359e-12,92.7094370127,0.000442847046531,2.6379531497e-06,2.77745210152e-06
1.03600004921,12219.8955078,9.28033781146e-07,1.00041946997e-06,9.28033766788e-07,1.00041949496e-06,8.15653441277e-07,-4.08204686088e-12,1.06395795673e-07,-3.98323480926e-12,91.8553490192,0.000423717834708,2.63768413564e-06,2.81718853127e-06
1.0400000494,11584.7841797,9.31605992123e-07,1.00041950878e-06,9.31605992349e-07,1.00041949496e-06,8.93056211601e-07,-4.08981440036e-12,1.06396518379e-07,-3.98323208078e-12,91.0781696439,0.00040276060124,2.63822188976e-06,2.84367948444e-06
1.04400004959,10904.9199219,9.35453169155e-07,1.00041946998e-06,9.35453233741e-07,1.00041949496e-06,9.61808381036e-07,-4.09671973887e-12,1.06397315591e-07,-3.98337896417e-12,90.387230739,0.000380180272559,2.6379529853e-06,2.88341591419e-06
1.04800004978,10187.7509766,9.39537539634e-07,1.00041950102e-06,9.39537522805e-07,1.00041949496e-06,1.02106249075e-06,-4.1026773839e-12,1.06398172408e-07,-3.98314249555e-12,89.7910166532,0.00035619335397,2.6379529853e-06,2.91652960565e-06
1.05200004997,9441.13378906,9.43817704581e-07,1.00041953984e-06,9.4381779194e-07,1.00041949496e-06,1.07006084649e-06,-4.10761139264e-12,1.06399081379e-07,-3.983064279e-12,89.2971921712,0.000331043047763,2.63768413564e-06,2.9496432971e-06
1.05600005016,8673.24902344,9.48249825885e-07,1.00041957089e-06,9.4824993371e-07,1.00041949496e-06,1.1080287667e-06,-4.11144400331e-12,1.06400035053e-07,-3.98303699416e-12,88.9135058969,0.000304985208376,2.6379529853e-06,2.98275698856e-06
1.06000005035,7892.50976562,9.52787144583e-07,1.00041956312e-06,9.52787158468e-07,1.00041949496e-06,1.13429617595e-06,-4.11410791328e-12,1.0640102598e-07,-3.98297060105e-12,88.6467192322,0.000278294092495,2.63822180757e-06,2.99600246515e-06
1.06400005054,7107.47021484,9.57380978638e-07,1.00041959419e-06,9.57380948034e-07,1.00041949496e-06,1.14844155022e-06,-4.11555992157e-12,1.06402016908e-07,-3.98288419905e-12,88.5010883212,0.000251256691261,2.6379529853e-06,3.0291161566e-06
1.06800005073,6326.73193359,9.61981064827e-07,1.00041949326e-06,9.61980996087e-07,1.00041949496e-06,1.15001284786e-06,-4.11575455344e-12,1.06403022736e-07,-3.98308064991e-12,88.481195271,0.000224168691824,2.63768413564e-06,3.05560710977e-06
1.07200005092,5558.84765625,9.66535562321e-07,1.00041951655e-06,9.66535625402e-07,1.00041949496e-06,1.13865160655e-06,-4.11465588384e-12,1.06403998762e-07,-3.98321434563e-12,88.5906908661,0.00019733585729,2.6379529853e-06,3.06885258635e-06
1.07600005111,4812.23095703,9.70992689163e-07,1.0004194467e-06,9.70992741517e-07,1.00041949496e-06,1.11427139955e-06,-4.11225345359e-12,1.06404959887e-07,-3.98334485812e-12,88.8304598629,0.00017106589364,2.6371464363e-06,3.08209806294e-06
1.0800000513,4095.06225586,9.75300836324e-07,1.00041957087e-06,9.75300846022e-07,1.00041949496e-06,1.07702016559e-06,-4.1085627241e-12,1.06405876308e-07,-3.98300379761e-12,89.1990866512,0.000145661803508,2.638490849e-06,3.09534353952e-06
1.08400005149,3415.19873047,9.79409090863e-07,1.0004195864e-06,9.79409096152e-07,1.00041949496e-06,1.02705538014e-06,-4.10359915678e-12,1.06406748026e-07,-3.98315249999e-12,89.6950531751,0.000121428305995,2.6387595343e-06,3.1152117544e-06
1.08800005168,2780.08911133,9.83268057815e-07,1.00041950879e-06,9.83268139264e-07,1.00041949496e-06,9.64759585806e-07,-4.09739958616e-12,1.06407537788e-07,-3.98327300804e-12,90.314578265,9.86563067887e-05,2.63741534078e-06,3.14170270756e-06
1.09200005187,2196.69189453,9.86830862372e-07,1.00041950878e-06,9.86830887687e-07,1.00041949496e-06,8.9068221821e-07,-4.09001858192e-12,1.06408260494e-07,-3.98328892419e-12,91.0522136837,7.76270859848e-05,2.63822180757e-06,3.16157092244e-06
1.09600005206,1671.39892578,9.9005399136e-07,1.00041950878e-06,9.90054128055e-07,1.00041949496e-06,8.05800316684e-07,-4.0815543695e-12,1.06408893793e-07,-3.98314704302e-12,91.8982364237,5.85960681147e-05,2.6379529853e-06,3.18143913731e-06
1.10000005225,1209.96520996,9.92897192043e-07,1.00041956312e-06,9.92897269603e-07,1.00041949496e-06,7.1078151285e-07,-4.07207288726e-12,1.06409422785e-07,-3.98300834508e-12,92.846006155,4.18048620791e-05,2.63822188976e-06,3.20793009048e-06
1.10400005244,817.446411133,9.95324885601e-07,1.00041961746e-06,9.95324966779e-07,1.00041949496e-06,6.06919048684e-07,-4.0617019192e-12,1.06409840017e-07,-3.98291512187e-12,93.8826333731,2.7464951527e-05,2.6387595343e-06,3.22117556706e-06
1.10800005263,498.143096924,9.97306381369e-07,1.00041951655e-06,9.97306344375e-07,1.00041949496e-06,4.95336233319e-07,-4.05055469742e-12,1.06410145491e-07,-3.98318023958e-12,94.9969049543,1.57589431687e-05,2.6379530675e-06,3.23442104365e-06
1.11200005282,255.553619385,9.98816599738e-07,1.00041950101e-06,9.98816547256e-07,1.00041949496e-06,3.77542524577e-07,-4.03878219803e-12,1.06410309404e-07,-3.98326345834e-12,96.1737520993,6.83741407919e-06,2.63822180757e-06,3.25428925852e-06
1.11600005301,92.3358230591,9.99836184213e-07,1.00041953983e-06,9.99836203912e-07,1.00041949496e-06,2.54914730144e-07,-4.02652084524e-12,1.06410361558e-07,-3.98319069877e-12,97.3994378,1.98445642939e-06,2.63822180757e-06,3.26091199681e-06
1.1200000532,10.2779436111,1.00035192894e-06,1.00041953207e-06,1.00035202251e-06,1.00041949496e-06,1.28938108357e-07,-4.01392025092e-12,1.06410279601e-07,-3.98301789477e-12,98.6591074616,2.25325283472e-06,2.6379529853e-06,3.2741574734e-06
1.12400005339,0,1.00041967143e-06,1.00041953208e-06,1.00041961417e-06,1.00041949496e-06,1.69071852734e-08,-4.00270890976e-12,1.06410063535e-07,-3.98301834952e-12,99.7797772288,2.65140004852e-06,2.63768413564e-06,3.28740294998e-06
1.12800005358,0,1.00041962515e-06,1.00041957088e-06,1.00041961417e-06,1.00041949496e-06,-1.3521905339e-14,-3.98748760647e-12,1.06409832567e-07,-3.98305427456e-12,101.301474497,2.64091033164e-06,2.63822188976e-06,3.31389390315e-06
1.13200005377,0,1.00041972614e-06,1.00041950102e-06,1.00041961417e-06,1.00041949496e-06,-1.66854600826e-14,-3.98431619846e-12,1.06409609049e-07,-3.98325254441e-12,101.618254557,2.63902843875e-06,2.63822188976e-06,3.34038485631e-06
1.13600005396,0,1.00041955537e-06,1.00041955536e-06,1.00041961417e-06,1.00041949496e-06,-1.63033444111e-14,-3.98468954603e-12,1.06409378081e-07,-3.98287101138e-12,101.580461487,2.63768413564e-06,2.63849068464e-06,3.36687580948e-06
1.14000005415,0,1.00041964075e-06,1.00041950103e-06,1.00041961417e-06,1.00041949496e-06,-1.63863269206e-14,-3.98459768707e-12,1.06409154564e-07,-3.98307200971e-12,101.58918798,2.63849068464e-06,2.63741525856e-06,3.39336676265e-06
1.14400005434,0,1.00041956312e-06,1.00041955535e-06,1.00041961417e-06,1.00041949496e-06,-1.62330060095e-14,-3.98474275147e-12,1.06408923596e-07,-3.98305427456e-12,101.574286819,2.63822188976e-06,2.63902835658e-06,3.41985771581e-06
1.14800005453,0,1.00041957089e-06,1.00041947772e-06,1.00041961417e-06,1.00041949496e-06,-1.64854565138e-14,-3.98448218124e-12,1.06408707529e-07,-3.98331757328e-12,101.599954069,2.63822180757e-06,2.63849068464e-06,3.44634866898e-06
1.15200005472,0,1.00041961746e-06,1.00041950102e-06,1.00041961417e-06,1.00041949496e-06,-1.63464317225e-14,-3.98461269373e-12,1.06408476561e-07,-3.98314113131e-12,101.586487144,2.63849068464e-06,2.63768413564e-06,3.47283962215e-06
1.15600005491,0,1.00041957089e-06,1.00041958641e-06,1.00041961417e-06,1.00041949496e-06,-1.62596478093e-14,-3.98469091027e-12,1.06408253043e-07,-3.98287464936e-12,101.578226313,2.63849076682e-06,2.63849068464e-06,3.49933057531e-06
1.1600000551,0,1.00041974942e-06,1.00041949325e-06,1.00041961417e-06,1.00041949496e-06,-1.66578412865e-14,-3.98428436614e-12,1.06408022075e-07,-3.98326982481e-12,101.618468761,2.63902843875e-06,2.6379529853e-06,3.52582152848e-06
1.16400005529,0,1.00041959417e-06,1.00041952431e-06,1.00041961417e-06,1.00041949496e-06,-1.62066715194e-14,-3.98472683531e-12,1.06407798558e-07,-3.98293513076e-12,101.573774591,2.6387595343e-06,2.63822180757e-06,3.55231248165e-06
1.16800005548,0,1.00041963299e-06,1.00041946222e-06,1.00041961417e-06,1.00041949496e-06,-1.64634616635e-14,-3.98446126286e-12,1.0640756759e-07,-3.98300106912e-12,101.599879563,2.63849068464e-06,2.63741525856e-06,3.57880343481e-06
1.17200005567,0,1.00041967956e-06,1.00041950878e-06,1.00041961417e-06,1.00041949496e-06,-1.66123026027e-14,-3.98430392028e-12,1.06407344073e-07,-3.98312339616e-12,101.615190506,2.63902835658e-06,2.63768430005e-06,3.60529438798e-06
1.17600005586,0,1.00041953983e-06,1.00041957088e-06,1.00041961417e-06,1.00041949496e-06,-1.6192805278e-14,-3.98471501188e-12,1.06407128006e-07,-3.98294786368e-12,101.573662832,2.63822188976e-06,2.63902835658e-06,3.63178534114e-06
1.18000005605,0,1.0004196718e-06,1.00041940787e-06,1.00041961417e-06,1.00041949496e-06,-1.66732192076e-14,-3.98422615848e-12,1.06406904488e-07,-3.98321480038e-12,101.622128859,2.6387595343e-06,2.63741534078e-06,3.65827629431e-06
1.18400005624,0,1.00041962523e-06,1.00041949326e-06,1.00041961417e-06,1.00041949496e-06,-1.62955888371e-14,-3.98459495858e-12,1.0640667352e-07,-3.98347264212e-12,101.58480145,2.63849076682e-06,2.63768413564e-06,3.68476724748e-06
1.18800005643,0,1.00041956312e-06,1.00041950878e-06,1.00041961417e-06,1.00041949496e-06,-1.63259787499e-14,-3.98455630506e-12,1.06406442552e-07,-3.98298879094e-12,101.58826597,2.63822180757e-06,2.63929723364e-06,3.71125820064e-06
1.19200005662,0,1.00041963298e-06,1.00041947773e-06,1.00041961417e-06,1.00041949496e-06,-1.64630584305e-14,-3.98441078591e-12,1.06406219035e-07,-3.9830729192e-12,101.602394134,2.63902843875e-06,2.63768413564e-06,3.73774915381e-06
1.19600005681,0,1.00041963299e-06,1.0004195476e-06,1.00041961417e-06,1.00041949496e-06,-1.62917607882e-14,-3.98457358546e-12,1.06405988067e-07,-3.98292649056e-12,101.585686207,2.63849068464e-06,2.6379529853e-06,3.76424010698e-06
1.200000057,0,1.00041969509e-06,1.00041959417e-06,1.00041961417e-06,1.00041949496e-06,-1.64072879313e-14,-3.98444943943e-12,1.0640576455e-07,-3.98309474708e-12,101.597672328,2.6387595343e-06,2.63849068464e-06,3.79073106014e-06
1.20400005719,0,1.00041966404e-06,1.00041950103e-06,1.00041961417e-06,1.00041949496e-06,-1.63184612077e-14,-3.98452992971e-12,1.06405533582e-07,-3.98301971376e-12,101.589215919,2.63875961648e-06,2.63768413564e-06,3.81722201331e-06
1.20800005738,0,1.00041960194e-06,1.00041948549e-06,1.00041961417e-06,1.00041949496e-06,-1.6171364651e-14,-3.98466817291e-12,1.06405310064e-07,-3.98324936117e-12,101.574929431,2.63849076682e-06,2.63768413564e-06,3.84371296648e-06
1.21200005757,0,1.00041965629e-06,1.00041943115e-06,1.00041961417e-06,1.00041949496e-06,-1.64357629313e-14,-3.9843953245e-12,1.06405079096e-07,-3.98334122014e-12,101.601788774,2.6387595343e-06,2.6379529853e-06,3.87020391964e-06
1.21600005776,0,1.00041969508e-06,1.00041964075e-06,1.00041961417e-06,1.00041949496e-06,-1.64282187439e-14,-3.98439396025e-12,1.06404855579e-07,-3.98278779261e-12,101.601462811,2.63875961648e-06,2.6387595343e-06,3.89669487281e-06
1.22000005795,0,1.00041961746e-06,1.00041950102e-06,1.00041961417e-06,1.00041949496e-06,-1.62957682492e-14,-3.98451810628e-12,1.06404624611e-07,-3.98312021293e-12,101.588647813,2.63849068464e-06,2.6379530675e-06,3.92318582598e-06
1.22400005814,0,1.00041953207e-06,1.00041945444e-06,1.00041961417e-06,1.00041949496e-06,-1.62522723757e-14,-3.98455312183e-12,1.06404401093e-07,-3.98314431454e-12,101.584726945,2.63822180757e-06,2.63768413564e-06,3.94967677914e-06
1.22800005833,0,1.0004196097e-06,1.0004196718e-06,1.00041961417e-06,1.00041949496e-06,-1.64002073729e-14,-3.98439668874e-12,1.06404177576e-07,-3.98270230011e-12,101.599935442,2.6387595343e-06,2.63849068464e-06,3.97616773231e-06
1.23200005852,0,1.0004195864e-06,1.00041946221e-06,1.00041961417e-06,1.00041949496e-06,-1.61514659017e-14,-3.98463725009e-12,1.06403954058e-07,-3.98319797472e-12,101.575488225,2.63849068464e-06,2.63768413564e-06,4.00265868548e-06
1.23600005871,0,1.00041965628e-06,1.00041964075e-06,1.00041961417e-06,1.00041949496e-06,-1.64287179001e-14,-3.98435166875e-12,1.0640372309e-07,-3.98281234897e-12,101.603642106,2.63929723364e-06,2.63849068464e-06,4.02914963864e-06
1.2400000589,0,1.00041968732e-06,1.00041957088e-06,1.00041961417e-06,1.00041949496e-06,-1.65536384182e-14,-3.98421797303e-12,1.06403499573e-07,-3.98289374875e-12,101.61655955,2.63902835658e-06,2.63849068464e-06,4.05564059181e-06
1.24400005909,0,1.00041964852e-06,1.00041960969e-06,1.00041961417e-06,1.00041949496e-06,-1.61595820761e-14,-3.98460359878e-12,1.06403268605e-07,-3.98278460938e-12,101.577574387,2.63822188976e-06,2.63902835658e-06,4.08213154498e-06
1.24800005928,0,1.00041969508e-06,1.00041946997e-06,1.00041961417e-06,1.00041949496e-06,-1.66403868042e-14,-3.98411429063e-12,1.06403052538e-07,-3.98324253996e-12,101.626077667,2.63929723364e-06,2.63822188976e-06,4.10862249814e-06
1.25200005947,0,1.00041958641e-06,1.00041950878e-06,1.00041961417e-06,1.00041949496e-06,-1.59591806034e-14,-3.98478731671e-12,1.0640282157e-07,-3.98311293697e-12,101.558389142,2.63822188976e-06,2.6379531497e-06,4.13511345131e-06
1.25600005966,0,1.00041963299e-06,1.00041958641e-06,1.00041961417e-06,1.00041949496e-06,-1.64015662859e-14,-3.98433575259e-12,1.06402598053e-07,-3.98301380205e-12,101.603055373,2.63849068464e-06,2.63822188976e-06,4.16160440448e-06
1.26000005985,0,1.00041955536e-06,1.00041949326e-06,1.00041961417e-06,1.00041949496e-06,-1.60783386199e-14,-3.98465043776e-12,1.06402367085e-07,-3.98310520626e-12,101.571157575,2.63822188976e-06,2.6379529853e-06,4.18809535764e-06
1.26400006004,0,1.00041964075e-06,1.00041955536e-06,1.00041961417e-06,1.00041949496e-06,-1.64090678408e-14,-3.98431119624e-12,1.06402143567e-07,-3.98296787256e-12,101.604647934,2.6387595343e-06,2.63822180757e-06,4.21458631081e-06
1.26800006023,0,1.00041968732e-06,1.00041959417e-06,1.00041961417e-06,1.00041949496e-06,-1.64574682355e-14,-3.98425435282e-12,1.06401912599e-07,-3.98281189422e-12,101.60991922,2.63875961648e-06,2.63849068464e-06,4.24107726398e-06
1.27200006042,0,1.00041966404e-06,1.00041957865e-06,1.00041961417e-06,1.00041949496e-06,-1.64003050726e-14,-3.98430301078e-12,1.06401689082e-07,-3.98315522847e-12,101.604629308,2.63902843875e-06,2.6379529853e-06,4.26756821714e-06
1.27600006061,0,1.00041961747e-06,1.00041948548e-06,1.00041961417e-06,1.00041949496e-06,-1.62962638527e-14,-3.98439850773e-12,1.06401458114e-07,-3.98307610243e-12,101.594654843,2.63822180757e-06,2.63822188976e-06,4.29405917031e-06
1.2800000608,0,1.00041964075e-06,1.00041955536e-06,1.00041961417e-06,1.00041949496e-06,-1.62556918626e-14,-3.98443034004e-12,1.06401234597e-07,-3.98293285702e-12,101.591022685,2.63849068464e-06,2.6387595343e-06,4.32055012348e-06
1.28400006099,0,1.00041965627e-06,1.00041941563e-06,1.00041961417e-06,1.00041949496e-06,-1.64668829267e-14,-3.98421115182e-12,1.06401003629e-07,-3.98308747112e-12,101.612564176,2.63875961648e-06,2.63768421784e-06,4.34704107664e-06
1.28800006118,0,1.00041962522e-06,1.00041957865e-06,1.00041961417e-06,1.00041949496e-06,-1.61403530133e-14,-3.98452856547e-12,1.06400772661e-07,-3.98269229567e-12,101.580340415,2.63849068464e-06,2.63849068464e-06,4.37353202981e-06
1.29200006137,0,1.00041965628e-06,1.00041953983e-06,1.00041961417e-06,1.00041949496e-06,-1.6347703594e-14,-3.98431301523e-12,1.06400549143e-07,-3.98302517073e-12,101.601500064,2.6387595343e-06,2.6379531497e-06,4.40002298298e-06
1.29600006156,0,1.00041960193e-06,1.0004196097e-06,1.00041961417e-06,1.00041949496e-06,-1.63427013731e-14,-3.98430937725e-12,1.06400318175e-07,-3.98299151943e-12,101.601425558,2.63849068464e-06,2.63822188976e-06,4.42651393614e-06
1.30000006175,0,1.00041953983e-06,1.00041943116e-06,1.00041961417e-06,1.00041949496e-06,-1.62295669827e-14,-3.98441396914e-12,1.06400102108e-07,-3.9831852418e-12,101.590529084,2.63822180757e-06,2.63741534078e-06,4.45300488931e-06
1.30400006194,0,1.00041960193e-06,1.0004194855e-06,1.00041961417e-06,1.00041949496e-06,-1.62970490025e-14,-3.98433802633e-12,1.0639987114e-07,-3.98309793031e-12,101.597709581,2.63902835658e-06,2.63741534078e-06,4.47949584248e-06
1.30800006213,0,1.00041956311e-06,1.00041955536e-06,1.00041961417e-06,1.00041949496e-06,-1.60573687274e-14,-3.98456949273e-12,1.06399647623e-07,-3.98297742226e-12,101.574165747,2.63849068464e-06,2.63822188976e-06,4.50598679564e-06
1.31200006232,0,1.00041962523e-06,1.0004196097e-06,1.00041961417e-06,1.00041949496e-06,-1.63106132632e-14,-3.98430710351e-12,1.06399424105e-07,-3.9827982518e-12,101.599916816,2.63849068464e-06,2.63849068464e-06,4.53247774881e-06
1.31600006251,0,1.00041954761e-06,1.00041943893e-06,1.00041961417e-06,1.00041949496e-06,-1.62804276316e-14,-3.98432893138e-12,1.06399200588e-07,-3.98315522847e-12,101.597318426,2.63822188976e-06,2.63741534078e-06,4.55896870198e-06
1.3200000627,0,1.00041969508e-06,1.00041957864e-06,1.00041961417e-06,1.00041949496e-06,-1.65358890607e-14,-3.98406517792e-12,1.06398977071e-07,-3.98281189422e-12,101.623293012,2.63902835658e-06,2.63849068464e-06,4.58545965514e-06
1.32400006289,0,1.00041964075e-06,1.00041957864e-06,1.00041961417e-06,1.00041949496e-06,-1.63390065509e-14,-3.98425435282e-12,1.06398753553e-07,-3.9827646005e-12,101.604033262,2.63902835658e-06,2.6387595343e-06,4.61195060831e-06
1.32800006308,0,1.00041946222e-06,1.00041950878e-06,1.00041961417e-06,1.00041949496e-06,-1.59252237661e-14,-3.98465907796e-12,1.06398522585e-07,-3.98293012853e-12,101.563083008,2.63822188976e-06,2.6379529853e-06,4.63844156148e-06
1.33200006327,0,1.00041959417e-06,1.00041957864e-06,1.00041961417e-06,1.00041949496e-06,-1.61164929883e-14,-3.98445944387e-12,1.06398299068e-07,-3.98300243336e-12,101.582631469,2.6387595343e-06,2.63822188976e-06,4.66493251464e-06
1.33600006346,0,1.00041965626e-06,1.00041964074e-06,1.00041961417e-06,1.00041949496e-06,-1.61967310266e-14,-3.98437031339e-12,1.063980681e-07,-3.98276278151e-12,101.591087878,2.63929723364e-06,2.63902835658e-06,4.69142346781e-06
1.34000006365,0,1.0004196097e-06,1.00041945445e-06,1.00041961417e-06,1.00041949496e-06,-1.62366795154e-14,-3.98432256492e-12,1.06397844582e-07,-3.98305291032e-12,101.595502347,2.63849068464e-06,2.63741534078e-06,4.71791442098e-06
1.34400006384,0,1.00041964074e-06,1.00041949326e-06,1.00041961417e-06,1.00041949496e-06,-1.62754698196e-14,-3.98427481645e-12,1.06397613614e-07,-3.98290375319e-12,101.59981437,2.63902843875e-06,2.63768413564e-06,4.74440537414e-06
1.34800006403,0,1.00041971061e-06,1.00041957864e-06,1.00041961417e-06,1.00041949496e-06,-1.64558073419e-14,-3.98408564155e-12,1.06397390097e-07,-3.98289602248e-12,101.61826387,2.63929723364e-06,2.6387595343e-06,4.77089632731e-06
1.35200006422,0,1.00041959417e-06,1.0004194467e-06,1.00041961417e-06,1.00041949496e-06,-1.59688848408e-14,-3.98456449051e-12,1.06397159129e-07,-3.98303426568e-12,101.570002735,2.63849076682e-06,2.6371464363e-06,4.79738728048e-06
1.35600006441,0,1.00041960969e-06,1.00041950879e-06,1.00041961417e-06,1.00041949496e-06,-1.63012429809e-14,-3.98422343e-12,1.06396935612e-07,-3.98291148389e-12,101.603660733,2.63902843875e-06,2.63822180757e-06,4.82387823364e-06
1.3600000646,0,1.00041974166e-06,1.00041947773e-06,1.00041961417e-06,1.00041949496e-06,-1.6216540958e-14,-3.98429982755e-12,1.06396704644e-07,-3.98312703414e-12,101.595614105,2.63902843875e-06,2.6379529853e-06,4.85036918681e-06
1.36400006479,0,1.0004196718e-06,1.00041957088e-06,1.00041961417e-06,1.00041949496e-06,-1.61742991924e-14,-3.98433347886e-12,1.06396473676e-07,-3.98282280816e-12,101.591823623,2.63902835658e-06,2.63849068464e-06,4.87686013998e-06
1.36800006498,0,1.00041960193e-06,1.00041950102e-06,1.00041961417e-06,1.00041949496e-06,-1.61869059969e-14,-3.98431210573e-12,1.06396250158e-07,-3.98296468933e-12,101.593509316,2.63849068464e-06,2.6379529853e-06,4.90335109314e-06
1.37200006517,0,1.00041967179e-06,1.00041957088e-06,1.00041961417e-06,1.00041949496e-06,-1.6219871627e-14,-3.98427072372e-12,1.0639601919e-07,-3.98276187202e-12,101.597234607,2.6387595343e-06,2.6387595343e-06,4.92984204631e-06
1.37600006536,0,1.00041971061e-06,1.00041953983e-06,1.00041961417e-06,1.00041949496e-06,-1.64072115479e-14,-3.98407472761e-12,1.06395803123e-07,-3.9827991613e-12,101.616382599,2.63902843875e-06,2.63822180757e-06,4.95633299948e-06
1.38000006555,0,1.00041967179e-06,1.00041949326e-06,1.00041961417e-06,1.00041949496e-06,-1.60868100656e-14,-3.9843866843e-12,1.06395572155e-07,-3.98298424347e-12,101.584773511,2.63902843875e-06,2.63768413564e-06,4.98282395264e-06
1.38400006574,0,1.00041950879e-06,1.00041953207e-06,1.00041961417e-06,1.00041949496e-06,-1.6051462341e-14,-3.98441351439e-12,1.06395348638e-07,-3.98271685203e-12,101.581662893,2.63768413564e-06,2.6379531497e-06,5.00931490581e-06
1.38800006593,0,1.00041969508e-06,1.00041957864e-06,1.00041961417e-06,1.00041949496e-06,-1.63837547559e-14,-3.98407245388e-12,1.0639511767e-07,-3.98281598695e-12,101.615320891,2.63983490559e-06,2.6387595343e-06,5.03580585898e-06
1.39200006612,0,1.00041955535e-06,1.00041943892e-06,1.00041961417e-06,1.00041949496e-06,-1.6080718938e-14,-3.98436713016e-12,1.06394894152e-07,-3.98298651721e-12,101.58543475,2.63929731579e-06,2.63768413564e-06,5.06229681214e-06
1.39600006631,0,1.00041962522e-06,1.00041946996e-06,1.00041961417e-06,1.00041949496e-06,-1.62777133583e-14,-3.98416158436e-12,1.06394663184e-07,-3.98297060105e-12,101.605560631,2.63902843875e-06,2.6379529853e-06,5.08878776531e-06
1.4000000665,0,1.0004196097e-06,1.00041955535e-06,1.00041961417e-06,1.00041949496e-06,-1.60983457269e-14,-3.98433256936e-12,1.06394439667e-07,-3.98284963825e-12,101.588051766,2.63849068464e-06,2.63849068464e-06,5.11527871848e-06
1.40400006669,0,1.00041956313e-06,1.00041960193e-06,1.00041961417e-06,1.00041949496e-06,-1.5901477428e-14,-3.98452128951e-12,1.0639421615e-07,-3.98276778373e-12,101.568792015,2.63768413564e-06,2.63849068464e-06,5.14176967164e-06
1.40800006688,0,1.00041960193e-06,1.00041961745e-06,1.00041961417e-06,1.00041949496e-06,-1.61008930226e-14,-3.98431346997e-12,1.06393992632e-07,-3.98278824736e-12,101.589169353,2.6387595343e-06,2.638490849e-06,5.16826062481e-06
1.41200006707,0,1.00041968733e-06,1.00041957088e-06,1.00041961417e-06,1.00041949496e-06,-1.62770330136e-14,-3.9841283878e-12,1.06393761664e-07,-3.98262681205e-12,101.607199758,2.63849068464e-06,2.63822180757e-06,5.19475157798e-06
1.41600006726,0,1.00041964075e-06,1.00041951654e-06,1.00041961417e-06,1.00041949496e-06,-1.61813673163e-14,-3.98421569929e-12,1.06393538147e-07,-3.98288829178e-12,101.598054171,2.63849068464e-06,2.6379531497e-06,5.22124253114e-06
1.42000006745,0,1.00041962523e-06,1.00041945444e-06,1.00041961417e-06,1.00041949496e-06,-1.62896913324e-14,-3.98409882922e-12,1.06393307179e-07,-3.98269957163e-12,101.609313861,2.63849068464e-06,2.6379529853e-06,5.24773348431e-06
1.42400006764,0,1.00041970286e-06,1.00041953207e-06,1.00041961417e-06,1.00041949496e-06,-1.63341215696e-14,-3.98404562378e-12,1.06393083661e-07,-3.98263181427e-12,101.614184678,2.63849068464e-06,2.63768413564e-06,5.27422443748e-06
1.42800006783,0,1.00041964852e-06,1.00041963298e-06,1.00041961417e-06,1.00041949496e-06,-1.6144811669e-14,-3.98422661323e-12,1.06392852693e-07,-3.98268092699e-12,101.595679298,2.63822180757e-06,2.63875961648e-06,5.30071539064e-06
1.43200006802,0,1.00041955536e-06,1.00041943116e-06,1.00041961417e-06,1.00041949496e-06,-1.59649519867e-14,-3.98439805298e-12,1.06392629176e-07,-3.98287146613e-12,101.578114554,2.63849068464e-06,2.63741534078e-06,5.32720634381e-06
1.43600006821,0,1.00041971836e-06,1.00041950878e-06,1.00041961417e-06,1.00041949496e-06,-1.61438897398e-14,-3.98421069707e-12,1.06392398208e-07,-3.98294695419e-12,101.596433669,2.63929723364e-06,2.6379531497e-06,5.35369729698e-06
1.4400000684,0,1.00041951655e-06,1.00041950102e-06,1.00041961417e-06,1.00041949496e-06,-1.57897996501e-14,-3.98455630506e-12,1.06392174691e-07,-3.98304108689e-12,101.561453193,2.63822180757e-06,2.6379529853e-06,5.38018825014e-06
1.44400006859,0,1.0004195243e-06,1.00041941562e-06,1.00041961417e-06,1.00041949496e-06,-1.59309791623e-14,-3.98440623843e-12,1.06391943723e-07,-3.98305018184e-12,101.576000452,2.63822180757e-06,2.6379530675e-06,5.40667920331e-06
1.44800006878,0,1.00041960195e-06,1.00041946997e-06,1.00041961417e-06,1.00041949496e-06,-1.61290251858e-14,-3.98419978314e-12,1.06391727656e-07,-3.98287874208e-12,101.596219465,2.6387595343e-06,2.63768413564e-06,5.43317015648e-06
1.45200006897,0,1.00041958641e-06,1.00041953983e-06,1.00041961417e-06,1.00041949496e-06,-1.59570312116e-14,-3.98436349218e-12,1.06391504138e-07,-3.98279779706e-12,101.579455659,2.6387595343e-06,2.63822180757e-06,5.45966110964e-06
1.45600006916,0,1.00041973389e-06,1.0004194855e-06,1.00041961417e-06,1.00041949496e-06,-1.63150967879e-14,-3.98399651107e-12,1.0639127317e-07,-3.9827136688e-12,101.615684107,2.6395660833e-06,2.63741525856e-06,5.48615206281e-06
1.46000006935,0,1.00041967956e-06,1.0004194622e-06,1.00041961417e-06,1.00041949496e-06,-1.61349972975e-14,-3.98416795082e-12,1.06391049653e-07,-3.98309702081e-12,101.598100737,2.6387595343e-06,2.6379529853e-06,5.51264301598e-06
1.46400006954,0,1.00041970283e-06,1.00041962522e-06,1.00041961417e-06,1.00041949496e-06,-1.61874229167e-14,-3.98410701468e-12,1.06390818685e-07,-3.98267774376e-12,101.603772491,2.6395660833e-06,2.6387595343e-06,5.53913396914e-06
1.46800006973,0,1.00041965627e-06,1.00041945445e-06,1.00041961417e-06,1.00041949496e-06,-1.60277977152e-14,-3.9842579908e-12,1.06390595167e-07,-3.98296878206e-12,101.588228717,2.63849068464e-06,2.6371464363e-06,5.56562492231e-06
1.47200006992,0,1.00041965627e-06,1.00041959418e-06,1.00041961417e-06,1.00041949496e-06,-1.60247992249e-14,-3.98425298858e-12,1.06390364199e-07,-3.98249584482e-12,101.588359103,2.63902835658e-06,2.63849076682e-06,5.59211587548e-06
1.47600007011,0,1.0004195476e-06,1.00041951654e-06,1.00041961417e-06,1.00041949496e-06,-1.59771520055e-14,-3.98429209685e-12,1.06390140682e-07,-3.98277596918e-12,101.584019139,2.6379530675e-06,2.63849068464e-06,5.56562492231e-06
1.4800000703,0,1.00041974943e-06,1.00041947774e-06,1.00041961417e-06,1.00041949496e-06,-1.64929776086e-14,-3.98376731841e-12,1.06389909714e-07,-3.98266637507e-12,101.636033505,2.63902835658e-06,2.63768413564e-06,5.53913396914e-06
1.48400007049,0,1.00041958641e-06,1.00041957088e-06,1.00041961417e-06,1.00041949496e-06,-1.60755337524e-14,-3.98417659102e-12,1.06389693647e-07,-3.98266455608e-12,101.594710723,2.63822188976e-06,2.63849068464e-06,5.51264301598e-06
1.48800007068,0,1.00041961745e-06,1.00041949326e-06,1.00041961417e-06,1.00041949496e-06,-1.62543240679e-14,-3.98398968986e-12,1.06389462679e-07,-3.98289102026e-12,101.613011211,2.63875961648e-06,2.6379529853e-06,5.48615206281e-06
1.49200007087,0,1.00041963298e-06,1.00041954761e-06,1.00041961417e-06,1.00041949496e-06,-1.57468420128e-14,-3.98448809296e-12,1.06389239162e-07,-3.98253358885e-12,101.562691852,2.63902835658e-06,2.63822188976e-06,5.45966110964e-06
1.49600007106,0,1.00041957089e-06,1.0004194001e-06,1.00041961417e-06,1.00041949496e-06,-1.58898263035e-14,-3.98433666209e-12,1.06389008194e-07,-3.98295604913e-12,101.577416062,2.6379529853e-06,2.63741534078e-06,5.43317015648e-06
1.50000007125,0,1.00041961746e-06,1.00041949326e-06,1.00041961417e-06,1.00041949496e-06,-1.60837724954e-14,-3.98413475426e-12,1.06388784676e-07,-3.9827050286e-12,101.597234607,2.63849068464e-06,2.63768413564e-06,5.40667920331e-06
1.50400007144,0,1.00041958641e-06,1.00041953207e-06,1.00041961417e-06,1.00041949496e-06,-1.59903112569e-14,-3.98421933727e-12,1.06388553708e-07,-3.98252494865e-12,101.588312536,2.63875961648e-06,2.638490849e-06,5.38018825014e-06
1.50800007163,0,1.00041953207e-06,1.00041963299e-06,1.00041961417e-06,1.00041949496e-06,-1.58050692135e-14,-3.98439623399e-12,1.06388330191e-07,-3.98259225125e-12,101.570207626,2.6379529853e-06,2.63902835658e-06,5.35369729698e-06
1.51200007182,0,1.00041970285e-06,1.00041943116e-06,1.00041961417e-06,1.00041949496e-06,-1.61691815084e-14,-3.98402379591e-12,1.06388099223e-07,-3.9830738287e-12,101.607050747,2.63875961648e-06,2.63714660075e-06,5.32720634381e-06
1.51600007201,0,1.00041964851e-06,1.00041949326e-06,1.00041961417e-06,1.00041949496e-06,-1.6128284445e-14,-3.98405562823e-12,1.06387875706e-07,-3.98288920127e-12,101.603390649,2.63902843875e-06,2.63822180757e-06,5.30071539064e-06
1.5200000722,0,1.00041963298e-06,1.00041952431e-06,1.00041961417e-06,1.00041949496e-06,-1.58151216168e-14,-3.98436030895e-12,1.06387652188e-07,-3.98281462271e-12,101.572489366,2.63902835658e-06,2.6379529853e-06,5.27422443748e-06
1.52400007239,0,1.0004196718e-06,1.00041944668e-06,1.00041961417e-06,1.00041949496e-06,-1.6228941705e-14,-3.98393830341e-12,1.06387428671e-07,-3.98289647723e-12,101.614296436,2.63902835658e-06,2.63768413564e-06,5.24773348431e-06
1.52800007258,0,1.00041951655e-06,1.00041950879e-06,1.00041961417e-06,1.00041949496e-06,-1.58730503895e-14,-3.98428527564e-12,1.06387197703e-07,-3.98281462271e-12,101.579139009,2.6379529853e-06,2.6379529853e-06,5.22124253114e-06
1.53200007277,0,1.00041971062e-06,1.00041957089e-06,1.00041961417e-06,1.00041949496e-06,-1.62374824287e-14,-3.98391283756e-12,1.06386974185e-07,-3.98236396808e-12,101.61601007,2.6387595343e-06,2.638490849e-06,5.19475157798e-06
1.53600007296,0,1.00041964075e-06,1.00041943891e-06,1.00041961417e-06,1.00041949496e-06,-1.60494941376e-14,-3.98409200801e-12,1.06386743217e-07,-3.98283508634e-12,101.597644389,2.63849068464e-06,2.6379529853e-06,5.16826062481e-06
1.54000007315,0,1.00041958641e-06,1.00041940011e-06,1.00041961417e-06,1.00041949496e-06,-1.59731676371e-14,-3.98415976537e-12,1.06386512249e-07,-3.98303153719e-12,101.590426639,2.63822188976e-06,2.63714651853e-06,5.14176967164e-06
1.54400007334,0,1.00041959417e-06,1.00041955536e-06,1.00041961417e-06,1.00041949496e-06,-1.60218096163e-14,-3.9841024672e-12,1.06386288732e-07,-3.98263863548e-12,101.595725864,2.63875961648e-06,2.6379529853e-06,5.11527871848e-06
1.54800007353,0,1.00041969509e-06,1.00041957865e-06,1.00041961417e-06,1.00041949496e-06,-1.60322759108e-14,-3.98408382256e-12,1.06386072665e-07,-3.98245127958e-12,101.597188041,2.63875969865e-06,2.63902835658e-06,5.08878776531e-06
1.55200007372,0,1.00041964076e-06,1.00041941564e-06,1.00041961417e-06,1.00041949496e-06,-1.60872097459e-14,-3.98402061268e-12,1.06385849148e-07,-3.98296559883e-12,101.603120565,2.63822180757e-06,2.63741534078e-06,5.06229681214e-06
1.55600007391,0,1.00041970285e-06,1.00041964075e-06,1.00041961417e-06,1.00041949496e-06,-1.62173900565e-14,-3.98388145999e-12,1.0638561818e-07,-3.98241171656e-12,101.61655955,2.63902835658e-06,2.63902835658e-06,5.03580585898e-06
1.5600000741,0,1.00041963299e-06,1.00041944667e-06,1.00041961417e-06,1.00041949496e-06,-1.59654067341e-14,-3.98412520457e-12,1.06385387212e-07,-3.9829183051e-12,101.591777056,2.63849068464e-06,2.63768413564e-06,5.00931490581e-06
1.56400007429,0,1.00041964851e-06,1.00041958641e-06,1.00041961417e-06,1.00041949496e-06,-1.59914641125e-14,-3.98409064377e-12,1.06385163694e-07,-3.9823698798e-12,101.594813168,2.6387595343e-06,2.63849068464e-06,4.98282395264e-06
1.56800007448,0,1.00041967956e-06,1.00041957088e-06,1.00041961417e-06,1.00041949496e-06,-1.61910218157e-14,-3.98388236949e-12,1.06384940177e-07,-3.98245082483e-12,101.615199819,2.63983490559e-06,2.63822180757e-06,4.95633299948e-06
1.57200007467,0,1.00041964074e-06,1.0004194855e-06,1.00041961417e-06,1.00041949496e-06,-1.59992001465e-14,-3.98406563267e-12,1.06384709209e-07,-3.9827309492e-12,101.596442983,2.63929723364e-06,2.6379529853e-06,4.92984204631e-06
1.57600007486,0,1.00041956312e-06,1.00041941563e-06,1.00041961417e-06,1.00041949496e-06,-1.57062984444e-14,-3.98435030451e-12,1.06384485691e-07,-3.98277733343e-12,101.567571983,2.63822188976e-06,2.6379531497e-06,4.90335109314e-06
1.58000007505,0,1.00041971838e-06,1.00041950878e-06,1.00041961417e-06,1.00041949496e-06,-1.61171040551e-14,-3.98393102745e-12,1.06384254723e-07,-3.98276914797e-12,101.60908103,2.63929723364e-06,2.63822188976e-06,4.87686013998e-06
1.58400007524,0,1.00041953983e-06,1.00041953208e-06,1.00041961417e-06,1.00041949496e-06,-1.57060817288e-14,-3.98433347886e-12,1.06384031206e-07,-3.98260407469e-12,101.56840086,2.63849068464e-06,2.63822188976e-06,4.85036918681e-06
1.58800007543,0,1.00041957865e-06,1.0004194855e-06,1.00041961417e-06,1.00041949496e-06,-1.57812429392e-14,-3.98424980534e-12,1.06383800238e-07,-3.982722309e-12,101.576345041,2.63849068464e-06,2.63768413564e-06,4.82387823364e-06
1.59200007562,0,1.00041963299e-06,1.00041946221e-06,1.00041961417e-06,1.00041949496e-06,-1.61009907222e-14,-3.98392147776e-12,1.06383576721e-07,-3.98282280816e-12,101.608745754,2.63902835658e-06,2.6379529853e-06,4.79738728048e-06
1.59600007581,0,1.00041963298e-06,1.00041953207e-06,1.00041961417e-06,1.00041949496e-06,-1.58448453957e-14,-3.98416931506e-12,1.06383353203e-07,-3.98250175653e-12,101.583553478,2.6387595343e-06,2.6379530675e-06,4.77089632731e-06
1.600000076,0,1.00041967956e-06,1.0004194622e-06,1.00041961417e-06,1.00041949496e-06,-1.60507322583e-14,-3.98395467431e-12,1.06383129686e-07,-3.98265000417e-12,101.604573429,2.63902835658e-06,2.63822188976e-06,4.74440537414e-06
