accepted_step,time_ms,lv_geometry_ml,lv_blood_ml,lv_pressure_pa,rv_geometry_ml,rv_blood_ml,rv_pressure_pa,mitral_ml_s,aortic_ml_s,tricuspid_ml_s,pulmonary_ml_s,total_blood_ml,max_activation,min_electric_potential,max_electric_potential,min_recovery_gate,max_recovery_gate,voltage_nodes_over_0_5,unpaced_voltage_nodes_over_0_5,activation_nodes_over_0_01,max_unpaced_voltage
53,27.135999931488186,101.17058354435819,101.17057306296019,1095.8350449800491,121.38478150974669,121.38492754421547,288.77818956971169,0,0,0,0,5150.0001053383985,0.41527193784713745,-1.4026662029209547e-05,0.94438320398330688,0.83736801147460938,1,76218,72291,77811,0.94438320398330688
54,27.64799993019551,101.17057600877185,101.17057306296019,1129.1167140007019,121.38491595269991,121.38492754421547,331.02318644523621,0,0,0,0,5150.0001023581653,0.42119884490966797,-6.7986229623784311e-06,0.94441533088684082,0.83451467752456665,1,77446,73519,79053,0.94441533088684082
55,28.159999928902835,101.17055681013042,101.17057306296019,1165.9294366836548,121.38495751707572,121.38492754421547,341.12941473722458,0,0,0,0,5150.0000814965406,0.42706570029258728,-6.0126922107883729e-06,0.94439822435379028,0.83167105913162231,1,78640,74713,80243,0.94439822435379028
56,28.671999927610159,101.17057632496804,101.17057306296019,1199.135035276413,121.38494031750267,121.38492754421547,351.31994634866714,0,0,0,0,5150.0001202395579,0.43287310004234314,-6.6411721491022035e-06,0.94443726539611816,0.82883715629577637,1,79866,75939,81485,0.94443726539611816
57,29.183999926317483,101.170568579462,101.17057306296019,1229.7387421131134,121.38491123019953,121.38492754421547,362.9777580499649,0,0,0,0,5150.0002334883811,0.43862161040306091,-6.9144389271968976e-06,0.94438678026199341,0.82601290941238403,1,81111,77184,82713,0.94438678026199341
58,29.695999925024807,101.1705776849788,101.17057306296019,1256.7657232284546,121.38492278180001,121.38492754421547,373.27650934457779,0,0,0,0,5150.0002588203533,0.44431188702583313,-3.3944534152396955e-06,0.9443555474281311,0.82319825887680054,1,82326,78399,83964,0.9443555474281311
59,30.207999923732132,101.17056985975573,101.17057306296019,1284.3064963817596,121.38497043449264,121.38492754421547,388.98862898349762,0,0,0,0,5150.0002334883811,0.44994440674781799,-2.7329056138114538e-06,0.9443436861038208,0.82039320468902588,1,83593,79666,85253,0.9443436861038208
60,30.719999922439456,101.17058133295012,101.17057306296019,1308.257132768631,121.38496811864863,121.38492754421547,399.63599294424057,0,0,0,0,5150.0001366308361,0.45551985502243042,-1.9250708191975718e-06,0.94434875249862671,0.81759774684906006,1,84811,80884,86474,0.94434875249862671
61,31.23199992114678,101.17056790036932,101.17057306296019,1333.1735134124756,121.38491524717369,121.38492754421547,412.68523782491684,0,0,0,0,5150.0000829866567,0.46103879809379578,-8.6491745605599135e-06,0.94435107707977295,0.8148118257522583,1,86054,82127,87742,0.94435107707977295
62,31.743999919854105,101.17057290720744,101.17057306296019,1357.632577419281,121.38495035031761,121.38492754421547,427.43295431137085,0,0,0,0,5150.0001202395588,0.46650183200836182,-1.1132453437312506e-05,0.94435948133468628,0.81203538179397583,1,87343,83416,89026,0.94435948133468628
63,32.255999918561429,101.17056958543196,101.17057306296019,1380.8465003967285,121.38495785878705,121.38492754421547,443.75676661729813,0,0,0,0,5150.0001276901394,0.47190949320793152,-1.2153437637607567e-05,0.94434767961502075,0.80926841497421265,1,88575,84648,90284,0.94434767961502075
64,32.767999917268753,101.17056812852998,101.17057306296019,1406.2055945396423,121.38489682125032,121.38492754421547,457.19381421804428,0,0,0,0,5150.0001202395579,0.47726231813430786,-6.0553611547220498e-06,0.94437229633331299,0.80651086568832397,1,89870,85943,91543,0.94437229633331299
65,33.279999915976077,101.17056698182076,101.17057306296019,1435.9793066978455,121.38490983754154,121.38492754421547,474.29360449314117,0,0,0,0,5150.000133650602,0.4825609028339386,-8.8579981820657849e-06,0.9443511962890625,0.80376267433166504,1,91140,87213,92862,0.9443511962890625
66,33.791999914683402,101.170579566805,101.17057306296019,1465.9462869167328,121.38493441453741,121.38492754421547,493.75288188457489,0,0,0,0,5150.0001112988621,0.48780578374862671,-9.0193616415490396e-06,0.9443361759185791,0.80102384090423584,1,92437,88510,94157,0.9443361759185791
67,34.303999913390726,101.17056468622124,101.17057306296019,1500.7887780666351,121.38493379327389,121.38492754421547,509.69183444976807,0,0,0,0,5150.0001396110674,0.49299752712249756,-9.6147032309090719e-06,0.94435471296310425,0.79829436540603638,1,93705,89778,95453,0.94435471296310425
68,34.81599991209805,101.17057411134704,101.17057306296019,1539.1315519809723,121.38490223303047,121.38492754421547,517.5316333770752,0,0,0,0,5150.0001098087459,0.49813660979270935,-1.2216489267302677e-05,0.94434553384780884,0.79557418823242188,1,95050,91123,96769,0.94434553384780884
69,35.327999910805374,101.17057005301895,101.17057306296019,1579.4433653354645,121.38492214163284,121.38492754421547,544.94254291057587,0,0,0,0,5150.0000740459591,0.50322365760803223,-1.2990967661608011e-05,0.94432312250137329,0.79286330938339233,1,96352,92425,98097,0.94432312250137329
70,35.839999909512699,101.17057006428276,101.17057306296019,1623.8187253475189,121.38491910458451,121.38492754421547,560.7248842716217,0,0,0,0,5150.0001127889782,0.50825905799865723,-6.7190558183938265e-06,0.94434231519699097,0.79016166925430298,1,97663,93736,99376,0.94434231519699097
71,36.351999908220023,101.17056395572324,101.17057306296019,1672.3944246768951,121.38493197548833,121.38492754421547,576.95817202329636,0,0,0,0,5150.0000874570051,0.51324343681335449,-5.6280678109033033e-06,0.94434142112731934,0.78746920824050903,1,98973,95046,100735,0.94434142112731934
72,36.863999906927347,101.17057519976041,101.17057306296019,1722.0459878444672,121.38485192150499,121.38492754421547,585.72050184011459,0,0,0,0,5150.0000427535233,0.51817727088928223,-4.6644354370073415e-06,0.94431811571121216,0.7847859263420105,1,100313,96386,102058,0.94431811571121216
73,37.375999905634671,101.1705728770058,101.17057306296019,1771.33709192276,121.38493165819909,121.38492754421547,609.31246727705002,0,0,0,0,5150.000001030272,0.52306109666824341,-3.2604498301225249e-06,0.94432669878005981,0.7821117639541626,1,101609,97682,103395,0.94432669878005981
74,37.887999904341996,101.17061670354161,101.17057306296019,1837.0512127876282,121.38494569482552,121.38492754421547,622.79880046844482,0,0,0,0,5150.000024872129,0.52789545059204102,-2.513857907615602e-06,0.94431602954864502,0.77944672107696533,1,102955,99028,104699,0.94431602954864502
75,38.39999990304932,101.17056979368137,101.17057306296019,1875.2066791057587,121.38492106718309,121.38492754421547,636.95810735225677,0,0,0,0,5149.9999801686463,0.53268080949783325,-5.3374615163193084e-06,0.9443061351776123,0.7767907977104187,1,104289,100362,106062,0.9443061351776123
76,38.911999901756644,101.17058086216456,101.17057306296019,1927.8039038181305,121.3849685472528,121.38492754421547,655.60422837734222,0,0,0,0,5150.0000427535224,0.53741765022277832,-8.0788558989297599e-06,0.9443168044090271,0.77414387464523315,1,105643,101716,107389,0.9443168044090271
77,39.423999900463969,101.17056434763448,101.17057306296019,1980.1776111125946,121.38490836932468,121.38492754421547,668.10943186283112,0,0,0,0,5149.9999920895752,0.54210644960403442,-4.9800210035755299e-06,0.94428318738937378,0.77150601148605347,1,106964,103037,108753,0.94428318738937378
78,39.935999899171293,101.17057077288102,101.17057306296019,2032.3944091796875,121.38489896201902,121.38492754421547,681.7154586315155,0,0,0,0,5149.9999384453959,0.54674774408340454,-6.14881264482392e-06,0.94428443908691406,0.76887714862823486,1,108333,104406,110126,0.94428443908691406
79,40.447999897878617,101.17057033543875,101.17057306296019,2086.4152908325195,121.38492855985641,121.38492754421547,702.15031504631042,0,0,0,0,5149.9999309948171,0.55134201049804688,-6.2367707869270816e-06,0.94430816173553467,0.76625722646713257,1,109686,105759,111497,0.94430816173553467
80,40.959999896585941,101.17058571140601,101.17057306296019,2143.3869004249573,121.38499046869785,121.38492754421547,732.56634175777435,0,0,0,0,5149.9999682477182,0.55588972568511963,-3.2894886317080818e-06,0.94431304931640625,0.76364624500274658,1,111063,107136,112892,0.94431304931640625
81,41.471999895293266,101.17057213524274,101.17057306296019,2201.0631859302521,121.38491289781076,121.38492754421547,741.38611555099487,0,0,0,0,5149.999963777369,0.56039136648178101,-5.5830605560913682e-06,0.944305419921875,0.76104414463043213,1,112437,108510,114261,0.944305419921875
82,41.98399989400059,101.17057901317035,101.17057306296019,2261.664867401123,121.38492004148293,121.38492754421547,769.51168477535248,0,0,0,0,5150.0000069907373,0.56484735012054443,-6.8723074946319684e-06,0.94428157806396484,0.75845092535018921,1,113817,109890,115683,0.94428157806396484
83,42.495999892707914,101.17057027281039,101.17057306296019,2325.6604373455048,121.38492691773683,121.38492754421547,794.55800354480743,0,0,0,0,5150.0000606349158,0.56925821304321289,-1.0070441931020468e-05,0.94429624080657959,0.75586652755737305,1,115228,111301,117093,0.94429624080657959
84,43.007999891415238,101.17058291013919,101.17057306296019,2394.1542208194733,121.38491640362308,121.38492754421547,820.82606852054596,0,0,0,0,5150.0000963977009,0.57362425327301025,-5.7888182709575631e-06,0.94429647922515869,0.75329095125198364,1,116588,112661,118441,0.94429647922515869
85,43.519999890122563,101.17056328227875,101.17057306296019,2467.8625166416168,121.38491973745759,121.38492754421547,850.96821188926697,0,0,0,0,5150.0000710657287,0.57794606685638428,-7.390581231447868e-06,0.94430208206176758,0.75072413682937622,1,118006,114079,119889,0.94430208206176758
86,44.031999888829887,101.17058111651858,101.17057306296019,2540.8631563186646,121.38490900514348,121.38492754421547,876.94481015205383,0,0,0,0,5150.0000636151472,0.58222407102584839,-3.9408050724887289e-06,0.94429636001586914,0.74816608428955078,1,119416,115489,121262,0.94429636001586914
87,44.543999887537211,101.17057483459122,101.17057306296019,2620.62668800354,121.384926711707,121.38492754421547,905.86200356483459,0,0,0,0,5150.0000963977009,0.58645868301391602,-4.8979445637087338e-06,0.94430476427078247,0.74561673402786255,1,120813,116886,122697,0.94430476427078247
88,45.055999886244535,101.17058343193072,101.17057306296019,2704.3396234512329,121.38492705375599,121.38492754421547,933.62346291542053,0,0,0,0,5149.9999950698066,0.59065043926239014,-2.0677214251918485e-06,0.94431394338607788,0.74307608604431152,1,122267,118340,124127,0.94431394338607788
89,45.56799988495186,101.17057618879828,101.17057306296019,2789.858877658844,121.38493139405507,121.38492754421547,960.61542630195618,0,0,0,0,5149.9999712279496,0.5947996973991394,-2.533059614506783e-06,0.94428068399429321,0.74054408073425293,1,123664,119737,125544,0.94428068399429321
90,46.079999883659184,101.17054785321521,101.17057306296019,2876.6676783561707,121.38493450106769,121.38492754421547,984.8678857088089,0,0,0,0,5149.9999444058612,0.59890687465667725,-4.213046395307174e-06,0.94428050518035889,0.73802071809768677,1,125110,121183,126998,0.94428050518035889
91,46.591999882366508,101.17057309227536,101.17057306296019,2972.5474119186401,121.38493127797848,121.38492754421547,1009.2576593160629,0,0,0,0,5149.9999607971376,0.60297238826751709,-4.9015038712241221e-06,0.94430625438690186,0.73550593852996826,1,126541,122614,128429,0.94430625438690186
92,47.103999881073833,101.17056937919583,101.17057306296019,3067.5634741783142,121.3849085993032,121.38492754421547,1028.2798856496811,0,0,0,0,5149.9999742081827,0.60699677467346191,-9.7144384199054912e-06,0.94428336620330811,0.73299974203109741,1,127963,124036,129872,0.94428336620330811
93,47.615999879781157,101.17058436355623,101.17057306296019,3170.802891254425,121.38493593844001,121.38492754421547,1047.5561022758484,0,0,0,0,5150.000109808745,0.6109803318977356,-1.4361832654685713e-05,0.94428110122680664,0.73050206899642944,1,129439,125512,131305,0.94428110122680664
94,48.127999878488481,101.17057134124083,101.17057306296019,3274.3766903877258,121.38494343993769,121.38492754421547,1063.0876570940018,0,0,0,0,5150.0001276901385,0.61492347717285156,-2.3905169655336067e-05,0.94430053234100342,0.72801291942596436,1,130876,126949,132761,0.94430053234100342
95,48.639999877195805,101.17057591789752,101.17057306296019,3381.7940950393677,121.38492666233736,121.38492754421547,1075.9298503398895,0,0,0,0,5150.0000963977027,0.61882674694061279,-2.2668815290671773e-05,0.94431376457214355,0.72553223371505737,1,132314,128387,134212,0.94431376457214355
96,49.15199987590313,101.17057749261299,101.17057306296019,3487.4069690704346,121.38491424218404,121.38492754421547,1087.1733725070953,0,0,0,0,5150.0000859668889,0.62269037961959839,-2.6154559236601926e-05,0.94429123401641846,0.7230600118637085,1,133772,129845,135661,0.94429123401641846
97,49.663999874610454,101.17052892225794,101.17057306296019,3586.1638188362122,121.38493969336604,121.38492754421547,1094.9857532978058,0,0,0,0,5150.0000487139869,0.62651485204696655,-2.0061521354364231e-05,0.94430571794509888,0.72059619426727295,1,135230,131303,137126,0.94430571794509888
98,50.175999873317778,101.1705714995158,101.17057306296019,3710.6084823608398,121.3849289181516,121.38492754421547,1103.0152440071106,0,0,0,0,5150.0000621250319,0.63030064105987549,-1.7231439414899796e-05,0.94431215524673462,0.71814078092575073,1,136687,132760,138566,0.94431215524673462
99,50.687999872025102,101.17055928329245,101.17057306296019,3819.5896148681641,121.38495076336308,121.38492754421547,1106.4688116312027,0,0,0,0,5150.0000606349149,0.6340479850769043,-1.6512392903678119e-05,0.94430238008499146,0.71569371223449707,1,138127,134200,140031,0.94430238008499146
100,51.199999870732427,101.17056258618641,101.17057306296019,3934.7642660140991,121.38491058974986,121.38492754421547,1110.7898503541946,0,0,0,0,5150.0000621250319,0.63775736093521118,-2.1352807380026206e-05,0.94430965185165405,0.71325498819351196,1,139579,135652,141467,0.94430965185165405
101,51.711999869439751,101.17057969469413,101.17057306296019,4049.7273206710815,121.38492298240742,121.38492754421547,1115.0342971086502,0,0,0,0,5150.0000114610857,0.64142912626266479,-1.4830888176220469e-05,0.94431227445602417,0.71082460880279541,1,141028,137101,142912,0.94431227445602417
102,52.223999868147075,101.17057614170535,101.17057306296019,4166.2067174911499,121.38498635845102,121.38492754421547,1126.3617128133774,0,0,0,0,5150.0000606349158,0.64506369829177856,-1.5107343642739579e-05,0.94429218769073486,0.70840251445770264,1,142452,138525,144369,0.94429218769073486
103,52.735999866854399,101.17058053026958,101.17057306296019,4280.3540825843811,121.38491332433489,121.38492754421547,1123.8957941532135,0,0,0,0,5149.9999935796932,0.64866137504577637,-1.4986382666393183e-05,0.94430345296859741,0.70598864555358887,1,143905,139978,145815,0.94430345296859741
104,53.247999865561724,101.17061804731119,101.17057306296019,4413.8190150260925,121.38492454321739,121.38492754421547,1132.2243511676788,0,0,0,0,5149.999987619226,0.65222269296646118,-1.2331177458690945e-05,0.9443175196647644,0.7035830020904541,1,145350,141423,147271,0.9443175196647644
105,53.759999864269048,101.17058279477135,101.17057306296019,4525.3586769104004,121.3849236871114,121.38492754421547,1141.5513604879379,0,0,0,0,5149.9999905994591,0.65574783086776733,-1.7812852092902176e-05,0.94432127475738525,0.70118558406829834,1,146818,142891,148713,0.94432127475738525
106,54.271999862976372,101.17056987683749,101.17057306296019,4653.1867980957031,121.3849174624808,121.38492754421547,1155.4978042840958,0,0,0,0,5149.9999905994591,0.65923720598220825,-1.3042108548688702e-05,0.94434136152267456,0.69879633188247681,1,148244,144317,150126,0.94434136152267456
107,54.783999861683697,101.17058041887181,101.17057306296019,4788.8031601905823,121.38494766529668,121.38492754421547,1175.4944920539856,0,0,0,0,5149.9999175837711,0.66269117593765259,-1.5355606592493132e-05,0.94434249401092529,0.69641518592834473,1,149711,145784,151618,0.94434249401092529
108,55.295999860391021,101.17056779446337,101.17057306296019,4934.8881840705872,121.38491810524339,121.38492754421547,1183.0323934555054,0,0,0,0,5149.9999175837729,0.66611027717590332,-1.7777892935555428e-05,0.94438999891281128,0.6940421462059021,1,151137,147210,153029,0.94438999891281128
109,55.807999859098345,101.17055323333574,101.17057306296019,5074.1487741470337,121.38491813918034,121.38492754421547,1210.1732939481735,0,0,0,0,5149.9998952320293,0.66949474811553955,-2.65324142674217e-05,0.94437432289123535,0.69167721271514893,1,152596,148669,154482,0.94437432289123535
110,56.319999857805669,101.17057540082645,101.17057306296019,5222.6859331130981,121.38482892597716,121.38492754421547,1216.3560837507248,0,0,0,0,5149.9999712279514,0.67284482717514038,-2.696827141335234e-05,0.94438058137893677,0.68932032585144043,1,154034,150107,155899,0.94438058137893677
111,56.831999856512994,101.17057456261156,101.17057306296019,5388.6139392852783,121.38492811464452,121.38492754421547,1266.4239108562469,0,0,0,0,5149.9998594692443,0.67616057395935059,-3.2421354262623936e-05,0.94437313079833984,0.68697148561477661,1,155472,151545,157338,0.94437313079833984
112,57.343999855220318,101.1707208055395,101.17057306296019,5574.1757154464722,121.38493261531627,121.38492754421547,1295.0564920902252,0,0,0,0,5149.9998639395926,0.67944306135177612,-2.3068856535246596e-05,0.94438832998275757,0.6846306324005127,1,156901,152974,158748,0.94438832998275757
113,57.855999853927642,101.17057558255927,101.17057306296019,5689.9547576904297,121.38487380081847,121.38492754421547,1313.5179877281189,0,0,0,0,5149.9998311570398,0.68269228935241699,-1.9034880097024143e-05,0.94439756870269775,0.68229776620864868,1,158308,154381,160174,0.94439756870269775
114,58.367999852634966,101.17055922735894,101.17057306296019,5847.4558591842651,121.38493022853228,121.38492754421547,1366.5503263473511,0,0,0,0,5149.9998773506377,0.68590861558914185,-1.076693479262758e-05,0.94443178176879883,0.67997282743453979,1,159743,155816,161614,0.94443178176879883
115,58.879999851342291,101.17058902592463,101.17057306296019,6004.5158863067627,121.38493676065568,121.38492754421547,1398.34925532341,0,0,0,0,5149.9999384453959,0.68909233808517456,-1.0949152965622488e-05,0.94445526599884033,0.67765581607818604,1,161184,157257,163017,0.94445526599884033
116,59.391999850049615,101.17057539088449,101.17057306296019,6152.7812480926514,121.38485649342006,121.38492754421547,1427.6205003261566,0,0,0,0,5149.999928014583,0.69224381446838379,-1.0311126970918849e-05,0.94446426630020142,0.6753467321395874,1,162563,158636,164409,0.94446426630020142
117,59.903999848756939,101.17057302537295,101.17057306296019,6303.216814994812,121.38493632478819,121.38492754421547,1474.8142659664154,0,0,0,0,5149.9999578169054,0.69536334276199341,-4.8776769290270749e-06,0.9444502592086792,0.67304551601409912,1,163981,160054,165841,0.9444502592086792
118,60.415999847464263,101.17058423461241,101.17057306296019,6450.3991603851318,121.3849104801896,121.38492754421547,1502.329558134079,0,0,0,0,5149.9999444058612,0.69845116138458252,-1.2247985978319775e-05,0.94444805383682251,0.67075210809707642,1,165394,161467,167253,0.94444805383682251
119,60.927999846171588,101.17057656365687,101.17057306296019,6599.0573167800903,121.38480853583835,121.38492754421547,1544.3576872348785,0,0,0,0,5149.9999637773699,0.7015078067779541,-3.2653213565936312e-05,0.94445717334747314,0.66846650838851929,1,166804,162877,168687,0.94445717334747314
120,61.439999844878912,101.1705841973576,101.17057306296019,6740.6147718429565,121.38487884808801,121.38492754421547,1581.0365974903107,0,0,0,0,5149.9999190738872,0.70453339815139771,-5.3954558097757399e-05,0.94445091485977173,0.66618871688842773,1,168218,164291,170074,0.94445091485977173
121,61.951999843586236,101.1705682263961,101.17057306296019,6880.0806999206543,121.38224633467354,121.38226917712564,1670.415848493576,0,0,0,5.2450432048441833,5149.9999444058622,0.70752829313278198,-4.2763465899042785e-05,0.9444425106048584,0.66391867399215698,1,169677,165750,171579,0.9444425106048584
122,62.463999842293561,101.17057713001847,101.17057306296019,7025.8289575576782,121.37697749194437,121.37697628480329,1673.4437644481659,0,0,0,10.371836012847666,5149.9999816587633,0.71049284934997559,-5.5838070693425834e-05,0.94447880983352661,0.66165637969970703,1,171133,167206,172956,0.94447880983352661
