kind,index,counter_cycles,start_s,end_s,duration_s,sample_count,q_positive_samples,q_negative_samples,has_both_flow_signs,lung_min_ml,lung_max_ml,lung_excursion_ml,volume_excursion_nonzero,ledger_inspired_ml,cumulative_ledger_delta_ml,ledger_discrepancy_ml,rr_bpm,vt_l,ve_l_min,inspiration_q_alveolar_negative,inspiration_q_alveolar_positive,expiration_q_alveolar_positive,expiration_q_alveolar_negative,pleural_min_pa,pleural_max_pa,lv_stroke_ml,aortic_ejected_ml,pulmonary_ejected_ml,aortic_cycle_mean_mmhg,pulmonary_artery_cycle_mean_mmhg,aortic_cycle_sample_min_mmhg,aortic_cycle_sample_max_mmhg,pulmonary_cycle_sample_min_mmhg,pulmonary_cycle_sample_max_mmhg,lv_stroke_positive,aortic_ejection_positive,pulmonary_ejection_positive
breath,1,,10.1760004833,15.5000007362,5.324000252900001,333,81,252,True,2500.00157394,3028.90338935,528.9018154099999,True,528.915494215,528.9154927100001,1.5049998864924419e-06,11.269721478190727,0.528915494215,5.960730305302648,81,0,252,0,-764.515380859,-471.165405273,,,,,,,,,,,,
breath,2,,15.5000007362,20.9320009942,5.432000257999999,340,82,258,True,2500.00157394,3025.80627613,525.8047021899997,True,525.807321537,525.8073311500002,-9.613000202080002e-06,11.045654850924349,0.525807321537,5.807886191786703,82,0,258,0,-762.131286621,-471.462280273,,,,,,,,,,,,
breath,3,,20.9320009942,26.4260012552,5.494000261,343,83,260,True,2500.00157394,3024.10568111,524.1041071700001,True,524.115108419,524.1151285199999,-2.0100999904570926e-05,10.92100421361811,0.524115108419,5.7238633074648115,83,0,260,0,-760.848876953,-471.613616943,,,,,,,,,,,,
breath,4,,26.4260012552,31.9480015174,5.522000262200002,345,84,261,True,2500.00157394,3023.24909717,523.2475232299998,True,523.249618709,523.24964236,-2.3651000105928688e-05,10.865627879578476,0.523249618709,5.685435645023317,84,0,261,0,-760.200561523,-471.684692383,,,,,,,,,,,,
breath,5,,31.9480015174,37.4800017802,5.532000262799997,346,84,262,True,2500.00157394,3022.90567197,522.9040980300001,True,522.919057403,522.9190314699999,2.5933000074473966e-05,10.845986469572448,0.522919057403,5.671573021274518,84,0,262,0,-759.947265625,-471.747955322,,,,,,,,,,,,
breath,6,,37.4800017802,43.0100020429,5.5300002627,346,84,262,True,2500.00157394,3022.92592824,522.9243542999998,True,522.929767612,522.9297720200002,-4.408000222611008e-06,10.849909068667069,0.5229297676119999,5.673740427889401,84,0,262,0,-759.959106445,-471.716156006,,,,,,,,,,,,
breath,7,,43.0100020429,48.5340023052,5.5240002622999995,345,83,262,True,2500.00157394,3023.01580086,523.01422692,True,523.015798535,523.0158230400002,-2.4505000169483537e-05,10.8616939085767,0.523015798535,5.680837513036988,83,0,262,0,-760.003173828,-471.709075928,,,,,,,,,,,,
breath,8,,48.5340023052,54.0500025672,5.516000262000006,345,84,261,True,2500.00157394,3023.24048243,523.2389084900001,True,523.238733876,523.2387164099991,1.746600082697114e-05,10.877446909011756,0.523238733876,5.691501548474721,84,0,261,0,-760.175231934,-471.682159424,,,,,,,,,,,,
breath,9,,54.0500025672,59.5580028289,5.508000261699998,344,83,261,True,2500.00157394,3023.38879555,523.3872216099999,True,523.393624462,523.3936497500008,-2.528800075651816e-05,10.89324566979623,0.523393624462,5.701455333269636,83,0,261,0,-760.287719727,-471.680206299,,,,,,,,,,,,
breath,10,,59.5580028289,65.05600309,5.498000261100003,343,83,260,True,2500.00157394,3023.64910021,523.6475262700001,True,523.649447132,523.6494686699998,-2.1537999828069587e-05,10.913058776027704,0.523649447132,5.714617194585927,83,0,260,0,-760.481750488,-471.654693604,,,,,,,,,,,,
breath,11,,65.05600309,70.5460033508,5.490000260800002,344,84,260,True,2500.00157394,3023.8374602,523.8358862599998,True,523.845374119,523.8453552299998,1.8889000216404384e-05,10.92896122945845,0.523845374119,5.725085783977708,84,0,260,0,-760.626953125,-471.61807251,,,,,,,,,,,,
breath,12,,70.5460033508,76.026003611,5.480000260199986,342,83,259,True,2500.00157394,3024.08030257,524.0787286300001,True,524.087052327,524.0870341700002,1.8156999885832192e-05,10.948904589615907,0.524087052327,5.7381791325813625,83,0,259,0,-760.793273926,-471.604766846,,,,,,,,,,,,
breath,13,,76.026003611,81.4920038707,5.46600025970001,342,83,259,True,2500.00157394,3024.35457706,524.3530031199998,True,524.365750607,524.3657380200002,1.2586999787345121e-05,10.9769478868069,0.524365750607,5.755935518039423,83,0,259,0,-761.016540527,-471.564971924,,,,,,,,,,,,
breath,14,,81.4920038707,86.9500041299,5.458000259199991,341,83,258,True,2500.00157394,3024.57693033,524.5753563899998,True,524.579838384,524.5798250699991,1.331400096660218e-05,10.993037220704442,0.524579838384,5.766725688586433,83,0,258,0,-761.147949219,-471.54699707,,,,,,,,,,,,
breath,15,,86.9500041299,92.3960043886,5.4460002587000105,340,83,257,True,2500.00157394,3024.89520982,524.8936358800001,True,524.89596419,524.8959543000001,9.889999887491285e-06,11.017259851236643,0.52489596419,5.7829152323466335,83,0,257,0,-761.391235352,-471.502380371,,,,,,,,,,,,
breath,16,,92.3960043886,97.8300046467,5.434000258099999,340,83,257,True,2500.00157394,3025.14177747,525.1402035299998,True,525.151670445,525.1516721099997,-1.6649996723572258e-06,11.041589464513391,0.525151670445,5.79850915165712,83,0,257,0,-761.59954834,-471.477172852,,,,,,,,,,,,
breath,17,,97.8300046467,103.254004904,5.424000257299994,339,83,256,True,2500.00157394,3025.39719269,525.3956187499998,True,525.395269506,525.3952693400006,1.6599938135186676e-07,11.061946377905837,0.525395269506,5.811894298480758,83,0,256,0,-761.758483887,-471.47366333,,,,,,,,,,,,
breath,18,,103.254004904,108.662005161,5.408000256999998,338,82,256,True,2500.00157394,3025.76879039,525.76721645,True,525.775423739,525.7754171100005,6.628999472013675e-06,11.094674028969823,0.525775423739,5.833306938827686,82,0,256,0,-762.050598145,-471.409362793,,,,,,,,,,,,
breath,19,,108.662005161,114.056005417,5.394000255999998,337,82,255,True,2500.00157394,3026.09079517,526.08922123,True,526.107382029,526.1073723999998,9.629000146560429e-06,11.123469994881665,0.526107382029,5.852139678085326,82,0,255,0,-762.307861328,-471.382293701,,,,,,,,,,,,
breath,20,,114.056005417,119.436005673,5.380000256000002,336,82,254,True,2500.00157394,3026.3918452,526.3902712599997,True,526.407384314,526.4073585000006,2.5813999400270404e-05,11.152415826204743,0.5264073843139999,5.8707140438544965,82,0,254,0,-762.516357422,-471.367767334,,,,,,,,,,,,
breath,21,,119.436005673,124.802005928,5.366000255000003,336,82,254,True,2500.00157394,3026.77438594,526.7728119999997,True,526.789284777,526.7892704999995,1.4277000559559383e-05,11.181512700095832,0.526789284777,5.8903010780084255,82,0,254,0,-762.806640625,-471.332305908,,,,,,,,,,,,
breath,22,,124.802005928,130.156006182,5.354000253999999,334,81,253,True,2500.00157394,3027.11245604,527.1108820999998,True,527.116470039,527.1164587999992,1.1239000741625205e-05,11.206573992067653,0.527116470039,5.907169723929566,81,0,253,0,-763.06439209,-471.301330566,,,,,,,,,,,,
breath,23,,130.156006182,135.500006436,5.344000254000008,334,82,252,True,2500.00157394,3027.32922137,527.3276474300001,True,527.331547346,527.3315211000008,2.624599915179715e-05,11.227544376535112,0.527331547346,5.920638348974141,82,0,252,0,-763.223144531,-471.246612549,,,,,,,,,,,,
breath,24,,135.500006436,140.834006689,5.334000252999999,334,82,252,True,2500.00157394,3027.57020108,527.56862714,True,527.570315171,527.5703245000004,-9.329000477009686e-06,11.248593392220824,0.527570315171,5.934423961164368,82,0,252,0,-763.385620117,-471.235626221,,,,,,,,,,,,
breath,25,,140.834006689,146.154006942,5.320000252999989,332,81,251,True,2500.00157394,3027.87893452,527.8773605799997,True,527.8873723,527.8873476999997,2.460000030168885e-05,11.278194952371578,0.5278873723,5.953616697694557,81,0,251,0,-763.630371094,-471.198638916,,,,,,,,,,,,
breath,26,,146.154006942,151.466007194,5.3120002520000185,332,81,251,True,2500.00157394,3028.15809846,528.15652452,True,528.16059906,528.1605703999994,2.8660000566560484e-05,11.295180187050901,0.52816059906,5.965669134083446,81,0,251,0,-763.850280762,-471.156860352,,,,,,,,,,,,
breath,27,,151.466007194,156.772007446,5.30600025199999,332,81,251,True,2500.00157394,3028.32340822,528.3218342800001,True,528.331671376,528.3316505000003,2.087599978040089e-05,11.307952723406714,0.528331671376,5.974349562198261,81,0,251,0,-763.984436035,-471.144989014,,,,,,,,,,,,
breath,28,,156.772007446,162.070007698,5.2980002520000085,331,81,250,True,2500.00157394,3028.47963758,528.4780636400001,True,528.479809873,528.4798142,-4.326999942350085e-06,11.32502777389447,0.528479809873,5.985048524754195,81,0,250,0,-764.090881348,-471.126190186,,,,,,,,,,,,
breath,29,,162.070007698,167.358007949,5.288000251,330,81,249,True,2500.00157394,3028.69314328,528.6915693400001,True,528.693606611,528.6936024999995,4.111000407647225e-06,11.346444242065525,0.528693606611,5.998792528548236,81,0,249,0,-764.238098145,-471.099456787,,,,,,,,,,,,
breath,30,,167.358007949,172.6360082,5.27800025099998,330,81,249,True,2500.00157394,3028.9448332,528.9432592600001,True,528.960546944,528.9605369000019,1.0043998145192745e-05,11.367941861812584,0.5289605469440001,6.013192744851978,81,0,249,0,-764.443969727,-471.089599609,,,,,,,,,,,,
breath,31,,172.6360082,177.90600845,5.27000025000001,330,81,249,True,2500.00157394,3029.18115631,529.1795823699999,True,529.188313521,529.1883127999972,7.210028343251906e-07,11.385198700891882,0.529188313521,6.024914099626456,81,0,249,0,-764.621520996,-471.048095703,,,,,,,,,,,,
breath,32,,177.90600845,183.1720087,5.2660002499999905,329,80,249,True,2500.00157394,3029.31503393,529.31345999,True,529.325741809,529.3257333000001,8.508999826517538e-06,11.393846781530272,0.5293257418089999,6.0310563996915985,80,0,249,0,-764.734558105,-471.043701172,,,,,,,,,,,,
breath,33,,183.1720087,188.43200895,5.260000250000019,328,80,248,True,2500.00157394,3029.40583788,529.40426394,True,529.413577169,529.4135827999999,-5.6309999081349815e-06,11.406843564313478,0.529413577169,6.038937855590384,80,0,248,0,-764.80670166,-471.033966064,,,,,,,,,,,,
breath,34,,188.43200895,193.6900092,5.258000249999981,329,81,248,True,2500.00157394,3029.49990146,529.4983275199997,True,529.517536052,529.5175144000023,2.165199771297921e-05,11.41118241673728,0.5295175360519999,6.042421196750631,81,0,248,0,-764.888305664,-471.011657715,,,,,,,,,,,,
breath,35,,193.6900092,198.938009449,5.248000249,328,80,248,True,2500.00157394,3029.67382595,529.6722520099997,True,529.672252014,529.6722683999978,-1.6385997810175468e-05,11.432926286814281,0.529672252014,6.055703813446979,80,0,248,0,-764.996276855,-471.014465332,,,,,,,,,,,,
breath,36,,198.938009449,204.180009698,5.242000249,328,80,248,True,2500.00157394,3029.87126634,529.8696924000001,True,529.869284946,529.8692983000001,-1.3354000088838802e-05,11.446012428451526,0.5298692849459999,6.064890420946639,80,0,248,0,-765.140075684,-470.984130859,,,,,,,,,,,,
breath,37,,204.180009698,209.414009947,5.234000249000019,327,80,247,True,2500.00157394,3030.04984744,530.0482735,True,530.063873157,530.0638913000003,-1.8143000261261477e-05,11.463507288037155,0.530063873157,6.076391073060472,80,0,247,0,-765.283630371,-470.969116211,,,,,,,,,,,,
breath,38,,209.414009947,214.644010195,5.230000247999982,327,80,247,True,2500.00157394,3030.19094281,530.1893688699997,True,530.211545993,530.2115336999996,1.2293000395402487e-05,11.472274790607278,0.5302115459929999,6.082732552784404,80,0,247,0,-765.405944824,-470.95401001,,,,,,,,,,,,
breath,39,,214.644010195,219.870010443,5.22600024800002,326,80,246,True,2500.00157394,3030.29245697,530.2908830299998,True,530.298158992,530.298158900001,9.199902706313878e-08,11.481055712341744,0.5302981589920001,6.088382707539413,80,0,246,0,-765.473876953,-470.957855225,,,,,,,,,,,,
breath,40,,219.870010443,225.096010691,5.226000247999991,327,80,247,True,2500.00157394,3030.34763783,530.3460638900001,True,530.346587766,530.3466064999993,-1.8733999354481057e-05,11.481055712341806,0.530346587766,6.08893872099182,80,0,247,0,-765.514648438,-470.925933838,,,,,,,,,,,,
breath,41,,225.096010691,230.31801094,5.22200024899999,326,80,246,True,2500.00157394,3030.37511185,530.3735379099999,True,530.391698703,530.3916920000011,6.702998916807701e-06,11.489850084072662,0.530391698703,6.094121103934107,80,0,246,0,-765.553771973,-470.949371338,,,,,,,,,,,,
breath,42,,230.31801094,235.538011187,5.2200002470000015,327,80,247,True,2500.00157394,3030.45660257,530.45502863,True,530.457007699,530.4569907000005,1.6998999512907176e-05,11.494252329678096,0.530457007699,6.097206696538302,80,0,247,0,-765.602172852,-470.913818359,,,,,,,,,,,,
breath,43,,235.538011187,240.754011435,5.216000248,326,80,246,True,2500.00157394,3030.54787219,530.5462982499998,True,530.546123628,530.5461080999994,1.5528000631093164e-05,11.503066937737614,0.530546123628,6.1029075736501,80,0,246,0,-765.669799805,-470.902069092,,,,,,,,,,,,
breath,44,,240.754011435,245.964011683,5.210000248,325,80,245,True,2500.00157394,3030.65543994,530.6538660000001,True,530.653749593,530.6537290999986,2.049300144335575e-05,11.516314231085234,0.530653749593,6.111175328216607,80,0,245,0,-765.753356934,-470.891052246,,,,,,,,,,,,
breath,45,,245.964011683,251.17201193,5.208000247000001,326,80,246,True,2500.00157394,3030.75648844,530.7549144999998,True,530.77051416,530.7705363000023,-2.214000232925173e-05,11.520736780794547,0.53077051416,6.114867384644344,80,0,246,0,-765.848571777,-470.912261963,,,,,,,,,,,,
breath,46,,251.17201193,256.374012177,5.202000247000001,325,79,246,True,2500.00157394,3030.88268265,530.8811087099998,True,530.881399754,530.8813769999979,2.2754002088731795e-05,11.53402482720028,0.530881399754,6.123199245061473,79,0,246,0,-765.922729492,-470.874298096,,,,,,,,,,,,
breath,47,,256.374012177,261.572012424,5.198000246999982,325,80,245,True,2500.00157394,3030.98047152,530.9788975799997,True,530.978722963,530.9787161000022,6.862997793177783e-06,11.542900567315076,0.530978722963,6.129034602521847,80,0,245,0,-765.98828125,-470.862701416,,,,,,,,,,,,
breath,48,,261.572012424,266.768012671,5.196000247000029,324,79,245,True,2500.00157394,3031.05521016,531.05363622,True,531.055498868,531.0555046000009,-5.732000886382593e-06,11.547343561933372,0.531055498868,6.132280295882715,79,0,245,0,-766.047180176,-470.870941162,,,,,,,,,,,,
breath,49,,266.768012671,271.960012917,5.192000245999964,325,80,245,True,2500.00157394,3031.09595552,531.0943815800001,True,531.111611053,531.1115972999978,1.3753002235716849e-05,11.556239822258364,0.5311116110530001,6.137653149714474,80,0,245,0,-766.09753418,-470.855438232,,,,,,,,,,,,
breath,50,,271.960012917,277.154013164,5.1940002470000195,325,80,245,True,2500.00157394,3031.14950657,531.14793263,True,531.149969902,531.149977000001,-7.098000992300513e-06,11.551789978187841,0.5311499699019999,6.135732899228698,80,0,245,0,-766.116027832,-470.842102051,,,,,,,,,,,,
breath,51,,277.154013164,282.344013411,5.190000247,324,79,245,True,2500.00157394,3031.16766736,531.1660934199999,True,531.175755896,531.1757302000005,2.5695999511299306e-05,11.560693091427515,0.5311757558960001,6.140759891520676,79,0,245,0,-766.143249512,-470.856445312,,,,,,,,,,,,
breath,52,,282.344013411,287.536013657,5.1920002460000205,324,80,244,True,2500.00157394,3031.19514138,531.1935674400002,True,531.194848008,531.1948498999991,-1.8919990907306783e-06,11.556239822258236,0.531194848008,6.138615055928462,80,0,244,0,-766.15246582,-470.839050293,,,,,,,,,,,,
breath,53,,287.536013657,292.726013904,5.190000247,325,80,245,True,2500.00157394,3031.19746968,531.1958957399997,True,531.213532668,531.2135071999983,2.5468001695116982e-05,11.560693091427515,0.531213532668,6.141196617187752,80,0,245,0,-766.182617188,-470.840576172,,,,,,,,,,,,
breath,54,,292.726013904,297.91601415,5.190000246000011,324,79,245,True,2500.00157394,3031.23705089,531.2354769499998,True,531.235651579,531.2356548000025,-3.221002543796203e-06,11.560693093654985,0.531235651579,6.141452328312651,79,0,245,0,-766.188781738,-470.852172852,,,,,,,,,,,,
breath,55,,297.91601415,303.104014397,5.188000246999991,324,80,244,True,2500.00157394,3031.25730716,531.2557332199999,True,531.261204742,531.2611895000009,1.5241999108184245e-05,11.565149796339265,0.531261204742,6.144115413824894,80,0,244,0,-766.222167969,-470.828033447,,,,,,,,,,,,
breath,56,,303.104014397,308.290014643,5.186000245999992,325,80,245,True,2500.00157394,3031.27150983,531.2699358899999,True,531.292520463,531.2925235999974,-3.1369974067274597e-06,11.569609940971086,0.5312925204629999,6.146847226312308,80,0,245,0,-766.244750977,-470.826721191,,,,,,,,,,,,
cardiac,14,1,10.6880005077,11.5520005487,0.8640000410000006,,,,,,,,,,,,,,,,,,,,,70.0980963302,70.098147262,70.01851918199998,89.40554960054631,14.830014610627222,69.1506524664,108.982262262,9.25509694972,22.0399184845,True,True,True
cardiac,15,1,11.5520005487,12.400000589,0.8480000402999988,,,,,,,,,,,,,,,,,,,,,70.0796153978,70.07957901700001,70.02381608300004,89.05651606297737,14.71445392733566,68.8108247638,108.942671609,9.28837818534,22.0250674118,True,True,True
cardiac,16,1,12.400000589,13.26400063,0.8640000410000006,,,,,,,,,,,,,,,,,,,,,70.0719756423,70.07212843999991,70.02719211999988,89.33265434757222,14.825210156012592,68.9658912048,108.927509232,9.25810561956,22.0376679335,True,True,True
cardiac,17,1,13.26400063,14.1120006703,0.8480000403000005,,,,,,,,,,,,,,,,,,,,,70.0578893884,70.05757652000011,70.00239566000005,89.00161377244528,14.709037689328678,68.8715255477,108.866442207,9.29359528844,22.0187332736,True,True,True
cardiac,18,1,14.1120006703,14.9760007113,0.8640000409999988,,,,,,,,,,,,,,,,,,,,,70.0567761669,70.05629595000005,70.05478255000003,89.29851010571666,14.822585971398704,68.5497462018,108.893624614,9.26395174159,22.0338919887,True,True,True
cardiac,19,1,14.9760007113,15.8400007524,0.8640000411000006,,,,,,,,,,,,,,,,,,,,,70.0469536241,70.04686631999994,70.02870553000002,89.2886546959352,14.81875853248463,68.9505090826,108.83883496,9.26386201254,22.0255984612,True,True,True
cardiac,20,1,15.8400007524,16.6880007926,0.8480000402000005,,,,,,,,,,,,,,,,,,,,,70.0465534464,70.04651706000004,70.0316158999999,88.96417482033206,14.708019504789057,68.634618892,108.867057492,9.27130952336,22.0274131854,True,True,True
cardiac,21,1,16.6880007926,17.5520008337,0.8640000410999988,,,,,,,,,,,,,,,,,,,,,70.0428936398,70.04279178000002,70.02928760000009,89.26840902892592,14.818238334609815,69.039447048,108.845786214,9.24336991278,22.0298688313,True,True,True
cardiac,22,1,17.5520008337,18.400000874,0.8480000403000005,,,,,,,,,,,,,,,,,,,,,70.0378659531,70.03813515999991,70.03184873999999,88.95328488595095,14.705536390780566,68.7274243624,108.839677314,9.27948402256,22.0175686272,True,True,True
cardiac,23,1,18.400000874,19.264000915,0.8640000410000006,,,,,,,,,,,,,,,,,,,,,70.0404343661,70.04034705999993,70.03266364000001,89.25453446323334,14.81844790585537,68.9102884956,108.849748942,9.25141622763,22.0318978065,True,True,True
cardiac,24,1,19.264000915,20.1120009553,0.8480000403000005,,,,,,,,,,,,,,,,,,,,,70.0337914168,70.03394421000007,70.00681944000007,88.9428934539434,14.703888288983206,68.8241412867,108.807807022,9.28848897324,22.0142230156,True,True,True
cardiac,25,1,20.1120009553,20.9760009963,0.8640000410000006,,,,,,,,,,,,,,,,,,,,,70.0384043739,70.03813516000014,70.05769293999992,89.2539650262963,14.818644912991296,68.5139644557,108.849148307,9.26006134653,22.0304603105,True,True,True
cardiac,26,1,20.9760009963,21.8400010373,0.864000040999997,,,,,,,,,,,,,,,,,,,,,70.0329765095,70.03359496999997,70.03080099999988,89.25484956612964,14.815769039423518,68.9230410073,108.804803846,9.26117471918,22.022979838,True,True,True
cardiac,27,1,21.8400010373,22.6880010776,0.8480000403000005,,,,,,,,,,,,,,,,,,,,,70.0358941685,70.03569043999983,70.0332457200002,88.93821206468114,14.705736683154527,68.6136186328,108.841017756,9.26904523835,22.0254006911,True,True,True
cardiac,28,1,22.6880010776,23.5520011187,0.8640000411000024,,,,,,,,,,,,,,,,,,,,,70.0348464306,70.0354576100001,70.03138306999995,89.24854004747593,14.81650153838648,69.0232591956,108.825906652,9.24168337295,22.0283635808,True,True,True
cardiac,29,1,23.5520011187,24.4000011589,0.8480000401999988,,,,,,,,,,,,,,,,,,,,,70.0316522853,70.03149948999999,70.0319651499999,88.9383124008868,14.70421927065736,68.7153677085,108.824712707,9.27820034784,22.0164314489,True,True,True
cardiac,30,1,24.4000011589,25.2640012,0.8640000410999988,,,,,,,,,,,,,,,,,,,,,70.0358432368,70.0354576100001,70.03429346000007,89.24318885953704,14.817434910370185,68.9023630403,108.838512668,9.25042737692,22.0310078408,True,True,True
cardiac,31,1,25.2640012,26.1120012403,0.8480000403000005,,,,,,,,,,,,,,,,,,,,,70.030328061,70.03056817000015,70.00612094999997,88.93428388810754,14.70314552804887,68.8171534083,108.799105136,9.28776564726,22.0135967435,True,True,True
cardiac,32,1,26.1120012403,26.9760012813,0.8640000410000006,,,,,,,,,,,,,,,,,,,,,70.0358796166,70.03662176999978,70.05850784999984,89.24734121863888,14.818096263632038,68.5086539611,108.842533994,9.2595055758,22.0299896909,True,True,True
cardiac,33,1,26.9760012813,27.8400013223,0.8640000410000006,,,,,,,,,,,,,,,,,,,,,70.0310192769,70.03010249999988,70.03056816000026,89.24973670606667,14.815335026885371,68.9189244585,108.79976437,9.26078925052,22.0225842978,True,True,True
cardiac,34,1,27.8400013223,28.6880013626,0.8480000403000005,,,,,,,,,,,,,,,,,,,,,70.0341624906,70.03406063000011,70.03243081999972,88.9344927145415,14.705382154942075,68.6107473034,108.837377321,9.26868540656,22.0250765678,True,True,True
cardiac,35,1,28.6880013626,29.5520014036,0.864000040999997,,,,,,,,,,,,,,,,,,,,,70.0334931025,70.03406063000011,70.0328964700002,89.24582484521481,14.81622204223963,69.0211789467,108.823071947,9.24142242624,22.0280815752,True,True,True
cardiac,36,1,29.5520014036,30.4000014439,0.8480000403000005,,,,,,,,,,,,,,,,,,,,,70.0305026839,70.03080098999999,70.0319651499999,88.93613803500187,14.703991078323586,68.7136756751,108.822478637,9.27797785643,22.0162245227,True,True,True
cardiac,37,1,30.4000014439,31.264001485,0.8640000411000024,,,,,,,,,,,,,,,,,,,,,70.0349046383,70.03499194999995,70.03499194999995,89.2415512196537,14.817258419507038,68.9012569924,108.836674138,9.25024334082,22.0308705005,True,True,True
cardiac,38,1,31.264001485,32.1120015252,0.8480000401999988,,,,,,,,,,,,,,,,,,,,,70.0297459844,70.03010250999978,70.00588812000024,88.93290806571886,14.703026517002831,68.8159155137,108.79769877,9.28765485936,22.0135033521,True,True,True
cardiac,39,1,32.1120015252,32.9760015663,0.8640000410999988,,,,,,,,,,,,,,,,,,,,,70.0354430592,70.03732026000034,70.05827500999976,89.24631899927593,14.818015826246851,68.5079507784,108.841552468,9.25942408718,22.0299292611,True,True,True
cardiac,40,1,32.9760015663,33.8400016073,0.8640000410000042,,,,,,,,,,,,,,,,,,,,,70.030662755,70.02940400999978,70.03056817000015,89.24909646254815,14.815292332673334,68.9183897466,108.799193034,9.2607462172,22.0225513361,True,True,True
cardiac,41,1,33.8400016073,34.6880016476,0.8480000402999934,,,,,,,,,,,,,,,,,,,,,70.0340169715,70.0335949700002,70.03289648000009,88.93410366986792,14.705362305379811,68.6104543106,108.837040379,9.26866434771,22.0250674118,True,True,True
cardiac,42,1,34.6880016476,35.5520016886,0.8640000410000042,,,,,,,,,,,,,,,,,,,,,70.0333694112,70.03429345999984,70.03359495999985,89.24554094061297,14.816204171044445,69.0208932787,108.822866852,9.24139221136,22.0280724192,True,True,True
cardiac,43,1,35.5520016886,36.4000017289,0.8480000403000005,,,,,,,,,,,,,,,,,,,,,70.0304808561,70.0305681599998,70.03219798000009,88.93597149897924,14.703980574816226,68.7134705801,108.82233214,9.277965038,22.0162171979,True,True,True
cardiac,44,1,36.4000017289,37.2640017699,0.864000040999997,,,,,,,,,,,,,,,,,,,,,70.0349046383,70.03545761000032,70.03499194999995,89.24126134665741,14.817251891592777,68.901110496,108.836337196,9.25022228196,22.0308796565,True,True,True
cardiac,45,1,37.2640017699,38.1120018102,0.8480000403000005,,,,,,,,,,,,,,,,,,,,,70.0297750882,70.03033533999997,70.00612094999997,88.93261396730944,14.703026879780564,68.8156957691,108.797552274,9.28764570333,22.0135125081,True,True,True
cardiac,46,1,38.1120018102,38.9760018513,0.8640000410999988,,,,,,,,,,,,,,,,,,,,,70.0354285073,70.03685459999997,70.05850784999984,89.24614211845555,14.818022930636483,68.5076797601,108.841420621,9.25942866519,22.0299475731,True,True,True
cardiac,47,1,38.9760018513,39.8400018923,0.8640000410000042,,,,,,,,,,,,,,,,,,,,,70.0307355146,70.02986967000015,70.03080100000034,89.24908615352037,14.815295554233149,68.9183897466,108.79912711,9.26075537323,22.0225769729,True,True,True
cardiac,48,1,39.8400018923,40.6880019326,0.8480000403000005,,,,,,,,,,,,,,,,,,,,,70.034097007,70.03429345999984,70.03289646999974,88.93410505190379,14.705379580892831,68.6104543106,108.837018404,9.26866434771,22.0251351663,True,True,True
cardiac,49,1,40.6880019326,41.5520019736,0.864000040999997,,,,,,,,,,,,,,,,,,,,,70.0334712747,70.03429345999984,70.03406063000011,89.24555613286667,14.81623664101037,69.0208932787,108.822837553,9.24141418582,22.0281236929,True,True,True
cardiac,50,1,41.5520019736,42.4000020139,0.8480000403000005,,,,,,,,,,,,,,,,,,,,,70.0306045474,70.03033533000007,70.03243080999982,88.93597592153208,14.704013329190945,68.7134705801,108.822478637,9.27798609686,22.0162941085,True,True,True
cardiac,51,1,42.4000020139,43.2640020549,0.864000040999997,,,,,,,,,,,,,,,,,,,,,70.0349919498,70.03545762000022,70.0349919500004,89.24157753476295,14.817288125717592,68.9014913867,108.836652163,9.25025158124,22.0309217742,True,True,True
cardiac,52,1,43.2640020549,44.1120020952,0.8480000403000005,,,,,,,,,,,,,,,,,,,,,70.0298405718,70.0305681599998,70.0063537799997,88.9329086185849,14.703059565057359,68.8159155137,108.797830617,9.28766309978,22.0135711067,True,True,True
cardiac,53,1,44.1120020952,44.9760021362,0.8640000410000042,,,,,,,,,,,,,,,,,,,,,70.0355158187,70.03685459999997,70.05874068000003,89.24642792208333,14.818055264977962,68.5079507784,108.84167699,9.25944972405,22.0299988469,True,True,True
cardiac,54,1,44.9760021362,45.8400021773,0.8640000410999988,,,,,,,,,,,,,,,,,,,,,70.0308955857,70.03010249999988,70.03080099999988,89.24925245408149,14.815349116984445,68.9184043962,108.799361504,9.26079749094,22.0226447275,True,True,True
cardiac,55,1,45.8400021773,46.6880022176,0.8480000403000005,,,,,,,,,,,,,,,,,,,,,70.0343080098,70.0335949700002,70.03312930000038,88.93420414429245,14.705433618723962,68.6104543106,108.837340697,9.26870738102,22.0252047521,True,True,True
cardiac,56,1,46.6880022176,47.5520022586,0.864000040999997,,,,,,,,,,,,,,,,,,,,,70.0337186572,70.03382779999993,70.03289646999974,89.24570059452223,14.816291950182222,69.0208932787,108.82313787,9.24145264112,22.0281914475,True,True,True
cardiac,57,1,47.5520022586,48.4000022989,0.8480000403000005,,,,,,,,,,,,,,,,,,,,,70.0307791703,70.03080098999999,70.03219798999999,88.93625550849247,14.704061683368492,68.7136756751,108.822735005,9.27802088975,22.0163710191,True,True,True
cardiac,58,1,48.4000022989,49.2640023399,0.8640000410000042,,,,,,,,,,,,,,,,,,,,,70.0352684362,70.03545762000022,70.03406062000022,89.24168496542407,14.817343723136297,68.9016745072,108.836886558,9.25029461456,22.031000516,True,True,True
cardiac,59,1,49.2640023399,50.1120023802,0.8480000403000005,,,,,,,,,,,,,,,,,,,,,70.0301025063,70.02986967000015,70.00891491999982,88.93301973468867,14.703106658127735,68.8159155137,108.798021062,9.28770155508,22.0136223804,True,True,True
cardiac,60,1,50.1120023802,50.9760024212,0.864000040999997,,,,,,,,,,,,,,,,,,,,,70.0357777532,70.03545760999987,70.06060332000015,89.2465947651537,14.818099858212223,68.5080313514,108.841955333,9.25947993893,22.0300409646,True,True,True
cardiac,61,1,50.9760024212,51.8400024623,0.8640000410999988,,,,,,,,,,,,,,,,,,,,,70.0309828972,70.03126666000026,70.03219798000009,89.2495032613537,14.815374143456298,68.9187047139,108.799529975,9.26082312781,22.0226960013,True,True,True
cardiac,62,1,51.8400024623,52.6880025025,0.8480000401999988,,,,,,,,,,,,,,,,,,,,,70.0344826328,70.03406062999966,70.03685459999997,88.93448193461698,14.705469448150755,68.61068138,108.837575091,9.26872843988,22.0252560259,True,True,True
cardiac,63,1,52.6880025025,53.5520025436,0.8640000410999988,,,,,,,,,,,,,,,,,,,,,70.0338787283,70.03452629000003,70.02986967000015,89.24595194441481,14.816323945410927,69.0211789467,108.823335641,9.24146912197,22.0282353964,True,True,True
cardiac,64,1,53.5520025436,54.4000025839,0.8480000403000005,,,,,,,,,,,,,,,,,,,,,70.0308737578,70.03080099999988,70.03173231999972,88.93631521270756,14.704091120856981,68.7136756751,108.822815578,9.27804194861,22.0164131368,True,True,True
cardiac,65,1,54.4000025839,55.2640026249,0.8640000410000042,,,,,,,,,,,,,,,,,,,,,70.035304816,70.03592327000024,70.03406062999966,89.24176038396297,14.81737543011926,68.9018136788,108.836974456,9.25031658902,22.0310334777,True,True,True
cardiac,66,1,55.2640026249,56.1120026652,0.8480000403000005,,,,,,,,,,,,,,,,,,,,,70.030153438,70.02986967000015,70.00984624000012,88.93313002160566,14.703119476568114,68.8159960867,108.798130935,9.28771071111,22.0136223804,True,True,True
cardiac,67,1,56.1120026652,56.9760027062,0.864000040999997,,,,,,,,,,,,,,,,,,,,,70.0357850292,70.03592327999922,70.06106898000053,89.24660263258703,14.818106606537965,68.5080313514,108.84188941,9.25947993893,22.0300574454,True,True,True
cardiac,68,1,56.9760027062,57.8400027473,0.8640000410999988,,,,,,,,,,,,,,,,,,,,,70.0310556567,70.03126666000026,70.03219798999999,89.24930956054075,14.815378992753702,68.9184043962,108.799442077,9.26082312781,22.0226960013,True,True,True
cardiac,69,1,57.8400027473,58.6880027875,0.8480000401999988,,,,,,,,,,,,,,,,,,,,,70.0344317011,70.03406061999976,70.03685459000008,88.93440578412643,14.705468757121132,68.6105934821,108.837545792,9.26872019946,22.0252651819,True,True,True
cardiac,70,1,58.6880027875,59.5520028286,0.8640000411000059,,,,,,,,,,,,,,,,,,,,,70.033762313,70.03452629000003,70.02986967999914,89.24598504174816,14.816330897206296,69.0211789467,108.823438188,9.24146545956,22.0282683581,True,True,True
cardiac,71,1,59.5520028286,60.4000028688,0.8480000401999988,,,,,,,,,,,,,,,,,,,,,70.0309901731,70.03219798000009,70.03126666000026,88.93642674345094,14.704117206892263,68.7137269488,108.822998699,9.27805476704,22.0164387737,True,True,True
cardiac,72,1,60.4000028688,61.2640029099,0.8640000410999988,,,,,,,,,,,,,,,,,,,,,70.0355085428,70.03545760999987,70.03406061999976,89.24183458166482,14.817403033829075,68.9019821496,108.837172226,9.25033306986,22.0310591146,True,True,True
cardiac,73,1,61.2640029099,62.1120029502,0.8480000403000005,,,,,,,,,,,,,,,,,,,,,70.0302916812,70.02986968000005,70.00938058000065,88.93337961830943,14.70315095255566,68.8162671051,108.798401953,9.28774001039,22.0136736541,True,True,True
cardiac,74,1,62.1120029502,62.9760029912,0.864000040999997,,,,,,,,,,,,,,,,,,,,,70.0359087205,70.03638893000061,70.06153464999989,89.24680135225186,14.818144400572963,68.508170523,108.842145779,9.2595055758,22.0301270312,True,True,True
cardiac,75,1,62.9760029912,63.8400030322,0.8640000410000042,,,,,,,,,,,,,,,,,,,,,70.031172072,70.03126665999935,70.03219798000009,89.24964107647222,14.815417821086296,68.9187926117,108.799852267,9.26086158312,22.0227399502,True,True,True
cardiac,76,1,63.8400030322,64.6880030725,0.8480000402999934,,,,,,,,,,,,,,,,,,,,,70.0345917721,70.03452629000003,70.03732024999954,88.93473857972265,14.705508974529621,68.6107473034,108.837809485,9.26875041434,22.0253329365,True,True,True
cardiac,77,1,64.6880030725,65.5520031136,0.8640000410999988,,,,,,,,,,,,,,,,,,,,,70.0340169715,70.03452629000003,70.03080099999988,89.2461920356963,14.816374981782777,69.0212814942,108.823643283,9.24150757727,22.0283196319,True,True,True
cardiac,78,1,65.5520031136,66.4000031538,0.8480000402000059,,,,,,,,,,,,,,,,,,,,,70.0310629327,70.03219798000009,70.03219798000009,88.93677805841887,14.704153174522265,68.7141737629,108.823401564,9.2780758259,22.0164735666,True,True,True
cardiac,79,1,66.4000031538,67.2640031949,0.8640000410999988,,,,,,,,,,,,,,,,,,,,,70.0355449226,70.03452629000003,70.03406063000057,89.2422594212574,14.817439132316851,68.9024362885,108.83758974,9.25035504432,22.0311195444,True,True,True
cardiac,80,1,67.2640031949,68.1120032351,0.8480000402000059,,,,,,,,,,,,,,,,,,,,,70.0304153725,70.03033534000042,70.00984624000012,88.9337111701,14.703201068842263,68.8164502256,108.798760869,9.28776564726,22.0137597208,True,True,True
cardiac,81,1,68.1120032351,68.9760032762,0.8640000410999988,,,,,,,,,,,,,,,,,,,,,70.036156103,70.03685459000008,70.06200030999935,89.24705432981297,14.818197539437222,68.5083536435,108.84248272,9.25954403111,22.0301856298,True,True,True
cardiac,82,1,68.9760032762,69.8400033172,0.864000040999997,,,,,,,,,,,,,,,,,,,,,70.0312593835,70.03126665999935,70.03219798000009,89.24987411426481,14.815460481372035,68.9189244585,108.800101311,9.26089637601,22.0228168608,True,True,True
cardiac,83,1,69.8400033172,70.6880033575,0.8480000402999934,,,,,,,,,,,,,,,,,,,,,70.0347591192,70.03452629000003,70.03732025000045,88.9348241281132,14.705550625815473,68.6107985771,108.837948657,9.26877605121,22.0253933663,True,True,True
cardiac,84,1,70.6880033575,71.5520033985,0.8640000410000113,,,,,,,,,,,,,,,,,,,,,70.0340679032,70.0349919500004,70.03033533999951,89.24637366415371,14.816410995468518,69.021413341,108.8239729,9.24152039571,22.0283800616,True,True,True
cardiac,85,1,71.5520033985,72.4000034388,0.8480000402999934,,,,,,,,,,,,,,,,,,,,,70.031353971,70.03173231999972,70.03266364000046,88.93700056711133,14.70420392999566,68.7143129344,108.823709206,9.27811885922,22.0165413212,True,True,True
cardiac,86,1,72.4000034388,73.2640034799,0.8640000410999988,,,,,,,,,,,,,,,,,,,,,70.0355594745,70.03452629000003,70.03452629000003,89.24256787753149,14.817470127149631,68.9028171791,108.837912033,9.25037610318,22.0311708181,True,True,True
cardiac,87,1,73.2640034799,74.1120035201,0.8480000402000059,,,,,,,,,,,,,,,,,,,,,70.0304226484,70.02986968000005,70.00984624000012,88.93399642344528,14.70322907246132,68.8168164666,108.799061187,9.2877784657,22.0138018385,True,True,True
cardiac,88,1,74.1120035201,74.9760035612,0.8640000410999988,,,,,,,,,,,,,,,,,,,,,70.0362288626,70.03685459000008,70.06246596999972,89.24740035972962,14.818228686872223,68.5086539611,108.842783038,9.25956508997,22.0302369035,True,True,True
cardiac,89,1,74.9760035612,75.8400036022,0.864000040999997,,,,,,,,,,,,,,,,,,,,,70.0314412825,70.03126666000026,70.03312929999993,89.25013468796112,14.815501022225,68.9190782797,108.800299081,9.26092201288,22.0228754594,True,True,True
cardiac,90,1,75.8400036022,76.6880036425,0.8480000402999934,,,,,,,,,,,,,,,,,,,,,70.0349846738,70.0349919499995,70.0377859199998,88.93501374422642,14.705597338809245,68.6109597232,108.838278274,9.26880535049,22.0254611208,True,True,True
cardiac,91,1,76.6880036425,77.5520036835,0.8640000410000113,,,,,,,,,,,,,,,,,,,,,70.0342206983,70.0349919500004,70.02940401999967,89.24659774941667,14.816449535557224,69.0216184359,108.824163345,9.24155061059,22.0284221794,True,True,True
cardiac,92,1,77.5520036835,78.4000037238,0.8480000402999934,,,,,,,,,,,,,,,,,,,,,70.0314485584,70.03219798000009,70.03266364000046,88.93706897817358,14.70423563057868,68.7143129344,108.823738506,9.27813167765,22.016610907,True,True,True
cardiac,93,1,78.4000037238,79.2640037648,0.864000040999997,,,,,,,,,,,,,,,,,,,,,70.0356686139,70.03406062999966,70.03452629000003,89.24260273822593,14.817515958142963,68.902941701,108.838109803,9.25040631806,22.0312312479,True,True,True
cardiac,94,1,79.2640037648,80.1120038051,0.8480000403000076,,,,,,,,,,,,,,,,,,,,,70.0306482031,70.02940400999978,70.00984624000012,88.93415273236226,14.703267216802642,68.8168311162,108.799258957,9.28780868058,22.0138714243,True,True,True
cardiac,95,1,80.1120038051,80.9760038462,0.8640000410999988,,,,,,,,,,,,,,,,,,,,,70.0363598298,70.03592328000013,70.06246595999983,89.24749788837036,14.818269872033888,68.5086539611,108.843002782,9.25959896726,22.0302808525,True,True,True
cardiac,96,1,80.9760038462,81.8400038872,0.864000040999997,,,,,,,,,,,,,,,,,,,,,70.0315649738,70.03173232000063,70.0335949700002,89.25037111688147,14.815540003157594,68.9193639477,108.800738571,9.26096046819,22.0229267331,True,True,True
cardiac,97,1,81.8400038872,82.6880039275,0.8480000403000076,,,,,,,,,,,,,,,,,,,,,70.035130193,70.03545760999987,70.03825158000018,88.93537874137925,14.705641132253207,68.6111794678,108.83863719,9.26884014339,22.0255123946,True,True,True
cardiac,98,1,82.6880039275,83.5520039685,0.864000040999997,,,,,,,,,,,,,,,,,,,,,70.0344826328,70.03545760999987,70.02986966999924,89.24684096052592,14.816499401976852,69.0216843593,108.824280542,9.24158540348,22.0285009212,True,True,True
cardiac,99,1,83.5520039685,84.4000040088,0.8480000402999934,,,,,,,,,,,,,,,,,,,,,70.0316231814,70.03033533999951,70.03266365000036,88.93722127914151,14.704283881101134,68.7143642082,108.823943601,9.27816189254,22.0166878176,True,True,True
cardiac,100,1,84.4000040088,85.2640040498,0.864000040999997,,,,,,,,,,,,,,,,,,,,,70.0359378243,70.03452628000014,70.03452629000003,89.24279060632037,14.817566621481111,68.9031907449,108.838248974,9.25044019535,22.0313081585,True,True,True
cardiac,101,1,85.2640040498,86.1120040901,0.8480000403000076,,,,,,,,,,,,,,,,,,,,,70.030844654,70.03033534000042,70.01031189999958,88.9342263951566,14.703322515737547,68.8168311162,108.799559275,9.28784255787,22.0139391789,True,True,True
cardiac,102,1,86.1120040901,86.9760041311,0.864000040999997,,,,,,,,,,,,,,,,,,,,,70.0365199009,70.03592327000024,70.06246596000074,89.24778599796852,14.818308344291852,68.5089249795,108.843339724,9.25962094172,22.0303412822,True,True,True
cardiac,103,1,86.9760041311,87.8400041722,0.8640000410999988,,,,,,,,,,,,,,,,,,,,,70.0317541487,70.03219798999999,70.03359496999929,89.25059411694075,14.81558620717148,68.9195324185,108.800804494,9.26100716392,22.0229963189,True,True,True
cardiac,104,1,87.8400041722,88.6880042125,0.8480000403000076,,,,,,,,,,,,,,,,,,,,,70.0353484717,70.0349919499995,70.03825158000018,88.93543208817925,14.705697087661697,68.6112014422,108.838769036,9.26887402068,22.0255819804,True,True,True
cardiac,105,1,88.6880042125,89.5520042535,0.864000040999997,,,,,,,,,,,,,,,,,,,,,70.0346281519,70.03545760999987,70.03033534000042,89.24706084077222,14.816549658382963,69.0219700273,108.824712707,9.24161928078,22.0285595197,True,True,True
cardiac,106,1,89.5520042535,90.4000042938,0.8480000402999934,,,,,,,,,,,,,,,,,,,,,70.0317905284,70.03126666000026,70.03359495999939,88.93753569357925,14.704329609399624,68.7146132521,108.824375765,9.27819576983,22.0167207793,True,True,True
cardiac,107,1,90.4000042938,91.2640043348,0.8640000410000113,,,,,,,,,,,,,,,,,,,,,70.0360615156,70.0349919499995,70.0349919500004,89.24310245376111,14.817610858652037,68.903513037,108.838615215,9.25047041024,22.0313850691,True,True,True
cardiac,108,1,91.2640043348,92.1120043751,0.8480000402999934,,,,,,,,,,,,,,,,,,,,,70.0310556567,70.03033533000053,70.01077755999995,88.93456375145472,14.70337126725283,68.8171534083,108.79993284,9.28787735077,22.0139996086,True,True,True
cardiac,109,1,92.1120043751,92.9760044161,0.864000040999997,,,,,,,,,,,,,,,,,,,,,70.0367600075,70.03545760999987,70.06246596999972,89.24802120606482,14.81836143228926,68.5090934503,108.843654691,9.25965939702,22.0304181928,True,True,True
cardiac,110,1,92.9760044161,93.8400044572,0.8640000410999988,,,,,,,,,,,,,,,,,,,,,70.0319214957,70.03219798999999,70.03406063000057,89.25088887316481,14.815636463569446,68.9197301887,108.801258633,9.26105019724,22.0230567487,True,True,True
cardiac,111,1,93.8400044572,94.6880044974,0.8480000402000059,,,,,,,,,,,,,,,,,,,,,70.0355740264,70.03545760999987,70.03871723999964,88.9358316363566,14.705749311557923,68.6116336066,108.839208526,9.268917054,22.0256662158,True,True,True
cardiac,112,1,94.6880044974,95.5520045385,0.8640000410999988,,,,,,,,,,,,,,,,,,,,,70.0348027749,70.03825158000018,70.03406061999976,89.24735627516851,14.816597100154073,69.0221384982,108.825013024,9.24164491765,22.0286291055,True,True,True
cardiac,113,1,95.5520045385,96.4000045788,0.8480000402999934,,,,,,,,,,,,,,,,,,,,,70.0319942553,70.03452628000014,70.03452629000003,88.93774631672642,14.70438461465,68.7146645258,108.824500287,9.27823880315,22.0168160019,True,True,True
cardiac,114,1,96.4000045788,97.2640046198,0.8640000410000113,,,,,,,,,,,,,,,,,,,,,70.0363452779,70.0363889399996,70.03452629000003,89.24317176823705,14.81765735090889,68.9036961575,108.838703113,9.25050428753,22.0314271868,True,True,True
cardiac,115,1,97.2640046198,98.1120046601,0.8480000402999934,,,,,,,,,,,,,,,,,,,,,70.0313175912,70.03080099999988,70.00751793000018,88.93460770040944,14.703415803548303,68.8171534083,108.800086662,9.28791580607,22.0140508824,True,True,True
cardiac,116,1,98.1120046601,98.9760047011,0.864000040999997,,,,,,,,,,,,,,,,,,,,,70.0368982507,70.03918290000001,70.06339729000047,89.24818180957037,14.818398242891297,68.5091300744,108.843837812,9.25968961191,22.0304694666,True,True,True
cardiac,117,1,98.9760047011,99.8400047421,0.8640000410000113,,,,,,,,,,,,,,,,,,,,,70.0320888427,70.03080099999988,70.03266364999945,89.25097948389259,14.815670883442964,68.9197301887,108.801405129,9.26107583411,22.0231080224,True,True,True
cardiac,118,1,99.8400047421,100.688004782,0.8480000398999863,,,,,,,,,,,,,,,,,,,,,70.0356540619,70.03545760999987,70.03080098999999,88.93595781676225,14.705780511144717,68.6116482562,108.839420945,9.26893811286,22.0256845279,True,True,True
cardiac,119,1,100.688004782,101.552004823,0.8640000410000113,,,,,,,,,,,,,,,,,,,,,70.0349482941,70.03732025000136,70.03545762000067,89.2475366827963,14.816628111958519,69.0222190712,108.825181495,9.24167513253,22.0286712232,True,True,True
cardiac,120,1,101.552004823,102.400004864,0.8480000409999917,,,,,,,,,,,,,,,,,,,,,70.0320524629,70.03452628999912,70.03545760999987,88.93797476812264,14.704417662712453,68.7149501938,108.824932451,9.27825162158,22.0168581197,True,True,True
cardiac,121,1,102.400004864,103.264004905,0.864000040999997,,,,,,,,,,,,,,,,,,,,,70.0363598298,70.03545760999987,70.03545760999987,89.24349324645742,14.817690600842036,68.9040477489,108.839120628,9.25051710597,22.0314967726,True,True,True
cardiac,122,1,103.264004905,104.112004945,0.8480000400000023,,,,,,,,,,,,,,,,,,,,,70.0313321431,70.03080100000079,70.00751793000018,88.93496302332076,14.703444429075471,68.8174244267,108.800335706,9.28792038408,22.0140856753,True,True,True
cardiac,123,1,104.112004945,104.976004986,0.8640000410000113,,,,,,,,,,,,,,,,,,,,,70.0369782862,70.03918290000001,70.06339728999956,89.24840345312037,14.818432628856668,68.5093424942,108.844145454,9.25971067076,22.0305463772,True,True,True
cardiac,124,1,104.976004986,105.840005027,0.864000040999997,,,,,,,,,,,,,,,,,,,,,70.0322416378,70.03080099999897,70.03266364000046,89.25126488057407,14.815722750628705,68.9199792325,108.801727421,9.26111428941,22.0232014138,True,True,True
cardiac,125,1,105.840005027,106.688005067,0.8480000400000023,,,,,,,,,,,,,,,,,,,,,70.0358650647,70.03545760999987,70.03080099999897,88.93612849890755,14.705834859925849,68.6117215044,108.839545467,9.26898114617,22.0257522824,True,True,True
cardiac,126,1,106.688005067,107.552005108,0.864000040999997,,,,,,,,,,,,,,,,,,,,,70.0350574334,70.03732026000034,70.03545760999987,89.24773133311666,14.816670738341667,69.0224021917,108.825467163,9.24170443181,22.0287389778,True,True,True
cardiac,127,1,107.552005108,108.400005149,0.8480000409999917,,,,,,,,,,,,,,,,,,,,,70.0324089848,70.03359496000121,70.03545761000169,88.93815291336037,14.704468521847925,68.7150527413,108.825115572,9.27829831731,22.0169350303,True,True,True
cardiac,128,1,108.400005149,109.26400519,0.8640000410000113,,,,,,,,,,,,,,,,,,,,,70.0366435922,70.03732025999852,70.03545761999885,89.2436878967574,14.817747673401852,68.9042528438,108.839208526,9.25056013928,22.0315480463,True,True,True
cardiac,129,1,109.26400519,110.11200523,0.8480000399999881,,,,,,,,,,,,,,,,,,,,,70.0315795257,70.03173231999972,70.00751793000018,88.93503544224717,14.703490882945282,68.8174244267,108.800599399,9.28795426138,22.0141534298,True,True,True
cardiac,130,1,110.11200523,110.976005271,0.8640000410000113,,,,,,,,,,,,,,,,,,,,,70.0372693245,70.03918290000001,70.06339728999956,89.24854099701297,14.81847696776111,68.5093424942,108.844255327,9.25974088565,22.0306049757,True,True,True
cardiac,131,1,110.976005271,111.840005312,0.864000040999997,,,,,,,,,,,,,,,,,,,,,70.032387157,70.02986968000005,70.03359496000121,89.25137027662778,14.815758883021667,68.9199792325,108.801866593,9.26114908231,22.0232435316,True,True,True
cardiac,132,1,111.840005312,112.688005352,0.8480000400000023,,,,,,,,,,,,,,,,,,,,,70.0358796166,70.03452629000094,70.03173231999972,88.93639564750943,14.705867614310188,68.6119998476,108.839875084,9.26899396461,22.0258035562,True,True,True
cardiac,133,1,112.688005352,113.552005393,0.864000040999997,,,,,,,,,,,,,,,,,,,,,70.0351738487,70.03732024999954,70.03545761999885,89.24795596090925,14.816703988272408,69.0225267136,108.825642959,9.24173006868,22.0287829267,True,True,True
cardiac,134,1,113.552005393,114.400005434,0.8480000409999917,,,,,,,,,,,,,,,,,,,,,70.0324671925,70.03545760999987,70.03545760999987,88.93836574770944,14.704493001259621,68.7151626136,108.825335316,9.27830747334,22.0169698232,True,True,True
cardiac,135,1,114.400005434,115.264005475,0.8640000410000113,,,,,,,,,,,,,,,,,,,,,70.036672696,70.03732026000034,70.03452628000014,89.24394996257223,14.817778329127222,68.9046557089,108.83965534,9.25058119814,22.031590164,True,True,True
cardiac,136,1,115.264005475,116.112005515,0.8480000400000023,,,,,,,,,,,,,,,,,,,,,70.0316668372,70.03173231999972,70.00751794000098,88.93534571058868,14.703524017395473,68.8175562734,108.800789844,9.28797532023,22.0142230156,True,True,True
cardiac,137,1,116.112005515,116.976005556,0.864000040999997,,,,,,,,,,,,,,,,,,,,,70.0373930158,70.03918290000001,70.06339728999956,89.24879804395185,14.818520255406852,68.5096940856,108.844709466,9.25975736649,22.0306580807,True,True,True
cardiac,138,1,116.976005556,117.840005597,0.864000040999997,,,,,,,,,,,,,,,,,,,,,70.0326636434,70.03080100000079,70.03359495999939,89.25174357114258,14.815817193328147,68.9202502509,108.802320732,9.26119577803,22.0233387542,True,True,True
cardiac,139,1,117.840005597,118.688005637,0.8480000400000023,,,,,,,,,,,,,,,,,,,,,70.0362579664,70.03545760999987,70.03266365000127,88.93665712978867,14.705934850631131,68.6121536688,108.840299924,9.26904981636,22.0258639859,True,True,True
cardiac,140,1,118.688005637,119.552005678,0.864000040999997,,,,,,,,,,,,,,,,,,,,,70.0354139553,70.03732026000034,70.03545760999987,89.24816227666481,14.81675795795463,69.0227098341,108.825972576,9.24176486158,22.0288506813,True,True,True
cardiac,141,1,119.552005678,120.400005719,0.8480000410000059,,,,,,,,,,,,,,,,,,,,,70.0326636434,70.03452628999912,70.03545760999987,88.93860829603585,14.70454591617302,68.7153677085,108.825642959,9.27834135063,22.0170467338,True,True,True
cardiac,142,1,120.400005719,121.26400576,0.864000040999997,,,,,,,,,,,,,,,,,,,,,70.0369055266,70.03732024999954,70.03452628999912,89.24410093523335,14.817828178602408,68.9048534791,108.839809161,9.25061599104,22.0316579186,True,True,True
cardiac,143,1,121.26400576,122.1120058,0.8480000400000023,,,,,,,,,,,,,,,,,,,,,70.0316522853,70.03173228000014,70.0084492900005,88.9356232244981,14.703565841427737,68.817981113,108.801156085,9.2879972947,22.0142907702,True,True,True
cardiac,144,1,122.1120058,122.976005841,0.864000040999997,,,,,,,,,,,,,,,,,,,,,70.0374876033,70.03918290000001,70.06339730000036,89.24917703555,14.818570240521112,68.5099358047,108.845068382,9.25980039981,22.0307349913,True,True,True
cardiac,145,1,122.976005841,123.840005882,0.864000040999997,,,,,,,,,,,,,,,,,,,,,70.0327873346,70.03266369999983,70.03359490000003,89.25208336139445,14.815866127199813,68.9206238167,108.802621049,9.26123881135,22.023399184,True,True,True
cardiac,146,1,123.840005882,124.688005922,0.8480000400000023,,,,,,,,,,,,,,,,,,,,,70.0364689692,70.03545760000088,70.03173229999993,88.93697361730565,14.705981079917358,68.6123587638,108.840578267,9.26907911564,22.0259408966,True,True,True
cardiac,147,1,124.688005922,125.552005963,0.864000040999997,,,,,,,,,,,,,,,,,,,,,70.0355885783,70.03732029999992,70.03545759999906,89.2485621576111,14.816809655581482,69.0230467758,108.826441364,9.24179873887,22.0289111111,True,True,True
cardiac,148,1,125.552005963,126.400006004,0.8480000410000059,,,,,,,,,,,,,,,,,,,,,70.0328382663,70.03452619999916,70.03545770000164,88.93891759691887,14.704591679020755,68.7156167524,108.825943277,9.27837156551,22.0171144884,True,True,True
cardiac,149,1,126.400006004,127.264006045,0.864000040999997,,,,,,,,,,,,,,,,,,,,,70.0370728737,70.03732029999992,70.03452619999916,89.24430304606481,14.81787465390537,68.905102523,108.84006553,9.25064986833,22.0317275044,True,True,True
cardiac,150,1,127.264006045,128.112006085,0.8480000399999881,,,,,,,,,,,,,,,,,,,,,70.0318414601,70.03080100000079,70.00938060000044,88.93571955281509,14.703606559829622,68.817981113,108.801258633,9.28801835355,22.014342044,True,True,True
cardiac,151,1,128.112006085,128.976006126,0.864000040999997,,,,,,,,,,,,,,,,,,,,,70.037705882,70.03918290000001,70.0643285999995,89.2491987387,14.818609272317591,68.5099358047,108.845083031,9.25982237427,22.030786265,True,True,True
cardiac,152,1,128.976006126,129.840006167,0.8640000410000255,,,,,,,,,,,,,,,,,,,,,70.032896474,70.03173229999993,70.03452629999992,89.25210981215186,14.815910042210927,68.9206238167,108.80278952,9.26126902624,22.0234504577,True,True,True
cardiac,153,1,129.840006167,130.688006207,0.8480000399999881,,,,,,,,,,,,,,,,,,,,,70.0367090758,70.03638900000078,70.03173229999993,88.93701452570001,14.706018084082642,68.6123587638,108.840651515,9.26910566811,22.0260013263,True,True,True
cardiac,154,1,130.688006207,131.552006248,0.864000040999997,,,,,,,,,,,,,,,,,,,,,70.0357486494,70.03732019999916,70.03638900000078,89.24861234619445,14.816859454190185,69.0230467758,108.826580536,9.24182071333,22.0289971777,True,True,True
cardiac,155,1,131.552006248,132.400006289,0.8480000410000059,,,,,,,,,,,,,,,,,,,,,70.0329910615,70.03452629999992,70.03545759999906,88.93908620594718,14.704633192097734,68.7156900006,108.826141047,9.27839720238,22.0171675933,True,True,True
cardiac,156,1,132.400006289,133.26400633,0.864000040999997,,,,,,,,,,,,,,,,,,,,,70.0373420841,70.03732029999992,70.03452629999992,89.24446907526668,14.817918467182407,68.9052929683,108.840277949,9.25068466122,22.0317787782,True,True,True
cardiac,157,1,133.26400633,134.11200637,0.8480000399999881,,,,,,,,,,,,,,,,,,,,,70.0320815668,70.03080100000079,70.00938060000044,88.93593985023207,14.703655466821509,68.8181129597,108.8015736,9.28806138687,22.0143933177,True,True,True
cardiac,158,1,134.11200637,134.976006411,0.864000040999997,,,,,,,,,,,,,,,,,,,,,70.0379023328,70.04011419999915,70.0643285999995,89.24932502406666,14.81864199663611,68.5099358047,108.845302776,9.25984343313,22.0308375388,True,True,True
cardiac,159,1,134.976006411,135.840006452,0.8640000410000255,,,,,,,,,,,,,,,,,,,,,70.0330347172,70.03173229999993,70.03452629999992,89.25225481643703,14.815940019713333,68.9206238167,108.802921367,9.26129008509,22.0234760946,True,True,True
cardiac,160,1,135.840006452,136.688006492,0.8480000399999881,,,,,,,,,,,,,,,,,,,,,70.0365999364,70.03638890000002,70.03080100000079,88.93724352999811,14.70603233638132,68.6126224573,108.840915209,9.26911390854,22.0260178072,True,True,True
cardiac,161,1,136.688006492,137.552006533,0.864000040999997,,,,,,,,,,,,,,,,,,,,,70.0357486494,70.03732029999992,70.03732019999916,89.24879668752037,14.816863760909259,69.0231419985,108.826697733,9.24182895375,22.0290136586,True,True,True
cardiac,162,1,137.552006533,138.400006574,0.8480000410000059,,,,,,,,,,,,,,,,,,,,,70.0329983374,70.03359500000079,70.03545760000088,88.93910513995472,14.704641985330943,68.7156900006,108.826141047,9.27839720238,22.017200555,True,True,True
cardiac,163,1,138.400006574,139.264006615,0.864000040999997,,,,,,,,,,,,,,,,,,,,,70.0372984284,70.03732019999916,70.03545759999906,89.24447328024445,14.817929132260186,68.9054028406,108.840234,9.25068466122,22.0318135711,True,True,True
cardiac,164,1,139.264006615,140.112006655,0.8480000399999881,,,,,,,,,,,,,,,,,,,,,70.0320160831,70.0289384000007,70.0103119000014,88.93590474639622,14.70366135777132,68.8181129597,108.801698122,9.28806138687,22.0143933177,True,True,True
cardiac,165,1,140.112006655,140.976006696,0.8640000410000255,,,,,,,,,,,,,,,,,,,,,70.037880505,70.04011419999915,70.0643285999995,89.2494749115963,14.818649660559629,68.5100823011,108.845419973,9.25985167355,22.0308448636,True,True,True
cardiac,166,1,140.976006696,141.840006737,0.864000040999997,,,,,,,,,,,,,,,,,,,,,70.0330347172,70.03266360000089,70.03452629999992,89.25243495272963,14.815951379968148,68.9208215869,108.803023914,9.26130290353,22.0234925754,True,True,True
cardiac,167,1,141.840006737,142.688006777,0.8480000399999881,,,,,,,,,,,,,,,,,,,,,70.036672696,70.03359499999897,70.03080099999897,88.93736169458491,14.706052531463396,68.6126590814,108.84106903,9.26912214896,22.0260782369,True,True,True
cardiac,168,1,142.688006777,143.552006818,0.864000040999997,,,,,,,,,,,,,,,,,,,,,70.0358796166,70.03638890000002,70.03732030000174,89.24902484207962,14.816897807761666,69.0235155643,108.827049324,9.24185916863,22.0290484515,True,True,True
cardiac,169,1,143.552006818,144.400006859,0.8480000410000059,,,,,,,,,,,,,,,,,,,,,70.0330783729,70.03266370000165,70.03545759999906,88.93946516173962,14.704674273279245,68.7160562416,108.826507288,9.27842741727,22.0172701408,True,True,True
cardiac,170,1,144.400006859,145.2640069,0.864000040999997,,,,,,,,,,,,,,,,,,,,,70.0373275322,70.03732019999916,70.03545760000088,89.24489201582408,14.817967943634999,68.9058789539,108.840849285,9.25071396051,22.0318465327,True,True,True
cardiac,171,1,145.2640069,146.11200694,0.8480000399999881,,,,,,,,,,,,,,,,,,,,,70.0321979821,70.02986969999984,70.01031189999958,88.93627679196415,14.703704425639247,68.8183253795,108.801961816,9.28809526416,22.0144537475,True,True,True
cardiac,172,1,146.11200694,146.976006981,0.8640000410000255,,,,,,,,,,,,,,,,,,,,,70.0380187482,70.04011420000097,70.0643285999995,89.24980208687593,14.818689523182593,68.5104192428,108.845786214,9.25987731042,22.0308888125,True,True,True
cardiac,173,1,146.976006981,147.840007022,0.864000040999997,,,,,,,,,,,,,,,,,,,,,70.0333112036,70.03266369999983,70.03452629999992,89.25262878923148,14.815998092653148,68.9209754081,108.803324232,9.26134959926,22.0235530052,True,True,True
cardiac,174,1,147.840007022,148.688007062,0.8480000399999881,,,,,,,,,,,,,,,,,,,,,70.0368982507,70.03638890000002,70.03080100000079,88.93749008620944,14.70610501449566,68.6126590814,108.84125215,9.26916518228,22.0261459915,True,True,True
cardiac,175,1,148.688007062,149.552007103,0.864000040999997,,,,,,,,,,,,,,,,,,,,,70.0360542396,70.03732029999992,70.03732029999992,89.24914244614259,14.816944249162036,69.0235155643,108.827247094,9.24188480551,22.02910705,True,True,True
cardiac,176,1,149.552007103,150.400007144,0.8480000410000059,,,,,,,,,,,,,,,,,,,,,70.0331656844,70.03359490000003,70.03545759999906,88.93968932890942,14.704711519294152,68.7161880884,108.826880853,9.27845305414,22.0173031025,True,True,True
cardiac,177,1,150.400007144,151.264007185,0.864000040999997,,,,,,,,,,,,,,,,,,,,,70.0374221196,70.03732029999992,70.03545760000088,89.24519246906851,14.817999091066111,68.9062305453,108.841039731,9.25073593497,22.0319161185,True,True,True
cardiac,178,1,151.264007185,152.112007225,0.8480000400000165,,,,,,,,,,,,,,,,,,,,,70.0322998455,70.03080099999897,70.01031189999958,88.93664869934905,14.703742760016038,68.8186989453,108.802364681,9.28811723862,22.0145050212,True,True,True
cardiac,179,1,152.112007225,152.976007266,0.864000040999997,,,,,,,,,,,,,,,,,,,,,70.0381715433,70.04011420000097,70.0643285999995,89.25001830472593,14.818732200429816,68.5105217903,108.846042583,9.25989928488,22.0309565671,True,True,True
cardiac,180,1,152.976007266,153.840007307,0.864000040999997,,,,,,,,,,,,,,,,,,,,,70.0333694112,70.03266359999907,70.03452629999992,89.2529056402426,14.816032732948148,68.9211438789,108.803690473,9.26137157372,22.0235859669,True,True,True
cardiac,181,1,153.840007307,154.688007347,0.8480000399999881,,,,,,,,,,,,,,,,,,,,,70.0371019775,70.03545769999982,70.03173229999993,88.93773608960188,14.706141742247926,68.6128275523,108.841486545,9.26919081915,22.0261972653,True,True,True
cardiac,182,1,154.688007347,155.552007388,0.864000040999997,,,,,,,,,,,,,,,,,,,,,70.0362870703,70.03732020000098,70.03825160000088,89.24934509948518,14.816989435830184,69.0235595132,108.827415565,9.2419186828,22.0291766358,True,True,True
cardiac,183,1,155.552007388,156.400007429,0.8480000410000059,,,,,,,,,,,,,,,,,,,,,70.0334785506,70.03359499999897,70.03545759999906,88.93974875665283,14.704759217004527,68.7161880884,108.826968751,9.27848235342,22.0173800131,True,True,True
cardiac,184,1,156.400007429,157.26400747,0.864000040999997,,,,,,,,,,,,,,,,,,,,,70.0376403984,70.03825160000088,70.03452629999992,89.24528660658704,14.818042260035186,68.9063843665,108.841237501,9.25075699382,22.0319747171,True,True,True
cardiac,185,1,157.26400747,158.11200751,0.8480000400000165,,,,,,,,,,,,,,,,,,,,,70.032547228,70.02986959999907,70.0103119000014,88.93673936124905,14.703790751410944,68.8186989453,108.802569776,9.28815111592,22.0145819318,True,True,True
cardiac,186,1,158.11200751,158.976007551,0.864000040999997,,,,,,,,,,,,,,,,,,,,,70.0385135133,70.04011429999991,70.06525989999864,89.25024103348889,14.818800785842964,68.510653637,108.846445448,9.25995422103,22.0310334777,True,True,True
cardiac,187,1,158.976007551,159.840007592,0.864000040999997,,,,,,,,,,,,,,,,,,,,,70.0336386217,70.03266360000089,70.03452629999992,89.25324231068147,14.816092213198704,68.9214295469,108.804027415,9.26142284746,22.0236628775,True,True,True
cardiac,188,1,159.840007592,160.688007632,0.8480000399999881,,,,,,,,,,,,,,,,,,,,,70.0373348081,70.03545760000088,70.03173229999993,88.93805423556417,14.70619476081132,68.6130765962,108.841808837,9.26922469644,22.0262741759,True,True,True
cardiac,189,1,160.688007632,161.552007673,0.864000040999997,,,,,,,,,,,,,,,,,,,,,70.0363962096,70.03732029999992,70.03918290000001,89.24947450464444,14.817022906191298,69.0235668381,108.827540087,9.24193607925,22.0292114287,True,True,True
cardiac,190,1,161.552007673,162.400007714,0.8480000410000059,,,,,,,,,,,,,,,,,,,,,70.0334712747,70.03359490000003,70.03545760000088,88.93985517388302,14.704783523659247,68.71632726,108.827203146,9.27849150944,22.017414806,True,True,True
cardiac,191,1,162.400007714,163.264007755,0.864000040999997,,,,,,,,,,,,,,,,,,,,,70.0377131579,70.03918290000001,70.03545769999982,89.24533408226851,14.818071067600927,68.9065308629,108.841303424,9.25077805268,22.0320259908,True,True,True
cardiac,192,1,163.264007755,164.112007795,0.8480000400000165,,,,,,,,,,,,,,,,,,,,,70.0327145751,70.03080099999897,70.01031189999958,88.93680321157359,14.703828550249622,68.8186989453,108.802686973,9.2881813308,22.0146332056,True,True,True
cardiac,193,1,164.112007795,164.976007836,0.864000040999997,,,,,,,,,,,,,,,,,,,,,70.0387026882,70.04011429999991,70.06525990000046,89.2502925785352,14.81883698605426,68.510653637,108.846511371,9.25998443591,22.0310774266,True,True,True
cardiac,194,1,164.976007836,165.840007877,0.864000040999997,,,,,,,,,,,,,,,,,,,,,70.0337332091,70.03266360000089,70.03452629999992,89.25329778943889,14.816124751000187,68.9214295469,108.804261809,9.26144848433,22.0237068264,True,True,True
cardiac,195,1,165.840007877,166.688007917,0.8480000399999881,,,,,,,,,,,,,,,,,,,,,70.037538535,70.03638890000002,70.03173229999993,88.93810785879622,14.706225787640943,68.6130765962,108.841940684,9.2692466709,22.0263181248,True,True,True
cardiac,196,1,166.688007917,167.552007958,0.864000040999997,,,,,,,,,,,,,,,,,,,,,70.0365999364,70.03918290000001,70.03918290000001,89.24976057957777,14.817071941796112,69.0238671557,108.827935628,9.24196995654,22.0292883393,True,True,True
cardiac,197,1,167.552007958,168.400007999,0.8480000410000059,,,,,,,,,,,,,,,,,,,,,70.0337041053,70.03452629999992,70.03545760000088,88.94020925288869,14.704838891698678,68.7165470046,108.827569387,9.27853820517,22.0174752358,True,True,True
cardiac,198,1,168.400007999,169.26400804,0.864000040999997,,,,,,,,,,,,,,,,,,,,,70.0378659531,70.03825159999906,70.03545759999906,89.24579066272592,14.818116796858332,68.9070509251,108.841808837,9.25081284558,22.0320772646,True,True,True
cardiac,199,1,169.26400804,170.11200808,0.8480000400000165,,,,,,,,,,,,,,,,,,,,,70.0327072991,70.03080100000079,70.01124329999948,88.93728112155094,14.703861650138867,68.8191897083,108.803192385,9.28820238966,22.0146753233,True,True,True
cardiac,200,1,170.11200808,170.976008121,0.864000040999997,,,,,,,,,,,,,,,,,,,,,70.0387463439,70.04011419999915,70.06525990000046,89.25065393630555,14.818876645202408,68.5109759291,108.846914236,9.26000641037,22.0311543372,True,True,True
cardiac,201,1,170.976008121,171.840008162,0.864000040999997,,,,,,,,,,,,,,,,,,,,,70.03392966,70.03173240000069,70.03452629999992,89.25360271900927,14.81617989061222,68.9217078901,108.804598751,9.26149975807,22.0237672562,True,True,True
cardiac,202,1,171.840008162,172.688008202,0.8480000399999881,,,,,,,,,,,,,,,,,,,,,70.0376913301,70.03638890000002,70.03173229999993,88.93858411029622,14.706272638850754,68.6135160854,108.84248272,9.26928054819,22.0263767234,True,True,True
cardiac,203,1,172.688008202,173.552008243,0.864000040999997,,,,,,,,,,,,,,,,,,,,,70.0367891113,70.04011419999915,70.04104550000011,89.25008734790184,14.81711751845037,69.0240649258,108.828272569,9.24201298986,22.0293469379,True,True,True
cardiac,204,1,173.552008243,174.400008284,0.8480000410000059,,,,,,,,,,,,,,,,,,,,,70.0339660398,70.03545760000088,70.03545769999982,88.94044641123773,14.704889560790566,68.7166642017,108.827942952,9.27857299806,22.0175356655,True,True,True
cardiac,205,1,174.400008284,175.264008325,0.864000040999997,,,,,,,,,,,,,,,,,,,,,70.0380842318,70.03825159999906,70.03545760000088,89.24597052772778,14.818158083737776,68.9071681222,108.84188941,9.25083848245,22.0321376943,True,True,True
cardiac,206,1,175.264008325,176.112008365,0.8480000400000165,,,,,,,,,,,,,,,,,,,,,70.0329183019,70.03080100000079,70.01124320000054,88.93734206956981,14.70390459708113,68.8192043579,108.803302258,9.28822802653,22.0147449091,True,True,True
cardiac,207,1,176.112008365,176.976008406,0.864000040999997,,,,,,,,,,,,,,,,,,,,,70.0389209669,70.04104550000011,70.0661911999996,89.25080938527408,14.818928800644445,68.5111077759,108.847112007,9.26004028767,22.0312129358,True,True,True
cardiac,208,1,176.976008406,177.840008447,0.864000040999997,,,,,,,,,,,,,,,,,,,,,70.0340679032,70.03266369999983,70.03452629999992,89.25378122755184,14.816222652650925,68.9217957879,108.804730598,9.26152539494,22.0238606477,True,True,True
cardiac,209,1,177.840008447,178.688008487,0.8480000399999881,,,,,,,,,,,,,,,,,,,,,70.0377859175,70.03545759999906,70.03266369999983,88.93873599666793,14.706318298043584,68.6136332825,108.842614567,9.26930252265,22.026453634,True,True,True
cardiac,210,1,178.688008487,179.552008528,0.864000040999997,,,,,,,,,,,,,,,,,,,,,70.0369637343,70.04104550000011,70.04104550000011,89.25010701640741,14.817151751814814,69.0240649258,108.828338493,9.24202580829,22.0293908868,True,True,True
cardiac,211,1,179.552008528,180.400008569,0.8480000410000059,,,,,,,,,,,,,,,,,,,,,70.0340387993,70.03452629999992,70.03545759999906,88.94047170258679,14.704904953280755,68.7167594243,108.827972252,9.27858123849,22.0175777832,True,True,True
cardiac,212,1,180.400008569,181.26400861,0.864000040999997,,,,,,,,,,,,,,,,,,,,,70.0381278875,70.03825160000088,70.03638900000078,89.24599453688518,14.818175836261112,68.9072853194,108.841977308,9.25084672287,22.0321724872,True,True,True
cardiac,213,1,181.26400861,182.11200865,0.8480000400000165,,,,,,,,,,,,,,,,,,,,,70.0329910615,70.0289384000007,70.01124320000054,88.93748538730566,14.703922028079623,68.8192483069,108.803470729,9.28824542298,22.0147613899,True,True,True
cardiac,214,1,182.11200865,182.976008691,0.864000040999997,,,,,,,,,,,,,,,,,,,,,70.0388845871,70.04104549999829,70.0661911999996,89.25105218951111,14.818936261103518,68.511305546,108.847251178,9.26004028767,22.0312385727,True,True,True
cardiac,215,1,182.976008691,183.840008732,0.864000040999997,,,,,,,,,,,,,,,,,,,,,70.0341406628,70.03266370000165,70.03452629999992,89.25389801773518,14.81624133771611,68.9218763609,108.804767222,9.2615464538,22.0238698037,True,True,True
cardiac,216,1,183.840008732,184.688008772,0.8480000399999881,,,,,,,,,,,,,,,,,,,,,70.037705882,70.03452619999916,70.03359499999897,88.93880261103018,14.706322409626038,68.6136332825,108.84268049,9.26930252265,22.02646279,True,True,True
cardiac,217,1,184.688008772,185.552008813,0.864000040999997,,,,,,,,,,,,,,,,,,,,,70.0368545949,70.04104560000087,70.04104550000011,89.25031740149815,14.817151192271668,69.0242700208,108.828477664,9.24201756787,22.0293982116,True,True,True
cardiac,218,1,185.552008813,186.400008854,0.8480000410000059,,,,,,,,,,,,,,,,,,,,,70.0340679032,70.03452629999992,70.03638900000078,88.94065551413397,14.704917909927925,68.7167960484,108.828140723,9.27859405692,22.0175777832,True,True,True
cardiac,219,1,186.400008854,187.264008895,0.864000040999997,,,,,,,,,,,,,,,,,,,,,70.0382006471,70.03825159999906,70.03638890000002,89.24629960208888,14.818200981416851,68.9077248086,108.842416797,9.25087693775,22.0321981241,True,True,True
cardiac,220,1,187.264008895,188.112008935,0.8480000400000165,,,,,,,,,,,,,,,,,,,,,70.0331074768,70.02893829999994,70.01217460000044,88.93769518118678,14.703946300180567,68.8193874784,108.803661174,9.28825824141,22.0147961828,True,True,True
cardiac,221,1,188.112008935,188.976008976,0.864000040999997,,,,,,,,,,,,,,,,,,,,,70.0390301063,70.04011420000097,70.0661911999996,89.25109939388147,14.818969629724075,68.511305546,108.847368375,9.26006134653,22.0312825216,True,True,True
cardiac,222,1,188.976008976,189.840009017,0.864000040999997,,,,,,,,,,,,,,,,,,,,,70.0341552147,70.03173239999887,70.03452629999992,89.25396584012407,14.816265838562222,68.9218763609,108.804899068,9.26155927223,22.0239284022,True,True,True
cardiac,223,1,189.840009017,190.688009057,0.8480000399999881,,,,,,,,,,,,,,,,,,,,,70.0379605405,70.03732020000098,70.03359500000079,88.93885015326414,14.706356217813395,68.6136332825,108.842848961,9.26933182193,22.0264884269,True,True,True
cardiac,224,1,190.688009057,191.552009098,0.8640000410000255,,,,,,,,,,,,,,,,,,,,,70.0369055266,70.03918290000001,70.04477079999924,89.25036813271666,14.817182305813704,69.0242700208,108.828580212,9.24203862673,22.0294494854,True,True,True
cardiac,225,1,191.552009098,192.400009139,0.8480000409999775,,,,,,,,,,,,,,,,,,,,,70.0341333868,70.04104559999905,70.03173229999993,88.94067292781321,14.70494178468849,68.7167960484,108.828052825,9.27860229734,22.0176125761,True,True,True
cardiac,226,1,192.400009139,193.26400918,0.864000040999997,,,,,,,,,,,,,,,,,,,,,70.0384625816,70.0429081000002,70.03173240000069,89.24608080694816,14.818213732036481,68.9076076114,108.842189727,9.25088151576,22.0321981241,True,True,True
cardiac,227,1,193.26400918,194.11200922,0.8480000400000165,,,,,,,,,,,,,,,,,,,,,70.0331511325,70.03918300000078,70.01496849999967,88.93759249547547,14.703956682768679,68.8192702813,108.803661174,9.28826648183,22.0148126637,True,True,True
cardiac,228,1,194.11200922,194.976009261,0.864000040999997,,,,,,,,,,,,,,,,,,,,,70.0391028658,70.04477079999924,70.05222139999933,89.25111499306851,14.818973105620925,68.511305546,108.847383025,9.26007050255,22.0312898464,True,True,True
cardiac,229,1,194.976009261,195.840009302,0.864000040999997,,,,,,,,,,,,,,,,,,,,,70.0341770425,70.03173229999993,70.02986969999984,89.25396516192963,14.816271179573889,68.9218763609,108.804767222,9.26156842826,22.0239375583,True,True,True
cardiac,230,1,195.840009302,196.688009342,0.8480000399999881,,,,,,,,,,,,,,,,,,,,,70.037880505,70.03732029999992,70.0280070000008,88.9387095996585,14.706354006550754,68.6135673591,108.842783038,9.26933182193,22.0264975829,True,True,True
cardiac,231,1,196.688009342,197.552009383,0.8640000410000255,,,,,,,,,,,,,,,,,,,,,70.036840043,70.03918290000001,70.04104550000011,89.25037586446481,14.817179033378888,69.0242700208,108.828572887,9.24203404871,22.0294494854,True,True,True
cardiac,232,1,197.552009383,198.400009423,0.8480000399999881,,,,,,,,,,,,,,,,,,,,,70.0341624906,70.04104550000011,70.03173239999887,88.94068716286415,14.704942492983397,68.7167960484,108.828052825,9.27860229734,22.0176125761,True,True,True
cardiac,233,1,198.400009423,199.264009465,0.8640000419999865,,,,,,,,,,,,,,,,,,,,,70.0384334777,70.04290820000097,70.03173229999993,89.24609857643519,14.818218988267963,68.9077101589,108.842248326,9.25088151576,22.0322072801,True,True,True
cardiac,234,1,199.264009465,200.112009505,0.8480000400000165,,,,,,,,,,,,,,,,,,,,,70.0331438566,70.0391828999982,70.01496850000149,88.93758627630001,14.703959619607359,68.8192702813,108.803639199,9.28826648183,22.0148126637,True,True,True
cardiac,235,1,200.112009505,200.976009546,0.864000040999997,,,,,,,,,,,,,,,,,,,,,70.0390373822,70.04477079999924,70.05035879999923,89.25112394559629,14.818970782709815,68.511305546,108.847412324,9.26006134653,22.0313081585,True,True,True
cardiac,236,1,200.976009546,201.840009587,0.864000040999997,,,,,,,,,,,,,,,,,,,,,70.0341915945,70.03173240000251,70.02986959999907,89.2540011078074,14.81627445200463,68.9218763609,108.804921043,9.26158124669,22.0239375583,True,True,True
cardiac,237,1,201.840009587,202.688009627,0.8480000400000165,,,,,,,,,,,,,,,,,,,,,70.0379023328,70.03732020000098,70.02986969999984,88.93888401327925,14.706356753352264,68.6136332825,108.842914885,9.26933182193,22.0265140637,True,True,True
cardiac,238,1,202.688009627,203.552009668,0.864000040999997,,,,,,,,,,,,,,,,,,,,,70.0369346305,70.03918290000001,70.04104560000269,89.25040841920556,14.81719527684463,69.0242700208,108.828631485,9.24204686715,22.0294494854,True,True,True
cardiac,239,1,203.552009668,204.400009708,0.8480000399999881,,,,,,,,,,,,,,,,,,,,,70.0342352502,70.04104559999905,70.03173229999811,88.9407049911849,14.704950007838491,68.7167960484,108.828052825,9.27860229734,22.017629057,True,True,True
cardiac,240,1,204.400009708,205.26400975,0.8640000420000149,,,,,,,,,,,,,,,,,,,,,70.0384189258,70.04290820000097,70.03173230000175,89.2461084785,14.818225363577222,68.9078420057,108.842211702,9.25088151576,22.032223761,True,True,True
cardiac,241,1,205.26400975,206.11200979,0.8480000399999881,,,,,,,,,,,,,,,,,,,,,70.0331365806,70.03918290000001,70.01496849999967,88.93759332471322,14.703967963681322,68.8192702813,108.803639199,9.28826648183,22.0148218197,True,True,True
cardiac,242,1,206.11200979,206.976009831,0.864000040999997,,,,,,,,,,,,,,,,,,,,,70.0389791746,70.04477079999924,70.05035879999923,89.25111974064075,14.818973393876853,68.511305546,108.847368375,9.2600531061,22.0313081585,True,True,True
cardiac,243,1,206.976009831,207.840009872,0.864000040999997,,,,,,,,,,,,,,,,,,,,,70.0341915945,70.03173229999811,70.02986969999984,89.25397723432778,14.816274621562409,68.9218763609,108.804921043,9.26158948711,22.0239375583,True,True,True
cardiac,244,1,207.840009872,208.688009912,0.8480000400000165,,,,,,,,,,,,,,,,,,,,,70.038047852,70.03732030000174,70.0280070000008,88.93890778439624,14.70637154120151,68.6136332825,108.842951509,9.26934464037,22.0265140637,True,True,True
cardiac,245,1,208.688009912,209.552009953,0.864000040999997,,,,,,,,,,,,,,,,,,,,,70.0369855622,70.03918290000001,70.04104549999829,89.25042388273704,14.817193954305742,69.0242700208,108.828631485,9.24204686715,22.0294238485,True,True,True
cardiac,246,1,209.552009953,210.400009993,0.8480000399999881,,,,,,,,,,,,,,,,,,,,,70.034278906,70.04104549999829,70.03173240000251,88.94072917692263,14.704948228458491,68.7167960484,108.828111423,9.27860687536,22.0176546938,True,True,True
cardiac,247,1,210.400009993,211.264010035,0.8640000420000149,,,,,,,,,,,,,,,,,,,,,70.0385062373,70.0447709,70.03173229999811,89.24612896088148,14.818236910341481,68.9079738524,108.842248326,9.25088975619,22.0322402418,True,True,True
cardiac,248,1,211.264010035,212.112010075,0.8480000399999881,,,,,,,,,,,,,,,,,,,,,70.0332529959,70.03918290000001,70.01496849999967,88.93763561520755,14.703983373440945,68.8192702813,108.803661174,9.28827930027,22.0148291445,True,True,True
cardiac,249,1,212.112010075,212.976010116,0.864000040999997,,,,,,,,,,,,,,,,,,,,,70.0392192812,70.04477079999924,70.05035879999923,89.25114673392778,14.81899424925926,68.511305546,108.847419649,9.26007416496,22.0313246393,True,True,True
cardiac,250,1,212.976010116,213.840010157,0.864000040999997,,,,,,,,,,,,,,,,,,,,,70.0343225617,70.02986969999984,70.02986960000271,89.25406079151853,14.816293510104444,68.9218763609,108.805104163,9.26161146157,22.0239467143,True,True,True
cardiac,251,1,213.840010157,214.688010197,0.8480000400000165,,,,,,,,,,,,,,,,,,,,,70.0380696799,70.03918290000001,70.02800709999792,88.93910721297925,14.70638271845981,68.6138310526,108.843237177,9.26935745881,22.0265140637,True,True,True
cardiac,252,1,214.688010197,215.552010238,0.864000040999997,,,,,,,,,,,,,,,,,,,,,70.0369491824,70.03918290000001,70.04104550000193,89.25067346916667,14.81720226255426,69.0245410391,108.828799956,9.24205144516,22.0294494854,True,True,True
cardiac,253,1,215.552010238,216.400010278,0.8480000399999881,,,,,,,,,,,,,,,,,,,,,70.0342134223,70.04290820000097,70.03545759999906,88.9407579233868,14.704955726041321,68.7167960484,108.828177347,9.27860229734,22.0176711747,True,True,True
cardiac,254,1,216.400010278,217.264010319,0.864000040999997,,,,,,,,,,,,,,,,,,,,,70.0385062373,70.04477079999924,70.03173239999887,89.2461607017889,14.818243455206296,68.9080910496,108.842248326,9.25088975619,22.0322585539,True,True,True
cardiac,255,1,217.264010319,218.11201036,0.8480000410000059,,,,,,,,,,,,,,,,,,,,,70.0333039276,70.03918290000001,70.01496849999967,88.93766671110754,14.703993738757925,68.8192702813,108.803741747,9.28828387828,22.0148547814,True,True,True
cardiac,256,1,218.11201036,218.976010401,0.864000040999997,,,,,,,,,,,,,,,,,,,,,70.0392774888,70.04477080000288,70.0503587000021,89.2511693865963,14.819001913194258,68.511305546,108.847448948,9.26008332099,22.0313337953,True,True,True
cardiac,257,1,218.976010401,219.840010442,0.864000040999997,,,,,,,,,,,,,,,,,,,,,70.0344098732,70.03173239999887,70.02986969999984,89.25405617962407,14.816305769005556,68.9218763609,108.804964992,9.26162428001,22.0239540391,True,True,True
cardiac,258,1,219.840010442,220.688010482,0.8480000400000165,,,,,,,,,,,,,,,,,,,,,70.0381933711,70.03918290000001,70.0280070000008,88.93895173333206,14.706399475711699,68.6136332825,108.843017432,9.26936661483,22.0265488566,True,True,True
cardiac,259,1,220.688010482,221.552010523,0.864000040999997,,,,,,,,,,,,,,,,,,,,,70.0370583218,70.03918290000001,70.04104559999905,89.25068404947407,14.817223609655,69.0245410391,108.828975752,9.24206884161,22.0294677974,True,True,True
cardiac,260,1,221.552010523,222.400010563,0.8480000399999881,,,,,,,,,,,,,,,,,,,,,70.03427163,70.04290820000097,70.03545759999906,88.94107841882831,14.70498089646717,68.7172135632,108.828506964,9.2786242718,22.0176968116,True,True,True
cardiac,261,1,222.400010563,223.264010604,0.864000040999997,,,,,,,,,,,,,,,,,,,,,70.0384553056,70.04477079999924,70.03173230000175,89.24643443299816,14.818268379943149,68.908479265,108.84251202,9.25090257462,22.0322841907,True,True,True
cardiac,262,1,223.264010604,224.112010645,0.8480000410000059,,,,,,,,,,,,,,,,,,,,,70.0333912391,70.03918290000001,70.01496849999967,88.93784071013961,14.70402039488717,68.8193874784,108.803932192,9.28830493714,22.0148987303,True,True,True
cardiac,263,1,224.112010645,224.976010686,0.864000040999997,,,,,,,,,,,,,,,,,,,,,70.0392993167,70.04477079999924,70.05035879999923,89.25126189637777,14.819022599028333,68.511305546,108.847485572,9.2600869834,22.0313594322,True,True,True
cardiac,264,1,224.976010686,225.840010727,0.864000040999997,,,,,,,,,,,,,,,,,,,,,70.0343371136,70.02986969999984,70.02986969999984,89.25408561451296,14.816311364354075,68.9218763609,108.805089514,9.26163252043,22.0239723512,True,True,True
cardiac,265,1,225.840010727,226.688010767,0.8480000400000165,,,,,,,,,,,,,,,,,,,,,70.0381715433,70.03918290000001,70.0280070000008,88.93899098329811,14.706409530064152,68.6136332825,108.843149279,9.26936661483,22.0265744935,True,True,True
cardiac,266,1,226.688010767,227.552010808,0.864000040999997,,,,,,,,,,,,,,,,,,,,,70.0371310813,70.03918290000001,70.04104559999905,89.25070398928148,14.817239615745926,69.0245410391,108.828975752,9.24208166004,22.0294934343,True,True,True
cardiac,267,1,227.552010808,228.400010848,0.8480000399999881,,,,,,,,,,,,,,,,,,,,,70.0342934579,70.04290820000097,70.03545759999906,88.94111642496603,14.705002490861322,68.7172135632,108.828631485,9.27863709024,22.0177224484,True,True,True
cardiac,268,1,228.400010848,229.264010889,0.864000040999997,,,,,,,,,,,,,,,,,,,,,70.0385280652,70.04477079999924,70.03173230000175,89.24666733516668,14.818289167507963,68.9087356337,108.842878261,9.25091539306,22.0323171524,True,True,True
cardiac,269,1,229.264010889,230.11201093,0.8480000410000059,,,,,,,,,,,,,,,,,,,,,70.033420343,70.03918290000001,70.01496849999967,88.93811407793774,14.704048208470942,68.8197024457,108.804298433,9.28832233359,22.014931692,True,True,True
cardiac,270,1,230.11201093,230.976010971,0.864000040999997,,,,,,,,,,,,,,,,,,,,,70.0394593878,70.0447709,70.05222140000114,89.25146522797962,14.81905634067426,68.5113641446,108.84778589,9.26011719828,22.0314107059,True,True,True
cardiac,271,1,230.976010971,231.840011012,0.864000040999997,,,,,,,,,,,,,,,,,,,,,70.0344098732,70.02986969999984,70.02986969999984,89.25430549473148,14.816343190012592,68.9220668063,108.805206711,9.2616581573,22.0240144689,True,True,True
cardiac,272,1,231.840011012,232.688011052,0.8480000400000165,,,,,,,,,,,,,,,,,,,,,70.0382588548,70.03918290000001,70.02800699999716,88.93917161613774,14.706435253315473,68.6138310526,108.84331775,9.26937943327,22.0266166112,True,True,True
cardiac,273,1,232.688011052,233.552011093,0.864000040999997,,,,,,,,,,,,,,,,,,,,,70.0373202562,70.03918290000001,70.04104560000269,89.25077045521851,14.817271441402408,69.0245410391,108.829049,9.2421027189,22.0295611889,True,True,True
cardiac,274,1,233.552011093,234.400011133,0.8480000399999881,,,,,,,,,,,,,,,,,,,,,70.0345262885,70.0429081000002,70.03545759999906,88.9411520816302,14.705033569526604,68.7172135632,108.828741358,9.2786581491,22.0177572413,True,True,True
cardiac,275,1,234.400011133,235.264011174,0.864000040999997,,,,,,,,,,,,,,,,,,,,,70.0386517565,70.0447709,70.03173229999811,89.24669093735184,14.818315126541851,68.9088674805,108.842885585,9.2509327895,22.0323519453,True,True,True
cardiac,276,1,235.264011174,236.112011215,0.8480000410000059,,,,,,,,,,,,,,,,,,,,,70.0334712747,70.03918290000001,70.01496849999967,88.93815401895094,14.704066140453396,68.8197024457,108.80444493,9.28834797046,22.014940848,True,True,True
cardiac,277,1,236.112011215,236.976011256,0.864000040999997,,,,,,,,,,,,,,,,,,,,,70.0394666637,70.04477079999924,70.05222140000114,89.25176256142964,14.81907197374074,68.5117816593,108.848086208,9.26013825714,22.031419862,True,True,True
cardiac,278,1,236.976011256,237.840011297,0.864000040999997,,,,,,,,,,,,,,,,,,,,,70.0345335645,70.02986969999984,70.02986969999984,89.2544803409463,14.816361841182777,68.9221620289,108.805441105,9.26167555375,22.0240401057,True,True,True
cardiac,279,1,237.840011297,238.688011337,0.8480000400000165,,,,,,,,,,,,,,,,,,,,,70.038382546,70.03918290000001,70.02800710000156,88.93923560464151,14.706464587140754,68.6138310526,108.843537494,9.26940049212,22.0266514041,True,True,True
cardiac,280,1,238.688011337,239.552011378,0.864000040999997,,,,,,,,,,,,,,,,,,,,,70.0373493601,70.03918290000001,70.04104549999829,89.25091885065925,14.817290363853148,69.0246069625,108.829268745,9.24211187493,22.0295703449,True,True,True
cardiac,281,1,239.552011378,240.400011418,0.8480000399999881,,,,,,,,,,,,,,,,,,,,,70.0346281519,70.04104550000193,70.0354576000027,88.94126692931322,14.705052831726793,68.7172135632,108.828843905,9.27867096753,22.0177920342,True,True,True
cardiac,282,1,240.400011418,241.264011459,0.864000040999997,,,,,,,,,,,,,,,,,,,,,70.0386226526,70.0447709,70.02986969999984,89.24690417107222,14.818331336090184,68.9091384988,108.84311998,9.25093645191,22.0323775822,True,True,True
cardiac,283,1,241.264011459,242.1120115,0.8480000410000059,,,,,,,,,,,,,,,,,,,,,70.033580414,70.03918290000001,70.01496849999967,88.93837638946226,14.704088529532264,68.8199368399,108.804598751,9.28835621088,22.0149664849,True,True,True
cardiac,284,1,242.1120115,242.976011541,0.864000040999997,,,,,,,,,,,,,,,,,,,,,70.0395175954,70.04477079999924,70.05408410000018,89.25180908758148,14.819089675394444,68.5117816593,108.848174105,9.26013825714,22.0314619797,True,True,True
cardiac,285,1,242.976011541,243.840011582,0.864000040999997,,,,,,,,,,,,,,,,,,,,,70.034606324,70.02986969999984,70.02986959999907,89.25459170534259,14.816391259149816,68.9223524742,108.805624226,9.26170943104,22.0240657426,True,True,True
cardiac,286,1,243.840011582,244.688011622,0.8480000400000165,,,,,,,,,,,,,,,,,,,,,70.0383534422,70.03918290000001,70.02800709999792,88.93948146983396,14.706483261983585,68.6141167206,108.843742589,9.26941788857,22.026686197,True,True,True
cardiac,287,1,244.688011622,245.552011663,0.864000040999997,,,,,,,,,,,,,,,,,,,,,70.0374584994,70.03918290000001,70.04104550000193,89.25102899422221,14.817315475107224,69.0246069625,108.82924677,9.24212469336,22.0296124626,True,True,True
cardiac,288,1,245.552011663,246.400011703,0.8480000399999881,,,,,,,,,,,,,,,,,,,,,70.034606324,70.04104549999829,70.03545759999906,88.94129609037171,14.705085413354718,68.7172135632,108.828975752,9.27868378597,22.017843308,True,True,True
cardiac,289,1,246.400011703,247.264011744,0.864000040999997,,,,,,,,,,,,,,,,,,,,,70.0387245161,70.0447709,70.02986969999984,89.24694391494074,14.818353751394444,68.9092996449,108.843171253,9.25095384836,22.0324032191,True,True,True
cardiac,290,1,247.264011744,248.112011785,0.8480000410000059,,,,,,,,,,,,,,,,,,,,,70.0336531736,70.04104550000193,70.01496849999967,88.93845544218867,14.70410856913,68.8199368399,108.804664674,9.28836902931,22.0150104338,True,True,True
cardiac,291,1,248.112011785,248.976011826,0.864000040999997,,,,,,,,,,,,,,,,,,,,,70.0396267348,70.0447709,70.05408410000018,89.25185805536667,14.819113684524075,68.5117816593,108.848240029,9.2601602316,22.0314876166,True,True,True
cardiac,292,1,248.976011826,249.840011867,0.864000040999997,,,,,,,,,,,,,,,,,,,,,70.0347663951,70.03173229999811,70.03173230000175,89.25465600097593,14.816416522993519,68.9223524742,108.805873269,9.2617304899,22.0240913795,True,True,True
cardiac,293,1,249.840011867,250.688011907,0.8480000400000165,,,,,,,,,,,,,,,,,,,,,70.0384771335,70.04104550000193,70.0280070000008,88.93971807534528,14.706501487655661,68.6142705418,108.843889086,9.26942155098,22.0267118339,True,True,True
cardiac,294,1,250.688011907,251.552011948,0.864000040999997,,,,,,,,,,,,,,,,,,,,,70.0374512235,70.03918290000001,70.04104559999905,89.2511807807926,14.817326937095,69.0247681086,108.829400592,9.24212835577,22.0296380995,True,True,True
cardiac,295,1,251.552011948,252.400011988,0.8480000399999881,,,,,,,,,,,,,,,,,,,,,70.0346499798,70.04290820000097,70.03545759999906,88.94132041430188,14.705091079725282,68.7172135632,108.828997726,9.27868378597,22.0178506328,True,True,True
cardiac,296,1,252.400011988,253.264012029,0.8640000410000255,,,,,,,,,,,,,,,,,,,,,70.038731792,70.0447709,70.03173230000175,89.24695558041296,14.818362873510369,68.9094021924,108.843185903,9.25095842638,22.0324123751,True,True,True
cardiac,297,1,253.264012029,254.11201207,0.8480000409999775,,,,,,,,,,,,,,,,,,,,,70.0336750015,70.04104549999829,70.01496849999967,88.93847548179812,14.704120696539624,68.8199368399,108.804701298,9.28837818534,22.0150433955,True,True,True
cardiac,298,1,254.11201207,254.976012111,0.864000040999997,,,,,,,,,,,,,,,,,,,,,70.0397285982,70.04477079999924,70.05408410000018,89.25187921591296,14.819130860548519,68.5117816593,108.848305952,9.26016480961,22.0315040974,True,True,True
cardiac,299,1,254.976012111,255.840012152,0.8640000410000255,,,,,,,,,,,,,,,,,,,,,70.0347227394,70.02986969999984,70.03173229999811,89.25469045475556,14.816418591584444,68.9223671239,108.805770722,9.26173506791,22.0241096915,True,True,True
cardiac,300,1,255.840012152,256.688012192,0.8480000399999597,,,,,,,,,,,,,,,,,,,,,70.038564445,70.04290820000097,70.0280070000008,88.9396774433151,14.706519229603963,68.6142705418,108.844020932,9.26944352544,22.0267191587,True,True,True
cardiac,301,1,256.688012192,257.552012233,0.8640000410000539,,,,,,,,,,,,,,,,,,,,,70.0374584994,70.03918290000001,70.04104559999905,89.25134151992962,14.81733885688,69.0249585539,108.829634986,9.2421375118,22.0296472555,True,True,True
cardiac,302,1,257.552012233,258.400012273,0.8480000399999881,,,,,,,,,,,,,,,,,,,,,70.0347954989,70.04290820000097,70.03732020000098,88.941496901,14.705104692829622,68.7173673844,108.829202821,9.27870118242,22.0178506328,True,True,True
cardiac,303,1,258.400012273,259.264012314,0.864000040999997,,,,,,,,,,,,,,,,,,,,,70.0389791746,70.04477079999924,70.02986969999984,89.24704619115,14.818385187076112,68.9095853129,108.843354374,9.25097948523,22.0324288559,True,True,True
cardiac,304,1,259.264012314,260.112012355,0.8480000409999775,,,,,,,,,,,,,,,,,,,,,70.0337259332,70.04104559999905,70.01496849999967,88.93851293516416,14.70413075089566,68.8199368399,108.804803846,9.28838184775,22.0150433955,True,True,True
cardiac,305,1,260.112012355,260.976012396,0.864000040999997,,,,,,,,,,,,,,,,,,,,,70.0396994944,70.04477080000288,70.05408410000018,89.25199926160741,14.819139067057222,68.511796309,108.8484085,9.26017305003,22.0315224095,True,True,True
cardiac,306,1,260.976012396,261.840012437,0.864000040999997,,,,,,,,,,,,,,,,,,,,,70.0346790836,70.02986969999984,70.03173230000175,89.25488184958148,14.816436784942777,68.9225209451,108.805939193,9.26175246436,22.0241353284,True,True,True
cardiac,307,1,261.840012437,262.688012477,0.8480000399999881,,,,,,,,,,,,,,,,,,,,,70.0385498931,70.04290819999733,70.02614439999888,88.93972457095094,14.706530147733773,68.6142705418,108.844042907,9.26944352544,22.0267539516,True,True,True
cardiac,308,1,262.688012477,263.552012518,0.8640000410000539,,,,,,,,,,,,,,,,,,,,,70.0375094311,70.04104550000193,70.04104549999829,89.25135630521852,14.817355303818333,69.0249585539,108.829634986,9.24215033023,22.0296820484,True,True,True
cardiac,309,1,263.552012518,264.400012558,0.8480000399999881,,,,,,,,,,,,,,,,,,,,,70.0347954989,70.04290819999733,70.03732030000174,88.94151307088867,14.70513003602566,68.7173673844,108.82924677,9.27871400085,22.0179037377,True,True,True
cardiac,310,1,264.400012558,265.264012599,0.864000040999997,,,,,,,,,,,,,,,,,,,,,70.038899139,70.0447709,70.02986969999984,89.24724246914815,14.818396377776113,68.9098416816,108.843508195,9.25097948523,22.0324453368,True,True,True
cardiac,311,1,265.264012599,266.11201264,0.8480000409999775,,,,,,,,,,,,,,,,,,,,,70.0336677255,70.04104550000193,70.01496849999967,88.93868195885473,14.704141686300378,68.8201419349,108.804972317,9.28839100377,22.0150617075,True,True,True
cardiac,312,1,266.11201264,266.976012681,0.864000040999997,,,,,,,,,,,,,,,,,,,,,70.0398086337,70.0447709,70.05408410000018,89.25201486075001,14.819154327101481,68.511796309,108.848342576,9.26017305003,22.0315480463,True,True,True
cardiac,313,1,266.976012681,267.840012722,0.864000040999997,,,,,,,,,,,,,,,,,,,,,70.0348537066,70.03359490000003,70.03173229999811,89.25474362753148,14.816448213014446,68.9223671239,108.805873269,9.2617652828,22.0241518093,True,True,True
cardiac,314,1,267.840012722,268.688012762,0.8480000400000449,,,,,,,,,,,,,,,,,,,,,70.0386081007,70.04290820000097,70.0280070000008,88.93974737462831,14.706539752929999,68.6142705418,108.84410883,9.26944352544,22.0267704324,True,True,True
cardiac,315,1,268.688012762,269.552012803,0.864000040999997,,,,,,,,,,,,,,,,,,,,,70.037523983,70.04104559999905,70.04104559999905,89.2513750241574,14.817359305336852,69.0249585539,108.829605687,9.24215033023,22.0296820484,True,True,True
cardiac,316,1,269.552012803,270.400012843,0.8480000399999881,,,,,,,,,,,,,,,,,,,,,70.0348100509,70.04290820000097,70.03732020000098,88.94151970466604,14.705130416086982,68.7173673844,108.829202821,9.27870484483,22.0179202186,True,True,True
cardiac,317,1,270.400012843,271.264012884,0.864000040999997,,,,,,,,,,,,,,,,,,,,,70.0390010024,70.04477079999924,70.02986969999984,89.24706273982963,14.818409552283148,68.9098197071,108.843354374,9.25098772566,22.0324728049,True,True,True
cardiac,318,1,271.264012884,272.112012925,0.8480000409999775,,,,,,,,,,,,,,,,,,,,,70.0338641764,70.04104549999829,70.01683110000158,88.93855135591133,14.704154193783962,68.8199368399,108.80485512,9.28840382221,22.0150690324,True,True,True
cardiac,319,1,272.112012925,272.976012966,0.864000040999997,,,,,,,,,,,,,,,,,,,,,70.0398668414,70.0447709,70.05408410000018,89.25204036197964,14.819174063423334,68.511796309,108.848489073,9.26019410889,22.0315736832,True,True,True
cardiac,320,1,272.976012966,273.840013007,0.864000040999997,,,,,,,,,,,,,,,,,,,,,70.0349264662,70.03359490000003,70.03173229999811,89.2549453313574,14.816471662614074,68.9225209451,108.806129638,9.26179549768,22.024193927,True,True,True
cardiac,321,1,273.840013007,274.688013047,0.8480000400000449,,,,,,,,,,,,,,,,,,,,,70.0386153767,70.04290820000097,70.02800710000156,88.93997914299244,14.706560448998113,68.6145049361,108.844409148,9.26945634388,22.0267960693,True,True,True
cardiac,322,1,274.688013047,275.552013088,0.864000040999997,,,,,,,,,,,,,,,,,,,,,70.0376622262,70.04104559999905,70.04104549999829,89.25164794151296,14.817383246647593,69.0251929481,108.829935303,9.24217138909,22.0296985293,True,True,True
cardiac,323,1,275.552013088,276.400013128,0.8480000399999881,,,,,,,,,,,,,,,,,,,,,70.0348755345,70.04290820000097,70.03918290000001,88.9418125593132,14.705150421133773,68.7175798042,108.829481165,9.27872681929,22.0179293746,True,True,True
cardiac,324,1,276.400013128,277.264013169,0.864000040999997,,,,,,,,,,,,,,,,,,,,,70.0389500707,70.04477079999924,70.02986969999984,89.24734786523334,14.818412570373889,68.9101053751,108.843471571,9.25098772566,22.0324801297,True,True,True
cardiac,325,1,277.264013169,278.11201321,0.8480000409999775,,,,,,,,,,,,,,,,,,,,,70.0338714523,70.04104560000269,70.01683110000158,88.93857526523962,14.704163798961886,68.8199368399,108.804869769,9.28840382221,22.0150946692,True,True,True
cardiac,326,1,278.11201321,278.976013251,0.864000040999997,,,,,,,,,,,,,,,,,,,,,70.0398741174,70.0429081000002,70.05408410000018,89.25206097996112,14.819172740886666,68.511796309,108.848511047,9.26018586847,22.0315736832,True,True,True
cardiac,327,1,278.976013251,279.840013292,0.864000040999997,,,,,,,,,,,,,,,,,,,,,70.0349119143,70.03545769999982,70.03173229999811,89.2549504859037,14.816479428282777,68.9225209451,108.806063715,9.26179916009,22.024203083,True,True,True
cardiac,328,1,279.840013292,280.688013332,0.8480000400000449,,,,,,,,,,,,,,,,,,,,,70.0387827237,70.04290809999657,70.02800710000156,88.93989760257169,14.706571902661508,68.6143364652,108.844277301,9.26947374032,22.0267960693,True,True,True
cardiac,329,1,280.688013332,281.552013373,0.864000040999997,,,,,,,,,,,,,,,,,,,,,70.0376331224,70.04104560000269,70.0429081000002,89.25167154368519,14.817389825423518,69.0251929481,108.830001227,9.24217138909,22.0297150101,True,True,True
cardiac,330,1,281.552013373,282.400013413,0.8480000399999881,,,,,,,,,,,,,,,,,,,,,70.0350137777,70.04290819999733,70.04104559999905,88.94183508656604,14.705170909899621,68.7175798042,108.829569062,9.27874330013,22.0179623363,True,True,True
cardiac,331,1,282.400013413,283.264013454,0.864000040999997,,,,,,,,,,,,,,,,,,,,,70.0390373822,70.04663350000192,70.02986969999984,89.24739479829815,14.818428847757778,68.9102445467,108.843654691,9.25099230367,22.0324984417,True,True,True
cardiac,332,1,283.264013454,284.112013495,0.8480000409999775,,,,,,,,,,,,,,,,,,,,,70.0339442119,70.04104549999829,70.01683110000158,88.93884338128112,14.704181091759244,68.8201419349,108.805089514,9.28842121866,22.0151129813,True,True,True
cardiac,333,1,284.112013495,284.976013536,0.864000040999997,,,,,,,,,,,,,,,,,,,,,70.0399468769,70.04290820000097,70.05408410000018,89.25232548738889,14.819194087982778,68.5121479003,108.848877288,9.26020692732,22.0315993201,True,True,True
cardiac,334,1,284.976013536,285.840013577,0.864000040999997,,,,,,,,,,,,,,,,,,,,,70.0349046383,70.03545759999906,70.03173229999811,89.25513021527777,14.816494942655925,68.9225868685,108.806129638,9.26182113455,22.0242378759,True,True,True
cardiac,335,1,285.840013577,286.688013617,0.8480000400000449,,,,,,,,,,,,,,,,,,,,,70.0387972756,70.04290820000097,70.0280070000008,88.93997375303397,14.706592305057548,68.6145049361,108.844482396,9.26947740273,22.0268217062,True,True,True
cardiac,336,1,286.688013617,287.552013658,0.864000040999997,,,,,,,,,,,,,,,,,,,,,70.037705882,70.04104559999905,70.0447709,89.2517149500463,14.817405068507778,69.0251929481,108.830001227,9.24217962951,22.029749803,True,True,True
cardiac,337,1,287.552013658,288.400013698,0.8480000399999881,,,,,,,,,,,,,,,,,,,,,70.0350938132,70.0429081000002,70.04104549999829,88.94186079253208,14.705185127653019,68.7175798042,108.829569062,9.27875703417,22.0179714923,True,True,True
cardiac,338,1,288.400013698,289.264013739,0.864000040999997,,,,,,,,,,,,,,,,,,,,,70.0392047293,70.04663350000192,70.02986970000347,89.24746180685,14.818450601793147,68.9104056927,108.843742589,9.25102251855,22.0325314034,True,True,True
cardiac,339,1,289.264013739,290.11201378,0.8480000409999775,,,,,,,,,,,,,,,,,,,,,70.0339660398,70.04104559999905,70.0168311999987,88.93887585924529,14.704204223677925,68.8201419349,108.805192061,9.28843403709,22.0151386181,True,True,True
cardiac,340,1,290.11201378,290.976013821,0.864000040999997,,,,,,,,,,,,,,,,,,,,,70.0400414644,70.04290820000097,70.05408399999942,89.25235695701483,14.819215079026852,68.5121479003,108.848943212,9.26022432377,22.0316158009,True,True,True
cardiac,341,1,290.976013821,291.840013862,0.864000040999997,,,,,,,,,,,,,,,,,,,,,70.0350574334,70.03545759999906,70.03173230000175,89.25517172255925,14.81651193216963,68.9225868685,108.806261485,9.26183395298,22.0242543567,True,True,True
cardiac,342,1,291.840013862,292.688013902,0.8480000400000449,,,,,,,,,,,,,,,,,,,,,70.0387172401,70.04290820000097,70.02800709999792,88.94006510600566,14.706601132845849,68.6145049361,108.844577619,9.26948655876,22.0268217062,True,True,True
cardiac,343,1,292.688013902,293.552013943,0.864000040999997,,,,,,,,,,,,,,,,,,,,,70.0377568137,70.04290820000097,70.04477079999924,89.25184245618519,14.817403372943888,69.0253101452,108.830074475,9.24217138909,22.029758959,True,True,True
cardiac,344,1,293.552013943,294.400013983,0.8480000399999881,,,,,,,,,,,,,,,,,,,,,70.0351010892,70.04477079999924,70.04104560000269,88.94189271769999,14.705191139537737,68.7175798042,108.82967161,9.27876069658,22.0179806483,True,True,True
cardiac,345,1,294.400013983,295.264014024,0.864000040999997,,,,,,,,,,,,,,,,,,,,,70.0391974533,70.0484961000002,70.02986959999907,89.24747930507593,14.818454772874631,68.910515565,108.843705965,9.25102251855,22.0325314034,True,True,True
cardiac,346,1,295.264014024,296.112014065,0.8480000409999775,,,,,,,,,,,,,,,,,,,,,70.0339078321,70.04104559999905,70.0168311999987,88.93878284787358,14.704206175811699,68.8201419349,108.805133463,9.28842488107,22.0151386181,True,True,True
cardiac,347,1,296.112014065,296.976014106,0.864000040999997,,,,,,,,,,,,,,,,,,,,,70.0400050846,70.04290820000097,70.05408410000018,89.25225807191852,14.819212349169074,68.5119501302,108.848811365,9.26021608335,22.0316322818,True,True,True
cardiac,348,1,296.976014106,297.840014147,0.864000040999997,,,,,,,,,,,,,,,,,,,,,70.035122917,70.03545759999906,70.03173230000175,89.2551934257611,14.816533024935742,68.9225868685,108.806298109,9.26185501184,22.0242799936,True,True,True
cardiac,349,1,297.840014147,298.688014187,0.8480000400000449,,,,,,,,,,,,,,,,,,,,,70.0388845871,70.04477079999924,70.02800699999716,88.9401073964151,14.70661837381717,68.6145049361,108.844599593,9.26949479918,22.0268656551,True,True,True
cardiac,350,1,298.688014187,299.552014228,0.864000040999997,,,,,,,,,,,,,,,,,,,,,70.0378514011,70.04290820000097,70.04477080000288,89.25187731690741,14.81742939979889,69.0253101452,108.830184347,9.24219244795,22.0297754399,True,True,True
cardiac,351,1,299.552014228,300.400014268,0.8480000399999881,,,,,,,,,,,,,,,,,,,,,70.0351738487,70.04477079999924,70.04104559999905,88.94206174136227,14.705202472276227,68.7177189758,108.829818106,9.2787698526,22.0180062852,True,True,True
cardiac,352,1,300.400014268,301.264014309,0.864000040999997,,,,,,,,,,,,,,,,,,,,,70.039241109,70.04849620000095,70.02986969999984,89.24765998394444,14.818461148183887,68.9107426344,108.843874436,9.25102251855,22.0325497155,True,True,True
cardiac,353,1,301.264014309,302.11201435,0.8480000409999775,,,,,,,,,,,,,,,,,,,,,70.0340679032,70.04104549999829,70.01683110000158,88.93898034157735,14.70421826867736,68.8201419349,108.805257985,9.28844685553,22.0151715798,True,True,True
cardiac,354,1,302.11201435,302.976014391,0.864000040999997,,,,,,,,,,,,,,,,,,,,,70.0400269125,70.04290820000097,70.0522213999975,89.25239154640741,14.819232221128702,68.5121479003,108.849009135,9.26022432377,22.0316579186,True,True,True
cardiac,355,1,302.976014391,303.840014432,0.864000040999997,,,,,,,,,,,,,,,,,,,,,70.0351374689,70.03545759999906,70.03173240000251,89.25520319216481,14.816532770603889,68.9225868685,108.806232186,9.26186325226,22.0242891496,True,True,True
cardiac,356,1,303.840014432,304.688014472,0.8480000400000449,,,,,,,,,,,,,,,,,,,,,70.0389573467,70.04290820000097,70.02800699999716,88.93998052503963,14.706621500686039,68.6143364652,108.844482396,9.26949479918,22.0268821359,True,True,True
cardiac,357,1,304.688014472,305.552014513,0.864000040999997,,,,,,,,,,,,,,,,,,,,,70.0377786416,70.04290820000097,70.04477080000288,89.25176595254445,14.817435893793334,69.0251929481,108.830140398,9.24219244795,22.0297845959,True,True,True
cardiac,358,1,305.552014513,306.400014553,0.8480000399999881,,,,,,,,,,,,,,,,,,,,,70.035122917,70.04477079999924,70.03918290000001,88.94208896759812,14.705207793137925,68.7177702495,108.82988403,9.27876069658,22.0180319221,True,True,True
cardiac,359,1,306.400014553,307.264014594,0.864000040999997,,,,,,,,,,,,,,,,,,,,,70.0391829014,70.04849620000095,70.03173239999887,89.24766540974075,14.818472559302407,68.9108598315,108.843771889,9.25102251855,22.0325661963,True,True,True
cardiac,360,1,307.264014594,308.112014635,0.8480000409999775,,,,,,,,,,,,,,,,,,,,,70.0341188349,70.04104549999829,70.01683109999794,88.9389333521849,14.704234870452265,68.8201419349,108.805257985,9.28844685553,22.0151807359,True,True,True
cardiac,361,1,308.112014635,308.976014676,0.864000040999997,,,,,,,,,,,,,,,,,,,,,70.0400341884,70.04290820000097,70.05222140000114,89.25240985845925,14.819242123209815,68.5121479003,108.849075058,9.26022890178,22.0316762307,True,True,True
cardiac,362,1,308.976014676,309.840014717,0.864000040999997,,,,,,,,,,,,,,,,,,,,,70.035130193,70.03545759999906,70.02986969999984,89.25530058517592,14.816538603333518,68.9226015181,108.806261485,9.26186325226,22.0242891496,True,True,True
