time_s,lung_volume_ml,airflow_ml_s,alveolar_pa,pleural_pa,diaphragm_mm,rib_mm,PaO2_mmhg,PaCO2_mmhg,SaO2,oxygen_balance_error_stpd_ml,co2_balance_error_stpd_ml,breaths,tidal_ml,lv_mmhg,rv_mmhg,aorta_mmhg,pulmonary_artery_mmhg,lv_ml,rv_ml,blood_ml,blood_error_ml,aortic_ejected_ml,pulmonary_ejected_ml,complete_filling_ejection_cycles,last_lv_stroke_ml,right_atrium_ml,left_atrium_ml,blood_continuity_residual_accum_ml,blood_physical_delta_accum_ml,blood_residual_minus_physical_ml,blood_endpoint_minus_physical_ml,step,min_contact_gap_m,peak_penetration_m,normal_impulse_ns,root_assistance_n,root_assistance_nm,diaphragm_excitation,intercostal_excitation,diaphragm_activation,intercostal_activation
0.0640000030398,2509.26287845,295.484322123,-39.3946762085,-534.269104004,0.360934972763,0.00399388093501,100.000053406,40.0000114441,0.972220301628,0.000116415321827,0.000232830643654,0,0,7.28122091632,1.19429222804,81.0829381924,12.5380135535,124.315018184,146.197897266,5149.99963343,0.000931322574615,0,0,0,0,28.5044607153,46.7287791253,-0.000266737743004,-0.000291038304567,2.4300561563e-05,-0.00017462298274,32,-0.000120462682389,0.000120462682389,1.39556539059,0,0,0.0160578750074,0.0100361723453,0.014990478754,0.00938067119569
0.12800000608,2535.42303108,497.765431646,-66.3632736206,-574.064819336,1.29368007183,0.0513507053256,100.000236511,40.0000267029,0.972220420837,0.000116415321827,0.000232830643654,0,0,10.1017307847,2.29766329567,77.7106496277,11.5623502661,127.785053337,153.882661834,5149.99963343,0.00139698386192,0,0,0,0,24.0560966631,45.3071479569,-0.000442718861571,-0.000409272615798,-3.3446245773e-05,-5.63886715099e-05,64,-1.97396775548e-06,1.97396775548e-06,1.32276368141,0,0,0.0319535769522,0.0199709869921,0.0308435745537,0.0193022228777
0.19200000912,2571.44425996,613.068754319,-81.7357940674,-607.09979248,2.45004677773,0.169885680079,100.000320435,40.0000267029,0.972220480442,0.000116415321827,0.000232830643654,0,0,60.3892740267,15.5825969928,74.5049787453,12.5369862475,127.785053337,148.083403474,5149.99916777,0.00139698386192,0,5.82918937653,0,0,24.3894028245,44.9362814834,-0.000278924397468,-0.000279214873444,2.90475976605e-07,-0.000652107701171,96,1.524299023e-06,0,1.50951087475,0,0,0.0475266128778,0.0297041330487,0.046388361603,0.0290301050991
0.256000012159,2612.94399388,674.915034324,-89.9812850952,-635.693908691,3.72093772888,0.332007229328,99.999961853,40.0000038147,0.972220242023,0.000116415321827,0.000232830643654,0,0,105.92497026,24.1341577926,101.832278316,21.2729384055,94.4683561102,110.679815407,5150.00056475,0.00139698386192,33.316668123,43.232794269,0,0,29.4194360322,48.7152501591,0.000158000765249,0.000150976120494,7.02464475477e-06,0.000314685166813,128,-4.1267544475e-06,4.1267544475e-06,1.4274648428,0,0,0.062619715929,0.0391373261809,0.0614694617689,0.0384667143226
0.320000015199,2657.20230527,702.682242263,-93.6832733154,-661.097167969,5.04484701157,0.518020510674,99.999961853,40.0000038147,0.972220242023,0.000116415321827,0.000232830643654,0,0,113.385233584,25.1129936427,111.723048788,23.8458455495,69.4798800396,89.7221107152,5150.00056475,0.00139698386192,58.3051514695,64.1904844088,0,0,34.6702363458,51.9956411154,0.000211263048722,0.000238287611865,-2.70245631429e-05,0.000227373675443,160,-1.8750279196e-06,1.8750279196e-06,1.39650702477,0,0,0.077080488205,0.0481753088534,0.0759360045195,0.0475173071027
0.384000018239,2702.42081024,706.971506588,-94.2551345825,-683.841186523,6.3784031868,0.716013967991,99.9998245239,39.9999961853,0.972220122814,0.000116415321827,0.000232830643654,0,0,110.934107068,23.2445840311,110.583841496,22.8548688102,61.0067363596,81.4427621663,5149.99963343,0.00139698386192,66.7782878736,72.4698475096,0,0,37.0414527424,54.1608023923,0.000188831214554,8.36735125631e-05,0.000105157701991,-0.000549334799871,192,-5.15625106345e-06,5.15625106345e-06,1.40888726711,0,0,0.0907629281282,0.0567268319428,0.0896430686116,0.0560909509659
0.448000021279,2747.31754325,693.967507686,-92.5214080811,-704.121704102,7.6886548996,0.918354511261,99.9998245239,39.9999961853,0.972220122814,0.000116415321827,0.000232830643654,0,0,68.0834921046,13.1578086979,105.242135882,20.3912644625,60.6856992817,80.7880787761,5150.00056475,0.00139698386192,67.0993249514,73.1245163479,1,67.0993249514,38.7710642826,55.8846295462,0.000680640474537,0.000647560227662,3.30802468751e-05,-0.000181898940355,224,-9.10234030016e-06,9.10234030016e-06,1.39562535286,0,0,0.10352884233,0.0647055283189,0.102453112602,0.0641014054418
0.512000024319,2790.92229903,667.535932735,-88.9974899292,-721.978637695,8.94937992096,1.11979711056,99.9998245239,39.9999961853,0.972220122814,0.000116415321827,0.000232830643654,0,0,5.07648211934,-0.758181196126,100.810934703,18.5102964469,65.9464130877,89.6454585018,5150.00056475,0.00139698386192,67.0993249514,73.1245163479,1,67.0993249514,33.3329553541,53.6483166798,0.00053021147195,0.00042564352043,0.00010456795152,4.0017766878e-05,256,-1.95987968254e-06,1.95987968254e-06,1.41773331165,0,0,0.115249305964,0.0720308199525,0.114237308502,0.0714679956436
0.576000027359,2832.4695304,630.397058558,-84.046043396,-737.399169922,10.1394720078,1.31637907028,100.000053406,40.0000114441,0.972220301628,0.000116415321827,0.000232830643654,0,0,4.64177419105,-0.865206831848,96.6028182445,16.7727282652,98.7387829809,106.47016461,5150.00149608,0.00139698386192,67.0993249514,73.1245163479,1,67.0993249514,27.4328667729,48.1439783471,0.000807777886247,0.00082582118921,-1.80433029628e-05,0.000571162672713,288,-1.08155363705e-05,1.08155363705e-05,1.39966464043,0,0,0.12580601871,0.0786287635565,0.124876879156,0.07811640203
0.640000030398,2871.34386599,584.607827477,-77.9413146973,-750.355773926,11.24214077,1.50483977795,100.000053406,40.0000114441,0.972220301628,0.000116415321827,0.000232830643654,0,0,6.25131458944,-0.464647014465,92.5791700545,15.0458222747,114.335227408,114.196962386,5150.00009909,0.00139698386192,67.0993249514,73.1245163479,1,67.0993249514,27.8655188595,47.9565242131,0.000575401989944,0.000507498043589,6.79039463547e-05,-0.000507498043589,320,-2.1753976398e-06,2.1753976398e-06,1.40600264072,0,0,0.135092392564,0.0844327434897,0.13426426053,0.0839794427156
0.704000033438,2907.05100633,531.887577381,-70.9125213623,-760.835327148,12.2446069717,1.68226420879,100.000144958,40.0000152588,0.972220361233,0.000116415321827,0.000232830643654,0,0,7.09744758981,-0.141345507939,88.7302554474,13.5749663573,122.534256661,120.433447591,5150.00103042,0.00186264514923,67.0993249514,73.1245163479,1,67.0993249514,28.6929844151,48.1063252664,0.000642562489328,0.000629370333627,1.31921557012e-05,0.000301952240989,352,-1.72608611138e-06,1.72608611138e-06,1.41155004501,0,0,0.143014669418,0.089384175837,0.142304226756,0.088997758925
0.768000036478,2939.20258991,473.871361464,-63.1776618958,-768.865478516,13.1379909515,1.84588062763,99.9998703003,40.0000038147,0.972220122814,0.000116415321827,0.000232830643654,0,0,7.58707060982,0.15199179057,85.048427311,12.4004342048,127.278704895,126.091923448,5150.00056475,0.00186264514923,67.0993249514,73.1245163479,1,67.0993249514,29.5269564958,48.3351395815,0.000559137666722,0.000500222085975,5.89155807473e-05,-3.45607986674e-05,384,-1.32048296564e-06,1.32048296564e-06,1.42195343971,0,0,0.149492770433,0.0934329852462,0.148914590478,0.093120239675
0.832000039518,2967.50548296,412.008637795,-54.929977417,-774.495605469,13.917098999,1.99296998978,99.999961853,40.0000114441,0.972220242023,0.000232830643654,0.000232830643654,0,0,7.89612674331,0.424172977204,81.5265512707,11.4902712897,130.273459945,131.342298118,5150.00009909,0.00186264514923,67.0993249514,73.1245163479,1,67.0993249514,30.3159940813,48.5537711938,0.000655991747034,0.000718500814401,-6.25090673667e-05,-0.000718500814401,416,-1.01292766885e-06,1.01292766885e-06,1.41267335415,0,0,0.154461234808,0.0965382680297,0.154027432203,0.0963048115373
0.896000042558,2991.75432883,347.463297658,-46.3246383667,-777.780273438,14.5801610947,2.12084007263,100.000053406,40.0000152588,0.972220301628,0.000232830643654,0.000232830643654,0,0,8.1196244003,0.722715104017,78.1580056891,10.7966968951,132.439148729,137.101174914,5150.00103042,0.00186264514923,67.0993249514,73.1245163479,1,67.0993249514,29.7781662084,48.3698859171,0.000429541777147,0.000418367562816,1.11742143316e-05,0.0005129550118,448,-7.97930852059e-07,7.97930852059e-07,1.41385686398,0,0,0.157869905233,0.0986686870456,0.157589763403,0.0985187590122
0.960000045598,3011.81920804,281.463231659,-37.525352478,-778.819458008,15.1283941269,2.226821661,99.9998703003,40,0.972220122814,0.000232830643654,0.000232830643654,0,0,8.35556692659,1.18287249019,74.9364692464,10.2902689066,134.725429234,145.977610373,5150.00056475,0.00186264514923,67.0993249514,73.1245163479,1,67.0993249514,24.6600920946,46.5016855742,-0.000163669036657,-8.18545231596e-05,-8.18145134973e-05,0.000547515810467,480,-2.21223012886e-06,2.21223012886e-06,1.41053462029,0,0,0.159684345126,0.0998027250171,0.159563973546,0.0997390970588
1.02400004864,3027.63562649,215.147534618,-28.6839828491,-777.733398438,15.5653476715,2.30836892128,99.9997329712,39.9999885559,0.97222006321,0.000232830643654,0.000232830643654,0,0,36.0868284929,8.38782543421,71.85634578,9.94508859172,135.111811687,148.509483552,5150.00009909,0.00186264514923,67.0993249514,73.1245163479,1,67.0993249514,24.0157169173,45.3838802059,4.1985123711e-05,1.36424205266e-05,2.83427031844e-05,-1.36424205266e-05,512,-2.44340162681e-06,2.44340162681e-06,1.41362857819,0,0,0.15988625586,0.0999289155006,0.159975573421,0.0999868363142
1.08800005168,3039.40149024,155.40435561,-20.7188796997,-775.537475586,15.8990936279,2.36540460587,100.00856781,39.9927597046,0.972226500511,0.000232830643654,0.000465661287308,0,0,97.6983329848,20.6631324844,92.4549777301,17.2861798405,112.363944936,119.932949019,5149.99963343,0.00186264514923,89.8471771507,101.70105088,1,67.0993249514,26.3240144704,46.895333071,-0.000115552831192,-0.000161890056916,4.63372257231e-05,-0.000303771230392,544,-2.36350138039e-06,2.36350138039e-06,1.41218042374,0,0,0.158473476768,0.0990459248424,0.159403145313,0.0996589362621
1.15200005472,3047.46022448,98.2851925073,-13.1036167145,-771.873657227,16.139875412,2.39939045906,100.014862061,39.9872741699,0.972231090069,0.000232830643654,0.000465661287308,0,0,113.378560673,23.7966905132,110.889462289,22.1213320284,77.2952771513,93.5219431994,5150.00056475,0.00186264514923,124.915881315,128.112049424,1,67.0993249514,33.2600502588,51.1493853992,0.000334305985672,0.000378349795938,-4.40438102656e-05,8.73114913702e-05,576,-2.55637405644e-06,2.55637405644e-06,1.35575246811,0,0,0.155459865928,0.0971624180675,0.157570049167,0.0985842868686
1.21600005776,3051.8558342,40.7146981161,-5.42818069458,-766.353515625,16.2933750153,2.40869069099,100.016395569,39.986038208,0.972232162952,0.000232830643654,0.000465661287308,0,0,113.717077233,22.9053001964,112.923791894,22.2688722168,63.4089374216,81.9314955152,5150.00103042,0.00186264514923,138.802206493,139.702504384,1,67.0993249514,36.1981255992,53.2213925908,0.000741248021296,0.000709405867383,3.18421539136e-05,0.000221916707233,608,-2.53905022873e-06,2.53905022873e-06,1.41135573387,0,0,0.150876358151,0.094297721982,0.154262989759,0.0966102778912
1.2800000608,3052.52708495,-18.1359901035,2.41793346405,-758.836547852,16.3631706238,2.39079928398,100.016899109,39.9859275818,0.972232580185,0.000232830643654,0.000465661287308,0,0,95.6972653881,18.2591118856,108.144405392,20.3111419181,61.1046561971,79.3127110228,5150.00056475,0.00186264514923,141.106502269,142.321310705,2,74.0071336622,38.1827740057,54.9736541871,0.000769469890582,0.000736690708436,3.27791821464e-05,-0.000271029421128,640,-2.44726243182e-06,2.44726243182e-06,1.41215837002,0,0,0.144769534469,0.0904809609056,0.149453267455,0.0937032178044
1.34400006384,3049.38619956,-78.442360973,10.4581232071,-749.256286621,16.3512439728,2.34341859818,100.017036438,39.9859848022,0.97223263979,0.000232830643654,0.000465661287308,0,0,22.7283545178,2.59897343193,103.502022326,18.3512526286,61.1046561971,79.9327317509,5150.00056475,0.00186264514923,141.106502269,142.321310705,2,74.0071336622,39.1310932173,56.2537970836,0.000717234341363,0.00074396666605,-2.67323246872e-05,-0.000278305378743,672,-2.41061729866e-06,2.41061729866e-06,1.41329193115,0,0,0.137201175094,0.0857507437468,0.143179133534,0.0898775160313
1.40800006688,3042.32467897,-140.581076266,18.7426052094,-737.509277344,16.2559700012,2.26542615891,100.017219543,39.9860229492,0.972232758999,0.000232830643654,0.000465661287308,0,0,3.58037457136,-1.14136021691,99.1750240371,16.7966712708,88.4538239916,101.14316683,5150.00009909,0.00186264514923,141.106502269,142.321310705,2,74.0071336622,27.7287599602,48.1934730487,0.000606558428484,0.000596628524363,9.92990412119e-06,-0.000596628524363,704,-2.58989211943e-06,2.58989211943e-06,1.41346907616,0,0,0.128247663379,0.0801547914743,0.135508775711,0.0851701423526
1.47200006992,3031.2249437,-204.555661185,27.2718505859,-723.537475586,16.0726413727,2.15681433678,100.017356873,39.9860687256,0.972232878208,0.000232830643654,0.000465661287308,0,0,5.65506736819,-0.65214647122,95.0412032283,15.1336779979,108.557593194,110.580098408,5150.00103042,0.00186264514923,141.106502269,142.321310705,2,74.0071336622,27.4748890661,47.6634813822,0.000323222407173,0.000378349795938,-5.5127388765e-05,0.000552972778678,736,-2.58057866631e-06,2.58057866631e-06,1.4123557806,0,0,0.117999367416,0.0737496092916,0.126528531313,0.0796312689781
1.53600007296,3015.97104408,-270.400632871,36.0504570007,-707.279418945,15.7940645218,2.01865839958,100.017448425,39.9860916138,0.972232937813,0.000232830643654,0.000465661287308,0,0,6.70023358429,-0.303927529098,91.0869137596,13.6393194796,118.685253256,117.297240649,5150.00056475,0.00186264514923,141.106502269,142.321310705,2,74.0071336622,28.2577038888,47.7067223983,0.000321673424009,0.000341970007867,-2.0296583858e-05,0.000123691279441,768,-2.56732369053e-06,2.56732369053e-06,1.41488027573,0,0,0.10655978322,0.0665998756886,0.11633849889,0.073320582509
1.600000076,2996.43189646,-338.487443514,45.1279563904,-688.62121582,15.4092359543,1.85334968567,100.017356873,39.9861221313,0.972232878208,0.000232830643654,0.000465661287308,0,0,7.27937048364,0.00437696313609,87.304376672,12.418380014,124.297090224,123.24443378,5150.00056475,0.00186264514923,141.106502269,142.321310705,2,74.0071336622,29.1159321932,47.9034097225,0.000598813512664,0.000591171556152,7.64195651204e-06,-0.000125510268845,800,-2.6230536605e-06,2.6230536605e-06,1.41106438637,0,0,0.0940445661545,0.0587778538465,0.105050377548,0.0663053616881
1.66400007904,2972.43823297,-409.679545555,54.6194572449,-667.364868164,14.9015016556,1.66501164436,100.017311096,39.9861373901,0.972232878208,0.000232830643654,0.000465661287308,0,0,7.6315391347,0.289072507857,83.6861719228,11.4617713304,127.709601657,128.736210172,5150.00056475,0.00186264514923,141.106502269,142.321310705,2,74.0071336622,29.9375533359,48.1171373394,0.000561531335319,0.000540239852853,2.1291482466e-05,-7.45785655454e-05,832,-2.6453180908e-06,2.6453180908e-06,1.41232812405,0,0,0.0805808752775,0.0503630526364,0.0927863121033,0.0586596615613
1.72800008208,2943.74930672,-485.394702991,64.7139816284,-643.20324707,14.2459383011,1.46001446247,100.017219543,39.9861564636,0.972232758999,0.000232830643654,0.000465661287308,0,0,7.86395247113,0.557499895878,80.2252090863,10.7274773454,129.961685161,133.914174512,5149.99963343,0.00186264514923,141.106502269,142.321310705,2,74.0071336622,30.6057700072,48.2733194076,0.000355857635026,0.000320142135024,3.57155000019e-05,-0.000785803422332,864,-2.68551661975e-06,2.68551661975e-06,1.41322147846,0,0,0.0663038566709,0.0414399132133,0.0796764492989,0.0504627265036
1.79200008512,2910.00213474,-568.035757169,75.7318878174,-615.638000488,13.4052791595,1.24783754349,100.016899109,39.9861602783,0.972232580185,0.000232830643654,0.000465661287308,0,0,8.08579288757,0.982027411541,76.9151009192,10.1793958519,132.111323182,142.103308463,5150.00009909,0.00186264514923,141.106502269,142.321310705,2,74.0071336622,26.5670969384,46.9799961138,0.00032597220756,0.000354702933691,-2.87307261315e-05,-0.000354702933691,896,-2.73242585536e-06,2.73242585536e-06,1.4121338129,0,0,0.051357652992,0.0320985354483,0.0658575072885,0.0417982451618
1.85600008816,2870.6388548,-661.288620904,88.1645812988,-583.904174805,12.3240995407,1.04227519035,100.016899109,39.9861869812,0.972232580185,0.000232830643654,0.000465661287308,0,0,16.6322363849,3.46953424946,73.7498996677,9.79497281347,133.343914058,148.13488815,5150.00056475,0.00186264514923,141.106502269,142.321310705,2,74.0071336622,23.8733700826,45.4036271549,0.000254392132359,0.000231921148952,2.24709834074e-05,0.000233740138356,928,-2.70646910394e-06,2.70646910394e-06,1.40847718716,0,0,0.0358931906521,0.0224332455546,0.051471631974,0.0327535420656
1.9200000912,2824.84199852,-768.934143707,102.516136169,-547.096923828,10.9234037399,0.862614810467,100.029899597,39.9755439758,0.972242057323,0.000232830643654,0.000465661287308,0,0,79.5752851257,16.9941282768,75.638091787,13.4468964562,130.048880237,134.069472551,5150.00103042,0.00186264514923,144.401521538,156.386740855,2,74.0071336622,24.6166000579,45.2225685876,0.000655304435715,0.000612999428995,4.230500672e-05,0.000318323145621,960,-2.73128353001e-06,2.73128353001e-06,1.41660654545,0,0,0.020066510886,0.0125415697694,0.0366644561291,0.0234185531735
1.98400009423,2771.90608904,-881.714047864,117.552223206,-506.104675293,9.13284778595,0.726417958736,100.125709534,39.8976402283,0.972311675549,0.000232830643654,0.000465661287308,0,0,109.794548184,23.0417268015,106.270254953,20.7652661132,87.6193953445,101.190264104,5149.99963343,0.00186264514923,186.830991879,189.265949302,2,74.0071336622,31.1198091367,49.5798340125,0.000534569014055,0.000518411980011,1.6157034044e-05,-0.000984073267318,992,-2.76806576949e-06,2.76806576949e-06,1.41274321079,0,0,0.00403801072389,0.00252375658602,0.0215834677219,0.0138849588111
2.04800009727,2713.09213713,-917.293597013,122.295776367,-472.522735596,7.00133228302,0.634314119816,100.147315979,39.8800544739,0.972327411175,0.000232830643654,0.000465661287308,0,0,114.071342156,23.2605484765,112.749468501,22.2971020734,66.9119253871,84.8480485729,5150.00056475,0.00186264514923,207.538425457,205.608143006,2,74.0071336622,35.295390262,52.0392932231,0.000951629178236,0.000978616299108,-2.69871208713e-05,-0.0005129550118,1024,-3.0686919672e-06,3.0686919672e-06,1.40984177589,0,0,0,0,0.00952971540391,0.0062034712173
2.11200010031,2658.32734294,-783.534662332,104.462715149,-463.502838135,5.02478075027,0.545131206512,100.152305603,39.8763389587,0.972330987453,0.000232830643654,0.000465661287308,0,0,109.742454064,21.1527545888,109.954053466,21.0312321614,60.9388080193,79.0073900134,5150.00103042,0.00186264514923,213.511535549,211.448787013,3,72.4050842109,37.5583258574,53.933064919,0.000956101600669,0.000965883373283,-9.78177261413e-06,-3.45607986674e-05,1056,-3.54362964572e-06,3.54362964572e-06,1.41252732277,0,0,0,0,0.00421476969495,0.00275876466185
2.17600010335,2613.9204856,-609.159178566,81.2145614624,-464.976867676,3.51766514778,0.432982474566,100.151756287,39.8768386841,0.972330629826,0.000232830643654,0.000465661287308,0,0,51.5222094206,8.62373774562,104.868833752,18.8004179205,60.9388080193,78.9857003838,5150.00009909,0.00186264514923,213.511535549,211.470469367,3,72.4050842109,39.2410365748,55.3908794245,0.000948651560084,0.00101863406599,-6.99825059014e-05,-0.00101863406599,1088,-3.71342480321e-06,3.71342480321e-06,1.41403794289,0,0,0,0,0.00188055774197,0.00123389740475
2.24000010639,2580.34304716,-449.732964626,59.9594726562,-469.767852783,2.43699526787,0.323638856411,100.151390076,39.8770637512,0.972330331802,0.000232830643654,0.000465661287308,0,0,2.21957934025,-1.48600856675,100.47297483,17.1922426855,74.5577708585,94.1528851399,5150.00196174,0.00186264514923,213.511535549,211.470469367,3,72.4050842109,29.9479033856,49.5415661135,0.000815790726638,0.00088220986072,-6.64191340816e-05,0.000980435288511,1120,-3.97053054257e-06,3.97053054257e-06,1.4133528471,0,0,0,0,0.000842338602524,0.000553283432964
2.30400010943,2555.9545029,-321.998551954,42.9296150208,-474.839202881,1.67738425732,0.233664870262,100.150856018,39.8772735596,0.972329974174,0.000232830643654,0.000465661287308,0,0,4.92411579012,-0.817963230207,96.2839175528,15.5626203772,101.474674011,107.381492853,5150.00056475,0.00186264514923,213.511535549,211.470469367,3,72.4050842109,27.3030400422,47.4952430523,0.000409985559391,0.00040017766878,9.80789061078e-06,6.54836185277e-05,1152,-4.57312762592e-06,4.57312762592e-06,1.41245865822,0,0,0,0,0.000377954362193,0.000248376192758
2.36800011247,2538.66356798,-226.285759709,30.1689586639,-479.121582031,1.15035438538,0.165079250932,100.150947571,39.8775177002,0.972330033779,0.000232830643654,0.000465661287308,0,0,6.25784420874,-0.435939585343,92.2776584857,13.9950841596,114.398499136,114.750728244,5149.99963343,0.00186264514923,213.511535549,211.470469367,3,72.4050842109,27.9328451143,47.4010121252,0.000244571210506,0.000260115484707,-1.55442742011e-05,-0.000725776772015,1184,-7.53731910663e-06,7.53731910663e-06,1.41322302818,0,0,0,0,0.00016971839068,0.000111556204502
2.43200011551,2526.58547834,-157.208152814,20.9593658447,-482.408843994,0.787423610687,0.114999428391,100.150672913,39.8777313232,0.972329795361,0.000232830643654,0.000465661287308,0,0,6.96986890953,-0.113374373451,88.445092877,12.6789485854,121.298020531,120.97301078,5150.00149608,0.00186264514923,213.511535549,211.470469367,3,72.4050842109,28.7936527457,47.5615306641,0.000381649115089,0.00040017766878,-1.85285536913e-05,0.000996806193143,1216,-6.73684917274e-06,6.73684917274e-06,1.41153848171,0,0,0,0,7.62376803323e-05,5.01160538988e-05
2.49600011855,2518.22569408,-108.444030047,14.4580173492,-484.811157227,0.538407206535,0.0794268250465,100.150352478,39.8779296875,0.972329556942,0.000232830643654,0.000465661287308,0,0,7.38812712314,0.181770031133,84.7789032315,11.6346947672,125.350939925,126.66634575,5150.00009909,0.00186264514923,213.511535549,211.470469367,3,72.4050842109,29.6385278489,47.7750036225,0.0005515114615,0.000531144905835,2.03665556642e-05,-0.000531144905835,1248,-3.88419084629e-06,3.88419084629e-06,1.41474235058,0,0,0,0,3.42514103977e-05,2.25166822929e-05
2.56000012159,2512.47221604,-74.4845237932,9.93045520782,-486.517608643,0.367897748947,0.0545777752995,100.150032043,39.878112793,0.972329378128,0.000232830643654,0.000465661287308,0,0,7.65539424249,0.456031795714,81.2720357475,10.8280050073,127.94075883,131.956854602,5150.00103042,0.00186264514923,213.511535549,211.470469367,3,72.4050842109,30.4345121549,47.972669563,0.00036225840383,0.000409272615798,-4.7014211968e-05,0.000522049958818,1280,-5.66113112654e-06,5.66113112654e-06,1.4076461792,0,0,0,0,1.53892633534e-05,1.01170089692e-05
2.62400012463,2508.5255038,-51.0225290782,6.80244541168,-487.710388184,0.251302808523,0.0373862199485,100.149757385,39.8783035278,0.972329139709,0.000232830643654,0.000465661287308,0,0,7.86560604926,0.79889197386,77.9177882147,10.2163019579,129.97770682,138.570627314,5150.00056475,0.00186264514923,213.511535549,211.470469367,3,72.4050842109,28.7570983346,47.4531370855,0.0004085076305,0.000454747350886,-4.6239720386e-05,1.09139364213e-05,1312,-5.91691878071e-06,5.91691878071e-06,1.41464316845,0,0,0,0,6.91465947966e-06,4.54578503195e-06
2.68800012767,2505.82490116,-34.8927642335,4.65198659897,-488.536682129,0.171638637781,0.0255650710315,100.149627686,39.8784942627,0.972329080105,0.000232830643654,0.000465661287308,0,0,8.34997992008,1.32501256943,74.7099638351,9.7760125167,132.067099912,147.375787492,5150.00103042,0.00186264514923,213.511535549,211.470469367,3,72.4050842109,23.8514421653,45.5568588222,0.000456138862792,0.000438376446255,1.77624165376e-05,0.000492946128361,1344,-6.45463569526e-06,6.45463569526e-06,1.41447484493,0,0,0,0,3.10691802952e-06,2.04253410629e-06
2.75200013071,2503.97855416,-23.8397296926,3.17836976051,-489.104949951,0.117238678038,0.0174631457776,100.149360657,39.8786582947,0.972328841686,0.000232830643654,0.000465661287308,0,0,49.2132979481,11.779492726,71.6430543442,9.99654270595,132.067099912,146.503210999,5150.00056475,0.00186264514923,213.511535549,213.250503293,3,72.4050842109,24.1229681706,44.7319798695,0.00049640976052,0.000536601874046,-4.01921135262e-05,-7.09405867383e-05,1376,-4.2217684495e-06,4.2217684495e-06,1.41165578365,0,0,0,0,1.39601991123e-06,9.17765760278e-07
2.81600013375,2502.71777622,-16.2781234394,2.17023825645,-489.494903564,0.0801061764359,0.0119197620079,100.323356628,39.745223999,0.972454667091,0.000232830643654,0.000465661287308,0,0,102.353732257,21.6127130031,97.6997979488,18.6257960411,101.575598819,111.90330406,5150.00103042,0.00186264514923,244.003065745,247.850402957,3,72.4050842109,27.9071791738,47.3753134429,0.00083570499132,0.000814907252789,2.07977385314e-05,0.000116415321827,1408,-6.42259146844e-06,6.42259146844e-06,1.41288137436,0,0,0,0,6.2727031036e-07,4.12377829662e-07
2.88000013679,2501.85700133,-11.1121880764,1.48150348663,-489.761566162,0.054758515209,0.00813418999314,100.403617859,39.6840705872,0.972512483597,0.000232830643654,0.000465661287308,0,0,112.881088193,23.4649549056,110.885323766,22.083823456,72.321810876,89.5082848729,5150.00196174,0.00232830643654,273.256882792,270.245451247,3,72.4050842109,34.1756858688,50.9769415658,0.00123656478113,0.00121690391097,1.96608701541e-05,0.000645741238259,1440,-6.05224613537e-06,6.05224613537e-06,1.4138879776,0,0,0,0,2.81850134343e-07,1.85292961419e-07
2.94400013983,2501.26933679,-7.5865141298,1.01145219803,-489.943481445,0.0374551154673,0.00555038871244,100.422195435,39.6696205139,0.972525835037,0.000232830643654,0.000465661287308,0,0,111.618596854,22.1093101675,111.079519396,21.6328342839,61.6249672021,80.2115755505,5150.00103042,0.00232830643654,283.953704638,279.542116914,3,72.4050842109,36.8249493476,52.9847056896,0.000822304155323,0.000833097146824,-1.07929915005e-05,9.82254277915e-05,1472,-6.53434790365e-06,6.53434790365e-06,1.41227841377,0,0,0,0,1.26643158183e-07,8.32573192611e-08
3.00800014287,2500.86816959,-5.17853095516,0.690414130688,-490.067810059,0.0256372503936,0.0037882628385,100.42250824,39.669467926,0.972526013851,0.000232830643654,0.000465661287308,0,0,81.134819893,15.0409009112,105.893854424,19.4807508716,60.6053508818,78.8462202763,5150.00103042,0.00232830643654,284.973270027,280.907435808,4,71.4617781341,38.7071049772,54.6348746866,0.000726848067845,0.000829459168017,-0.000102611100172,0.000101863406599,1504,-6.19671845925e-06,6.19671845925e-06,1.41387116909,0,0,0,0,5.69043017151e-08,3.74098512168e-08
3.07200014591,2500.59436075,-3.53676114173,0.471529453993,-490.152435303,0.0175694059581,0.00258453423157,100.4217453,39.67004776,0.972525477409,0.000232830643654,0.000465661287308,0,0,10.760106672,0.428395163727,101.414536502,17.6676674574,60.8170303167,83.7283369037,5150.00149608,0.00232830643654,284.973270027,280.907435808,4,71.4617781341,36.1897546099,55.6369959668,0.000936973318377,0.000962245394476,-2.52720760985e-05,0.000434738467447,1536,-3.81717018172e-06,3.81717018172e-06,1.41284608841,0,0,0,0,2.55686973816e-08,1.6809295289e-08
3.13600014895,2500.40716492,-2.41572843152,0.322070688009,-490.210083008,0.0120524652302,0.00176511250902,100.421012878,39.6705360413,0.972525000572,0.000232830643654,0.000465661287308,0,0,4.02620684124,-1.01407578838,97.1842404877,16.1061055461,92.7739383769,103.598482383,5150.00103042,0.00232830643654,284.973270027,280.907435808,4,71.4617781341,27.4096473731,47.5359120173,0.000517809947698,0.000583895598538,-6.60856508405e-05,0.000347426976077,1568,-4.14028636442e-06,4.14028636442e-06,1.41154265404,0,0,0,0,1.14887335201e-08,7.55288631638e-09
3.20000015199,2500.27934089,-1.6513877199,0.220166951418,-490.249328613,0.0082810819149,0.00120577029884,100.420433044,39.6710281372,0.97252458334,0.000232830643654,0.000465661287308,0,0,5.76560485456,-0.573437502636,93.1402805716,14.4795990332,109.628701466,112.098394311,5150.00056475,0.00232830643654,284.973270027,280.907435808,4,71.4617781341,27.6368282357,47.2226383863,0.000508942374355,0.000451109372079,5.7833002276e-05,1.45519152284e-05,1600,-3.74734258912e-06,3.74734258912e-06,1.41373956203,0,0,0,0,5.16221065894e-09,3.39372330238e-09
3.26400015503,2500.19179657,-1.12962720777,0.150604605675,-490.275970459,0.00569915724918,0.000824430084322,100.419792175,39.6714859009,0.972524106503,0.000232830643654,0.000465661287308,0,0,6.66083291929,-0.233414104272,89.2718086949,13.0610221878,118.303461932,118.657444546,5150.00103042,0.00232830643654,284.973270027,280.907435808,4,71.4617781341,28.4689449472,47.3206127936,0.000541783659602,0.000592990545556,-5.12068859537e-05,0.00033833202906,1632,-4.12383542425e-06,4.12383542425e-06,1.41532492638,0,0,0,0,2.31952612673e-09,1.52489487704e-09
3.32800015807,2500.13219193,-0.774592081143,0.103270471096,-490.294067383,0.00392722105607,0.000565314025152,100.419212341,39.6719398499,0.97252368927,0.000232830643654,0.000465661287308,0,0,7.16792014157,0.072325888607,85.5710605483,11.9164284062,123.217134387,124.555168441,5150.00056475,0.00232830643654,284.973270027,280.907435808,4,71.4617781341,29.3310513371,47.5260676467,0.000601440827697,0.000552972778678,4.84680490187e-05,-8.73114913702e-05,1664,-3.82294501833e-06,3.82294501833e-06,1.41136002541,0,0,0,0,1.04222808162e-09,6.85178080939e-10
3.39200016111,2500.09121373,-0.529147769157,0.0705472454429,-490.306671143,0.0027162283659,0.000387244246667,100.418754578,39.6723823547,0.972523331642,0.000232830643654,0.000465661287308,0,0,7.48228951643,0.35541838188,82.0310995272,11.0249822376,126.263374113,130.016022013,5150.00056475,0.00232830643654,284.973270027,280.907435808,4,71.4617781341,30.1497311739,47.7333487652,0.000339165293073,0.000394720700569,-5.55554074966e-05,7.09405867383e-05,1696,-3.75026274924e-06,3.75026274924e-06,1.41250014305,0,0,0,0,4.6830234135e-10,3.07869701954e-10
3.45600016415,2500.06304123,-0.363142305559,0.0484150014818,-490.315032959,0.00187988567632,0.000268095405772,100.418388367,39.6728134155,0.972523093224,0.000232830643654,0.000465661287308,0,0,7.69813410984,0.638551605158,78.6450110015,10.3431394579,128.354906337,135.477661388,5150.00009909,0.00232830643654,284.973270027,280.907435808,4,71.4617781341,30.347289794,47.7493776998,0.000488222948181,0.000474756234325,1.34667138552e-05,-0.000474756234325,1728,-1.27298817461e-05,1.27298817461e-05,1.41125023365,0,0,0,0,2.10421347013e-10,1.38334482758e-10
3.52000016719,2500.04371628,-0.250196990237,0.03335686028,-490.320587158,0.00131218752358,0.000182905598194,100.41784668,39.6732215881,0.972522675991,0.000232830643654,0.000465661287308,0,0,7.92080406215,1.09602873666,75.4064956259,9.84032352137,130.512577016,144.302393892,5150.00009909,0.00232830643654,284.973270027,280.907435808,4,71.4617781341,25.487082894,46.1360577901,0.000273603514844,0.000243744580075,2.98589347691e-05,-0.000243744580075,1760,-1.16736719065e-05,1.16736719065e-05,1.40878415108,0,0,0,0,9.45482095394e-11,6.21575568793e-11
3.58400017023,2500.03044493,-0.172110517838,0.0229461863637,-490.324493408,0.000922815874219,0.000123103644,100.417259216,39.673614502,0.972522258759,0.000232830643654,0.000465661287308,0,0,25.1476620161,5.8324223211,72.3097814421,9.49340173049,131.254812004,148.42566452,5150.00056475,0.00232830643654,284.973270027,280.907435808,4,71.4617781341,24.0096360358,44.8120954388,0.000310856604346,0.000405634636991,-9.47780326443e-05,6.0026650317e-05,1792,-1.35341661007e-05,1.35341661007e-05,1.40990781784,0,0,0,0,4.24831593515e-11,2.79291346994e-11
3.64800017327,2500.02136454,-0.118514549285,0.0158006437123,-490.327178955,0.00064824114088,8.56101323734e-05,100.521629333,39.6013755798,0.972597122192,0.000232830643654,0.000465661287308,0,0,89.0510459426,19.0021745959,83.9150505758,15.4386606159,118.877636851,125.573671539,5150.00009909,0.00232830643654,297.350459732,303.759385133,4,71.4617781341,25.4400874837,45.4469991382,0.000410423292574,0.000465661287308,-5.52379947338e-05,-0.000465661287308,1824,-1.14794356705e-05,1.14794356705e-05,1.41496622562,0,0,0,0,1.90888728435e-11,1.25493426414e-11
3.71200017631,2500.01507811,-0.0803988342568,0.0107189649716,-490.329193115,0.000452872831374,6.24871972832e-05,100.694801331,39.4813957214,0.972720742226,0.000232830643654,0.000465661287308,0,0,110.192688779,23.2665438417,107.311587999,21.3466737068,80.4635492386,96.2088888627,5150.00056475,0.00232830643654,335.764576448,333.124160534,4,71.4617781341,32.5847322529,49.9137750012,0.000618470205604,0.000651198206469,-3.2728000865e-05,-0.000185536919162,1856,-1.08411277324e-05,1.08411277324e-05,1.41182482243,0,0,0,0,8.57716241781e-12,5.63877156773e-12
3.77600017935,2500.01065433,-0.0553508634482,0.00737950950861,-490.330352783,0.000328251800966,4.34393150499e-05,100.733772278,39.454498291,0.972748398781,0.000232830643654,0.000465661287308,0,0,112.117409776,22.8027783522,111.115257193,22.0306837176,63.9762220089,82.6866016723,5150.00056475,0.00232830643654,352.251867298,346.646411344,4,71.4617781341,35.9564292012,52.0753710589,0.000578225065051,0.000585714587942,-7.48952289076e-06,-0.000120053300634,1888,-1.08258727778e-05,1.08258727778e-05,1.4107388258,0,0,0,0,3.85395795138e-12,2.53365817909e-12
3.84000018239,2500.00786036,-0.0392187651244,0.00522873969749,-490.33114624,0.00023356260499,3.33790740115e-05,100.739570618,39.4504203796,0.972752571106,0.000232830643654,0.000465661287308,0,0,102.309673464,19.7087798454,107.102413112,20.3274451363,60.2966065344,78.7728931755,5150.00103042,0.00232830643654,355.931551894,350.560061634,5,70.9581727278,38.0761848646,53.8990498171,0.00112503699412,0.00107138475869,5.36522354322e-05,-0.000140062184073,1920,-1.04856208054e-05,1.04856208054e-05,1.41066110134,0,0,0,0,1.73169139618e-12,1.13844372297e-12
3.90400018543,2500.00553206,-0.0285368706443,0.00380460382439,-490.331420898,0.000159314615303,2.86778649752e-05,100.738243103,39.4513931274,0.972751617432,0.000232830643654,0.000465661287308,0,0,34.4246693339,5.00778583645,102.411459164,18.2445135192,60.2966065344,78.7728931755,5150.00103042,0.00232830643654,355.931551894,350.560061634,5,70.9581727278,39.670845581,55.2588680875,0.00134116633077,0.00140425981954,-6.30934887669e-05,-0.000472937244922,1952,-1.06501984192e-05,1.06501984192e-05,1.41292691231,0,0,0,0,7.78097475774e-13,5.11534662285e-13
3.96800018847,2500.00413507,-0.0190069044947,0.00253404583782,-490.332000732,0.000111407993245,2.37184485741e-05,100.737388611,39.4520454407,0.972751021385,0.000232830643654,0.000465661287308,0,0,2.86548746822,-1.28558935773,98.1329365344,16.6843689606,81.5265666461,98.3609861578,5150.00103042,0.00232830643654,355.931551894,350.560061634,5,70.9581727278,28.3547087747,47.9788905068,0.00137112281251,0.00142426870298,-5.31458904662e-05,-0.000492946128361,1984,-1.32605555336e-05,1.32605555336e-05,1.41446936131,0,0,0,0,3.49620994048e-13,2.29846876124e-13
4.03200019151,2500.00320375,-0.0123319221501,0.00164412136655,-490.332427979,8.69254290592e-05,1.75617260538e-05,100.736755371,39.452671051,0.972750544548,0.000232830643654,0.000465661287308,0,0,5.17688388593,-0.724653720655,94.0485655859,15.0398900861,103.923994175,109.1814338,5150.00103042,0.00232830643654,355.931551894,350.560061634,5,70.9581727278,27.4001940852,47.1580569865,0.00151863148445,0.00156433088705,-4.56994025955e-05,-0.000633008312434,2016,-1.19149062812e-05,1.19149062812e-05,1.41484189034,0,0,0,0,1.57094498e-13,1.0327664017e-13
4.09600019455,2500.00273809,-0.00798517163503,0.00106460216921,-490.332794189,7.03371042619e-05,1.38675895869e-05,100.736030579,39.4532699585,0.972750008106,0.000232830643654,0.000465661287308,0,0,6.32238686085,-0.359671040798,90.1417409513,13.5245010937,115.023918625,116.221948701,5150.0024274,0.00232830643654,355.931551894,350.560061634,5,70.9581727278,28.1390184682,47.15162504,0.00178386287686,0.00182808435056,-4.42214737051e-05,0.000500222085975,2048,-1.02931398942e-05,1.02931398942e-05,1.41268455982,0,0,0,0,7.05869553346e-14,4.64050828742e-14
4.16000019759,2500.0020396,-0.00525973264942,0.000701240147464,-490.332824707,5.87231770623e-05,1.17760919238e-05,100.735305786,39.4538459778,0.972749531269,0.000232830643654,0.000465661287308,0,0,6.94738125409,-0.0422427309488,86.4042881313,12.2735756459,121.080112876,122.345139971,5150.00149608,0.00232830643654,355.931551894,350.560061634,5,70.9581727278,29.0084972221,47.3345680803,0.00181369146091,0.00182808435056,-1.43928896579e-05,-0.00043110048864,2080,-1.27781868287e-05,1.27781868287e-05,1.41364312172,0,0,0,0,3.17166947003e-14,2.08511068248e-14
4.22400020063,2500.0020396,-0.00343873418629,0.000458460272057,-490.333068848,5.13222548761e-05,1.03257480077e-05,100.734535217,39.4544029236,0.972748935223,0.000232830643654,0.000465661287308,0,0,7.32212820524,0.249776278775,82.8290361271,11.2888002823,124.711412354,127.978186356,5150.00149608,0.00279396772385,355.931551894,350.560061634,5,70.9581727278,29.8480590573,47.5474516861,0.00190749731288,0.00191357685253,-6.07953964948e-06,-0.000516592990607,2112,-9.4337055998e-06,9.4337055998e-06,1.41093397141,0,0,0,0,1.42512022826e-14,9.3689882309e-15
4.28800020367,2500.00157394,-0.00224283236427,0.000299019768136,-490.332977295,4.65936500404e-05,9.33481169341e-06,100.733589172,39.4549293518,0.972748279572,0.000232830643654,0.000465661287308,0,0,7.56552098916,0.521429448887,79.4090410092,10.5310128525,127.069884911,133.218374685,5150.00149608,0.00279396772385,355.931551894,350.560061634,5,70.9581727278,30.6355323119,47.7372559544,0.00187621211623,0.00196268956643,-8.64774502007e-05,-0.000565705704503,2144,-1.22628434838e-05,1.22628434838e-05,1.41461455822,0,0,0,0,6.40346447267e-15,4.20974866566e-15
4.35200020671,2500.00157394,-0.00146489753661,0.000195303640794,-490.333099365,4.34407738794e-05,8.71373413247e-06,100.73299408,39.4554519653,0.972747862339,0.000232830643654,0.000465661287308,0,0,7.77814861315,0.912362249521,76.1378935601,9.96071060174,129.130246933,140.759468195,5150.0024274,0.00279396772385,355.931551894,350.560061634,5,70.9581727278,27.6181781373,46.8195576104,0.00179426522251,0.00180079950951,-6.53428700037e-06,0.000527506927028,2176,-1.15037273645e-05,1.15037273645e-05,1.41064953804,0,0,0,0,2.8772559371e-15,1.89155840242e-15
4.41600020975,2500.0013411,-0.000957054657746,0.000127596809762,-490.33303833,4.13754569308e-05,8.31003308122e-06,100.732093811,39.4559402466,0.972747206688,0.000232830643654,0.000465661287308,0,0,11.1973691313,2.17653709518,73.0097558982,9.55556839408,130.734566483,148.506791447,5150.00149608,0.00279396772385,355.931551894,350.560061634,5,70.9581727278,23.6928135564,45.134442189,0.00186124364532,0.00191812432604,-5.68806807211e-05,-0.000521140464116,2208,-1.20282848002e-05,1.20282848002e-05,1.41131293774,0,0,0,0,1.29283178723e-15,8.4993027639e-16
4.48000021279,2500.0013411,-0.000624778007108,8.32968944451e-05,-490.333068848,4.00691606046e-05,8.03235434432e-06,100.731361389,39.4564247131,0.972746729851,0.000232830643654,0.000465661287308,0,0,64.9435175335,14.7920932541,70.019112434,11.6068705225,130.734566483,140.312869917,5150.0024274,0.00279396772385,355.931551894,358.768447768,5,70.9581727278,24.3235808739,44.5328332717,0.00208778859478,0.00208183337236,5.9552224263e-06,0.00024647306418,2240,-8.81011237652e-06,8.81011237652e-06,1.41049957275,0,0,0,0,5.80905518441e-16,3.81897509764e-16
4.54400021583,2500.0013411,-0.000408719391665,5.44914473721e-05,-490.333099365,3.91753492295e-05,7.86539931141e-06,100.939201355,39.3361167908,0.972893834114,0.000232830643654,0.000465661287308,0,0,105.172974931,22.4093421226,101.1927263,19.820468702,92.2010804061,105.451101263,5150.00196174,0.00279396772385,394.464994315,393.630150938,5,70.9581727278,29.7422848234,48.2470204588,0.00195274994785,0.00195905158762,-6.30163976556e-06,-9.64064383879e-05,2272,-1.10621576823e-05,1.10621576823e-05,1.41357529163,0,0,0,0,2.61017067284e-16,1.71597241646e-16
4.60800021887,2500.0013411,-0.000267027511214,3.56007476512e-05,-490.333129883,3.85992389056e-05,7.7526556197e-06,100.998771667,39.3018455505,0.972935855389,0.000232830643654,0.000465661287308,0,0,111.799344114,23.262401656,110.219651442,22.1242088515,68.213463237,86.551415734,5150.00149608,0.00279396772385,418.452662416,412.529858295,5,70.9581727278,34.9174479197,51.1771722813,0.00175300217398,0.00168074620888,7.22559651001e-05,-0.000283762346953,2304,-9.50022968027e-06,9.50022968027e-06,1.41469681263,0,0,0,0,1.17282286224e-16,7.71034570423e-17
4.67200022191,2500.0013411,-0.000174171260747,2.32209295064e-05,-490.333129883,3.82293364964e-05,7.67653818912e-06,101.013084412,39.2938041687,0.972945928574,0.000232830643654,0.000465661287308,0,0,109.155853173,21.5268514622,108.847046083,21.1918068671,60.2714208071,79.1913844296,5150.00149608,0.00279396772385,426.394719398,419.889867771,5,70.9581727278,37.3457260139,53.1347432116,0.00132821841026,0.00132604327518,2.17513507206e-06,7.09405867383e-05,2336,-1.08796830318e-05,1.08796830318e-05,1.41097211838,0,0,0,0,5.26982209879e-17,3.46447427298e-17
4.73600022495,2500.0013411,-0.000113701825732,1.51589993038e-05,-490.3331604,3.79857810913e-05,7.62779063734e-06,101.011360168,39.2949523926,0.972944676876,0.000232830643654,0.000465661287308,0,0,64.3566016752,11.5467264249,103.588682272,18.9392873531,60.0554049015,78.7259850767,5150.00149608,0.00279396772385,426.610698923,420.35523802,6,70.6791761331,39.1215689888,54.6865812794,0.00106590557214,0.00106228981167,3.61576046881e-06,0.000334694050252,2368,-1.1728514437e-05,1.1728514437e-05,1.41323983669,0,0,0,0,2.36787894969e-17,1.55668525683e-17
4.80000022799,2500.0013411,-7.42483158289e-05,9.89896307146e-06,-490.3331604,3.78263357561e-05,7.596136129e-06,101.010726929,39.2955741882,0.972944259644,0.000232830643654,0.000465661287308,0,0,4.08737824491,-1.0359176007,99.2402222606,17.2461149059,66.1550511722,89.4161639735,5150.00009909,0.00279396772385,426.610698923,420.35523802,6,70.6791761331,32.5215260091,51.9194363733,0.000249584339307,0.000138243194669,0.000111341144637,-0.000138243194669,2400,-1.15153425213e-05,1.15153425213e-05,1.41320562363,0,0,0,0,1.0639541973e-17,6.99462354332e-18
4.86400023103,2500.0013411,-4.84672545153e-05,6.46177022645e-06,-490.3331604,3.77225915145e-05,7.57531552154e-06,101.00995636,39.2961235046,0.972943723202,0.000232830643654,0.000465661287308,0,0,4.4352540936,-0.900244193082,95.1074782003,15.6454512739,96.7376035987,105.794293631,5150.00056475,0.00279396772385,426.610698923,420.35523802,6,70.6791761331,27.3189689324,47.2173196613,0.00050293545717,0.000531144905835,-2.82094486659e-05,-6.54836185277e-05,2432,-9.6845360531e-06,9.6845360531e-06,1.41159796715,0,0,0,0,4.78064485532e-18,3.14288080241e-18
4.92800023407,2500.0013411,-3.16353887531e-05,4.21770573666e-06,-490.3331604,3.76548523491e-05,7.56172721594e-06,101.00945282,39.2966766357,0.972943365574,0.000232830643654,0.000465661287308,0,0,5.92418858262,-0.493907753628,91.1555253492,14.0506557383,111.165376438,113.632522698,5149.99963343,0.00279396772385,426.610698923,420.35523802,6,70.6791761331,27.8164225165,47.0430204587,0.000315522705185,0.000394720700569,-7.9197995384e-05,-0.000860381987877,2464,-1.15986877063e-05,1.15986877063e-05,1.40929734707,0,0,0,0,2.14807782898e-18,1.41218445524e-18
4.99200023711,2500.0013411,-2.06522906415e-05,2.75341267297e-06,-490.3331604,3.76105963369e-05,7.55287555876e-06,101.008415222,39.2971687317,0.972942650318,0.000232830643654,0.000465661287308,0,0,6.70670597843,-0.162250787645,87.3747828426,12.6919345758,118.74797201,120.030184917,5150.00009909,0.00279396772385,426.610698923,420.35523802,6,70.6791761331,28.6736540147,47.1808634757,0.000129218399869,7.45785655454e-05,5.46398343237e-05,-7.45785655454e-05,2496,-1.09208103822e-05,1.09208103822e-05,1.41154897213,0,0,0,0,9.65191665252e-19,6.34534021901e-19
5.05600024015,2503.09915282,180.687216925,-24.0896511078,-515.941772461,0.117839850485,0.00255509582348,101.007652283,39.2976646423,0.972942113876,0.000232830643654,0.000465661287308,1,552.722485736,7.15938581058,0.139164371086,83.7580357326,11.6068577041,123.134435853,125.844482682,5150.00009909,0.00279396772385,426.610698923,420.35523802,6,70.6791761331,29.5311510854,47.3920445074,6.05799715947e-05,4.91127138957e-05,1.1467257699e-05,-4.91127138957e-05,2528,-1.09450411401e-05,1.09450411401e-05,1.41321635246,0,0,0.00970009341836,0.00606255838647,0.00867641158402,0.00542883435264
5.12000024319,2523.41269515,424.772151746,-56.6316375732,-558.444152832,0.883863866329,0.0219365730882,101.006690979,39.2981262207,0.972941398621,0.000232830643654,0.000465661287308,1,552.722485736,7.44506111839,0.418801823982,80.2983034658,10.7659408912,125.902632135,131.238688482,5150.00056475,0.00279396772385,426.610698923,420.35523802,6,70.6791761331,30.3411779896,47.5939705211,0.000185770496208,0.000223735696636,-3.79652004279e-05,0.000241925590672,2560,-1.05164672277e-05,1.05164672277e-05,1.41187417507,0,0,0.0253189243376,0.015824329108,0.0242503099144,0.0151755185798
5.18400024623,2555.69722503,566.345290281,-75.5065078735,-593.149169922,1.95727777481,0.112754896283,101.005973816,39.2985839844,0.972940921783,0.000232830643654,0.000465661287308,1,552.722485736,7.65413116883,0.730508540903,76.9890010289,10.1254512989,127.928520669,137.251510751,5150.00056475,0.00279396772385,426.610698923,420.35523802,6,70.6791761331,29.6489197353,47.3635191156,0.000614966730317,0.000636646291241,-2.16795609242e-05,-0.000170985003933,2592,-1.03319553091e-05,1.03319553091e-05,1.4134773016,0,0,0.0406749360263,0.0254218354821,0.0395746864378,0.0247654933482
5.24800024927,2594.78529915,644.584710244,-85.9375762939,-622.746398926,3.17589783669,0.256466388702,101.00528717,39.2990341187,0.972940444946,0.000232830643654,0.000465661287308,1,552.722485736,7.87690733104,1.19806107687,73.8239242994,9.65921642937,130.087224534,146.270598634,5150.00056475,0.00279396772385,426.610698923,420.35523802,6,70.6791761331,24.5333721978,45.5362387584,0.000827966126216,0.000846739567351,-1.8773441135e-05,-0.000381078280043,2624,-9.6614821814e-06,9.6614821814e-06,1.41246533394,0,0,0.0556186512113,0.034761659801,0.0545014627278,0.0341057442129
5.31200025231,2637.4864392,683.416554239,-91.114730835,-648.86126709,4.46772432327,0.429891526699,101.004615784,39.2994651794,0.972939968109,0.000232830643654,0.000465661287308,1,552.722485736,36.6517369292,8.9657693035,70.7975943117,9.34327679621,130.376516609,148.568346049,5150.00056475,0.00279396772385,426.610698923,420.35523802,6,70.6791761331,24.0868557739,44.5054902229,0.000751927839437,0.000735781213734,1.61466257032e-05,-0.000270119926427,2656,-9.82352594292e-06,9.82352594292e-06,1.41474640369,0,0,0.0700050294399,0.0437531434,0.0688870772719,0.0431061200798
5.37600025535,2681.75359815,695.893482771,-92.7781829834,-672.23034668,5.78461885452,0.618968307972,101.098243713,39.2660369873,0.973005712032,0.000232830643654,0.000465661287308,1,552.722485736,95.9266128295,20.5503870226,90.9347772466,17.2561096229,107.966727228,117.644187412,5150.00103042,0.00279396772385,449.020502856,451.279309345,6,70.6791761331,26.6590468527,46.1795571027,0.000556227772175,0.000562067725696,-5.83995352077e-06,0.00036925484892,2688,-1.62968772202e-05,1.62968772202e-05,1.41122329235,0,0,0.0836944654584,0.0523090399802,0.082593165338,0.0516797825694
5.44000025839,2726.16860457,689.555658028,-91.9332122803,-693.163513184,7.09088516235,0.814943671227,101.167778015,39.2411727905,0.973054468632,0.000232830643654,0.000465661287308,1,552.722485736,110.384320722,23.3641250948,108.045908537,21.7565157021,74.8523452785,92.1476748772,5150.00056475,0.00279396772385,482.134899357,476.775865536,6,70.6791761331,33.5936820193,50.2711045556,0.000690435084105,0.000763975549489,-7.3540465384e-05,-0.000298314262182,2720,-2.09369827644e-05,2.09369827644e-05,1.41251623631,0,0,0.0965529978275,0.0603456236422,0.0954864695668,0.0597431473434
5.50400026143,2769.6848847,668.858294375,-89.173789978,-711.741577148,8.35858440399,1.01200759411,101.183540344,39.2353858948,0.973065495491,0.000232830643654,0.000465661287308,1,552.722485736,110.454463199,22.3610971952,109.724918445,21.7573031202,61.8758131168,81.0655255918,5150.00103042,0.00279396772385,495.111511555,487.85796389,6,70.6791761331,36.5095911548,52.3352682649,0.00112544355779,0.0012332748156,-0.000107831257812,-0.000301952240989,2752,-2.24497489398e-05,2.24497489398e-05,1.41146576405,0,0,0.108457490802,0.0677859336138,0.10744395107,0.067219145596
5.56800026447,2811.49032526,636.853976175,-84.9068908691,-727.973205566,9.56534385681,1.20594549179,101.184631348,39.2352485657,0.973066210747,0.000232830643654,0.000465661287308,1,552.722485736,91.05351258,17.4106212088,104.987239469,19.7540563895,59.8753867962,78.6907985457,5150.00009909,0.00279396772385,497.111992445,490.232778247,7,70.5011480022,38.4980048693,54.0727014595,0.00119111813468,0.00121690391097,-2.5785776292e-05,-0.00121690391097,2784,-3.79789412364e-06,3.79789412364e-06,1.41112112999,0,0,0.119294449687,0.0745590403676,0.118351884186,0.0740366056561
5.63200026751,2850.93765706,595.794990659,-79.4328155518,-741.841491699,10.6932430267,1.39344358444,101.183677673,39.2356681824,0.973065555096,0.000232830643654,0.000465661287308,1,552.722485736,19.8401376751,2.11732691209,100.504552129,17.8178519058,59.8753867962,79.9924164312,5150.00056475,0.00279396772385,497.111992445,490.232778247,7,70.5011480022,38.8650514651,55.3374702577,0.00129242021252,0.00122417986859,6.82403439312e-05,-0.000758518581279,2816,-3.80309575121e-06,3.80309575121e-06,1.41329491138,0,0,0.128960996866,0.0806006267667,0.12810665369,0.0801307484508
5.69600027055,2887.50836626,547.471339814,-72.9901885986,-753.330627441,11.7283754349,1.57164859772,101.18296051,39.2359924316,0.973065078259,0.000232830643654,0.000465661287308,1,552.722485736,3.46879055132,-1.12385378247,96.3141324356,16.2678796911,87.3725730344,101.480865851,5150.00103042,0.00279396772385,497.111992445,490.232778247,7,70.5011480022,27.6739028777,47.4625849165,0.00116555280705,0.00110958353616,5.59692708846e-05,-0.000178260961547,2848,-3.8195594243e-06,3.8195594243e-06,1.41160309315,0,0,0.137365683913,0.0858535543084,0.136615619063,0.0854437872767
5.76000027359,2920.79057544,493.473606184,-65.7910842896,-762.450927734,12.660610199,1.7379219532,101.182319641,39.2363243103,0.973064601421,0.000232830643654,0.000465661287308,1,552.722485736,5.43304749365,-0.638767973476,92.3101440627,14.6268984181,106.406223495,110.838169348,5150.00196174,0.00279396772385,497.111992445,490.232778247,7,70.5011480022,27.5295751635,46.9997394248,0.00157988448712,0.0015388650354,4.10194517242e-05,0.000323780113831,2880,-3.84800705433e-06,3.84800705433e-06,1.41242837906,0,0,0.144429579377,0.0902684926987,0.143798142672,0.0899255350232
5.82400027663,2950.46973042,435.226480477,-58.0254364014,-769.237854004,13.4834756851,1.88971436024,101.181556702,39.2366218567,0.97306406498,0.000232830643654,0.000465661287308,1,552.722485736,6.42804052343,-0.287597930015,88.4799736702,13.1646152869,116.047704068,117.612238682,5150.00149608,0.00279396772385,497.111992445,490.232778247,7,70.5011480022,28.3330609818,47.0583581773,0.00145927696316,0.00147701939568,-1.77424325232e-05,-8.0035533756e-05,2912,-3.82831967727e-06,3.82831967727e-06,1.41213798523,0,0,0.150086909533,0.0938043296337,0.149586439133,0.093533873558
5.88800027966,2976.31812282,374.049908714,-49.869228363,-773.755981445,14.1939496994,2.02449154854,101.180961609,39.2369232178,0.973063647747,0.000232830643654,0.000465661287308,1,552.722485736,6.98252894543,0.0242057406268,84.8156738283,11.974015226,121.420693176,123.626930872,5150.00149608,0.00279396772385,497.111992445,490.232778247,7,70.5011480022,29.2025652016,47.2561732749,0.00153381289614,0.00160980562214,-7.59927260008e-05,-0.000212821760215,2944,-3.89407932744e-06,3.89407932744e-06,1.41203308105,0,0,0.15428571403,0.0964285731316,0.1539260149,0.0962351411581
5.9520002827,2998.18743952,311.115960358,-41.4787254333,-776.088745117,14.7920799255,2.13975477219,101.180458069,39.2372207642,0.973063349724,0.000232830643654,0.000465661287308,1,552.722485736,7.32143005833,0.312163945923,81.3104178047,11.0427403483,124.704645714,129.181644297,5150.00103042,0.00279396772385,497.111992445,490.232778247,7,70.5011480022,30.0331703329,47.4665794172,0.00151148053795,0.00143336364999,7.81168879582e-05,-0.000502041075379,2976,-3.89872457163e-06,3.89872457163e-06,1.41469049454,0,0,0.156988203526,0.0981176272035,0.156776383519,0.098004437983
6.00000028498,3011.92491315,263.229419943,-35.0943756104,-776.440307617,15.1684017181,2.21191525459,101.179924011,39.2374229431,0.973062932491,0.000232830643654,0.000465661287308,1,552.722485736,7.49664021236,0.514948585424,78.7817727172,10.4892018639,126.402432215,133.093359182,5150.00149608,0.00279396772385,497.111992445,490.232778247,7,70.5011480022,30.6223046209,47.607038141,0.00168881068852,0.00170621206053,-1.740137201e-05,-0.000309228198603,3000,-3.7045854242e-06,3.7045854242e-06,1.41206300259,0,0,0.15801858902,0.0987616181374,0.157920584083,0.0987099185586
