time_s,step,min_skin_bed_gap_m,vertices_below_1mm,nonfinite_skin_vertices,max_functional_volume_relative_error,q_ra,q_rv,q_la,q_lv
0,0,-0.000110551714897,0,0,6.87532804022e-07,-0.286656320095,0.0512746237218,-0.0350566618145,0.0582944639027
0.0620000029448,31,-1.97440385818e-06,0,0,3.33195998792e-07,-0.315113902092,0.070565238595,-0.0415468327701,0.074126496911
0.126000005985,63,1.98930501938e-06,0,0,3.30502075485e-07,-0.356044828892,0.0900624841452,-0.0516734831035,0.0844648480415
0.190000009025,95,1.64657831192e-06,0,0,6.7195480824e-07,-0.353121995926,0.0785107761621,-0.0544301532209,0.0844648480415
0.254000012064,127,9.46223735809e-07,0,0,5.38572692221e-07,-0.311302125454,-0.0233960747719,-0.0296466983855,-0.0153879057616
0.318000015104,159,2.38418579102e-07,0,0,7.26429504994e-07,-0.269343733788,-0.0928921848536,-0.00763700250536,-0.112854987383
0.382000018144,191,-1.97440385818e-06,0,0,2.38139008957e-07,-0.252197861671,-0.123802453279,0.00602869875729,-0.151955455542
0.446000021184,223,-1.74343585968e-06,0,0,6.76360457419e-07,-0.240210652351,-0.126741409302,0.0167039372027,-0.153908014297
0.510000024224,255,-1.75088644028e-06,0,0,3.22180198964e-07,-0.274515390396,-0.0976351201534,0.00699572544545,-0.135217607021
0.574000027264,287,-2.25752592087e-06,0,0,4.20506154342e-07,-0.325665175915,-0.0401293598115,-0.0322095267475,-0.00716889277101
0.638000030303,319,-1.62422657013e-06,0,0,5.07496736191e-07,-0.322266578674,-0.0163583047688,-0.0335920788348,0.04394473508
0.702000033343,351,-1.2144446373e-06,0,0,4.43968957597e-07,-0.315345287323,0.00189181463793,-0.0326222516596,0.0688464194536
0.766000036383,383,-1.05053186417e-06,0,0,4.89558431127e-07,-0.308475136757,0.0178750194609,-0.0310947969556,0.0827011615038
0.830000039423,415,-8.41915607452e-07,0,0,8.24302560432e-07,-0.30209261179,0.0322686173022,-0.0296299979091,0.0912463217974
0.894000042463,447,-2.9057264328e-07,0,0,5.78131903239e-07,-0.30525457859,0.0473435334861,-0.0305775180459,0.0972830802202
0.958000045503,479,-2.04145908356e-06,0,0,8.64535138589e-07,-0.349129796028,0.0700904428959,-0.0430096648633,0.103565111756
1.02200004854,511,-2.34693288803e-06,0,0,5.60873331779e-07,-0.356437921524,0.0770519971848,-0.0510432384908,0.104807376862
1.08600005158,543,-2.26497650146e-06,0,0,5.55544659164e-07,-0.337047815323,0.00420417450368,-0.0417360924184,0.0435544885695
1.15000005462,575,-2.55554914474e-06,0,0,4.64025958991e-07,-0.280082583427,-0.0793734192848,-0.0130608007312,-0.0800470262766
1.21400005766,607,-2.25752592087e-06,0,0,4.79038192225e-07,-0.258202493191,-0.121675878763,0.000179581431439,-0.140415012836
1.2780000607,639,-2.32458114624e-06,0,0,5.8495771782e-07,-0.244255393744,-0.132321625948,0.0111326240003,-0.151965409517
1.34200006374,671,-2.40653753281e-06,0,0,2.92717601269e-07,-0.235868215561,-0.131165772676,0.0190121084452,-0.151965409517
1.40600006678,703,-2.57045030594e-06,0,0,3.7708340983e-07,-0.322562873363,-0.0574152581394,-0.0316934399307,-0.0439621470869
1.47000006982,735,-2.44379043579e-06,0,0,7.86173245615e-07,-0.325552523136,-0.0272848978639,-0.0355273522437,0.0257160626352
1.53400007286,767,-2.38418579102e-06,0,0,2.08820495118e-07,-0.318983495235,-0.00719705037773,-0.0352963022888,0.0574004240334
1.5980000759,799,-2.4139881134e-06,0,0,4.3771547098e-07,-0.311847925186,0.00989217124879,-0.0339856408536,0.0741190314293
1.66200007894,831,-2.58535146713e-06,0,0,4.48318019153e-07,-0.305141627789,0.025170661509,-0.0325481705368,0.0840096026659
1.72600008198,863,-2.51829624176e-06,0,0,4.07231880217e-07,-0.299509823322,0.0391145981848,-0.0314285717905,0.0904149413109
1.79000008502,895,-2.57045030594e-06,0,0,5.91102605085e-07,-0.331745743752,0.0601886548102,-0.0397542975843,0.0963737517595
1.85400008806,927,-2.39908695221e-06,0,0,5.45653506379e-07,-0.357943415642,0.0761223584414,-0.0507969297469,0.0999675095081
1.9180000911,959,-2.6524066925e-06,0,0,7.56887232001e-07,-0.351504743099,0.0431292019784,-0.0527129359543,0.0939676910639
1.98200009414,991,-2.72691249847e-06,0,0,7.13685437859e-07,-0.297454714775,-0.0534669049084,-0.0236874260008,-0.040062289685
2.04600009718,1023,-2.81631946564e-06,0,0,6.25558755019e-07,-0.264751195908,-0.11057369411,-0.00730638485402,-0.124267563224
2.11000010022,1055,-3.29315662384e-06,0,0,6.35956155293e-07,-0.248593986034,-0.133330762386,0.00466902926564,-0.152733355761
2.17400010326,1087,-3.44961881638e-06,0,0,3.22335154124e-07,-0.237036824226,-0.133568137884,0.0137426499277,-0.152733355761
2.2380001063,1119,-3.82959842682e-06,0,0,3.25715376448e-07,-0.301866948605,-0.0817010402679,-0.0205450057983,-0.0991486608982
2.30200010934,1151,-3.96370887756e-06,0,0,7.99636097781e-07,-0.326914072037,-0.0372086875141,-0.0366135127842,0.00238253967836
2.36600011238,1183,-4.65661287308e-06,0,0,3.85683023296e-07,-0.321714043617,-0.0147087294608,-0.0373463518918,0.0443113185465
2.43000011542,1215,-4.53740358353e-06,0,0,2.7646279932e-07,-0.314514040947,0.00343174207956,-0.0362869240344,0.0653190165758
2.49400011846,1247,-3.70293855667e-06,0,0,4.91405785397e-07,-0.307569384575,0.0194625109434,-0.0348484776914,0.0772486031055
2.5580001215,1279,-3.48687171936e-06,0,0,2.33347762446e-07,-0.301147222519,0.0339205227792,-0.0335128568113,0.0847180336714
2.62200012454,1311,-3.76254320145e-06,0,0,6.89280057031e-07,-0.313269197941,0.0510959289968,-0.0366496108472,0.0904422998428
2.68600012758,1343,-3.72529029846e-06,0,0,3.71069745597e-07,-0.357028007507,0.0736835151911,-0.0498207770288,0.0964012593031
2.75000013062,1375,-3.65078449249e-06,0,0,4.87888200951e-07,-0.355503261089,0.0735395699739,-0.055694911629,0.0964453965425
2.81400013366,1407,-3.88920307159e-06,0,0,2.63014499069e-07,-0.323779404163,-0.0196003615856,-0.0386062152684,0.00894626416266
2.8780001367,1439,-3.74019145966e-06,0,0,4.64427841962e-07,-0.273088872433,-0.0935054719448,-0.0141348615289,-0.100608438253
2.94200013974,1471,-4.27663326263e-06,0,0,3.62121227226e-07,-0.253753244877,-0.128313988447,-0.00129212578759,-0.148857265711
3.00600014278,1503,-3.75509262085e-06,0,0,3.71660235032e-07,-0.240670323372,-0.134100884199,0.00907110236585,-0.154281586409
3.07000014582,1535,-3.68803739548e-06,0,0,5.94614789406e-07,-0.254086315632,-0.118567064404,0.0163958743215,-0.154281586409
3.13400014886,1567,-3.70293855667e-06,0,0,3.71715259462e-07,-0.325690627098,-0.0493122674525,-0.0362500883639,-0.0279431380332
3.1980001519,1599,-3.70293855667e-06,0,0,7.73405020027e-07,-0.324201583862,-0.0226679891348,-0.038530882448,0.0292999222875
3.26200015494,1631,-3.68058681488e-06,0,0,6.68184782171e-07,-0.317218005657,-0.00324142957106,-0.0379114188254,0.0563547872007
3.32600015798,1663,-3.67313623428e-06,0,0,4.29689777093e-07,-0.310082495213,0.013575008139,-0.0365288518369,0.0710405707359
3.39000016102,1695,-3.52412462234e-06,0,0,4.64691282787e-07,-0.303432583809,0.0286613665521,-0.0351255945861,0.0799237340689
3.45400016406,1727,-1.15931034088e-05,0,0,4.1763274794e-07,-0.301081001759,0.0431502722204,-0.0348342172801,0.0858967155218
3.5180001671,1759,-1.09300017357e-05,0,0,4.17635362737e-07,-0.341444730759,0.0658150911331,-0.0455252937973,0.0919376909733
3.58200017014,1791,-1.09598040581e-05,0,0,1.03128911633e-06,-0.356513440609,0.0768441110849,-0.054987963289,0.0941928476095
3.64600017318,1823,-1.03563070297e-05,0,0,8.59029569256e-07,-0.344518184662,0.0201993472874,-0.051484528929,0.0629957914352
3.71000017622,1855,-8.60542058945e-06,0,0,6.76142462908e-07,-0.285487651825,-0.0700951516628,-0.0211871936917,-0.0673285573721
3.77400017926,1887,-9.39518213272e-06,0,0,4.68563172262e-07,-0.259961485863,-0.118712127209,-0.0070692775771,-0.137601256371
3.8380001823,1919,-1.01774930954e-05,0,0,9.45355282056e-07,-0.245007455349,-0.134381204844,0.00447733327746,-0.15572014451
3.90200018534,1951,-9.76026058197e-06,0,0,7.24655819795e-07,-0.234148651361,-0.134381204844,0.0129522625357,-0.15572014451
3.96600018837,1983,-8.87364149094e-06,0,0,3.90470120237e-07,-0.316624522209,-0.0668541789055,-0.0327891074121,-0.0703403800726
4.03000019141,2015,-8.94814729691e-06,0,0,8.36467791032e-07,-0.326155841351,-0.031599637121,-0.0389304496348,0.0107024032623
4.09400019445,2047,-8.06897878647e-06,0,0,5.17636465247e-07,-0.319981455803,-0.0103605780751,-0.039047319442,0.0463307835162
4.15800019749,2079,-9.35792922974e-06,0,0,2.50584548667e-07,-0.312737107277,0.00733848847449,-0.0378240384161,0.0647332519293
4.22200020053,2111,-7.53253698349e-06,0,0,2.78822739119e-07,-0.305869102478,0.0230820998549,-0.0363823063672,0.0754394829273
4.28600020357,2143,-8.53091478348e-06,0,0,5.0116921102e-07,-0.299534440041,0.0373039655387,-0.0350920818746,0.0822652280331
4.35000020661,2175,-7.45803117752e-06,0,0,4.65641733172e-07,-0.322670638561,0.0567277409136,-0.0408899001777,0.0880639404058
4.41400020965,2207,-9.90182161331e-06,0,0,8.35282037315e-07,-0.359688460827,0.0769270956516,-0.052687201649,0.0927452743053
4.47800021269,2239,-7.35372304916e-06,0,0,2.45177375291e-07,-0.353844642639,0.0590639151633,-0.0572809241712,0.0927452743053
4.54200021573,2271,-1.10790133476e-05,0,0,5.0116921102e-07,-0.308699131012,-0.0396820865571,-0.032699059695,-0.0233429484069
4.60600021877,2303,-6.02006912231e-06,0,0,5.0116921102e-07,-0.267551958561,-0.104233950377,-0.0128343869001,-0.118341952562
4.67000022181,2335,-7.42077827454e-06,0,0,5.57645535082e-07,-0.250091731548,-0.132358342409,-0.000334214360919,-0.155425965786
4.73400022485,2367,-7.5101852417e-06,0,0,7.73474027937e-07,-0.237855285406,-0.134560644627,0.0094083789736,-0.156847417355
4.79800022789,2399,-8.60542058945e-06,0,0,2.57824666505e-07,-0.280727148056,-0.098483517766,-0.00396716315299,-0.1344011724
4.86200023093,2431,-8.38935375214e-06,0,0,3.78550282676e-07,-0.326677143574,-0.0422409512103,-0.0384658761322,-0.0137939509004
4.92600023397,2463,-8.34465026855e-06,0,0,2.61805041646e-07,-0.322692930698,-0.0180512033403,-0.0397669710219,0.0342575274408
4.99000023701,2495,-6.31064176559e-06,0,0,5.57645535082e-07,-0.315512597561,0.00072178686969,-0.0388632677495,0.0577472560108
5.05400024005,2527,-9.47713851929e-06,0,0,1.1143233678e-06,-0.308446586132,0.0171751789749,-0.0374350734055,0.0708345919847
5.11800024309,2559,-8.64267349243e-06,0,0,6.82644838434e-07,-0.301896154881,0.031977456063,-0.0360641814768,0.0789122134447
5.18200024613,2591,-8.27759504318e-06,0,0,5.37252219601e-07,-0.306235671043,0.0477100722492,-0.0373347736895,0.0846853256226
5.24600024917,2623,-6.95139169693e-06,0,0,5.16250622695e-07,-0.350335299969,0.0708239078522,-0.0496907345951,0.090758010745
5.31000025221,2655,-5.97536563873e-06,0,0,2.45129797349e-07,-0.355789065361,0.0771979242563,-0.0572199337184,0.0917467772961
5.37400025525,2687,-7.36117362976e-06,0,0,4.12496547142e-07,-0.334201455116,-0.00243920180947,-0.0466646514833,0.0297186747193
5.43800025829,2719,-3.6358833313e-06,0,0,3.14012936542e-07,-0.277555882931,-0.0841260403395,-0.0187404192984,-0.089925378561
5.50200026133,2751,-3.47197055817e-06,0,0,6.98899327745e-07,-0.256000578403,-0.124945908785,-0.00540710799396,-0.147457629442
5.56600026437,2783,-3.74019145966e-06,0,0,6.0833730231e-07,-0.242107212543,-0.134695291519,0.00557704735547,-0.157690733671
5.63000026741,2815,-3.74019145966e-06,0,0,6.5781171088e-07,-0.236963748932,-0.131447702646,0.0134480297565,-0.157690733671
5.69400027045,2847,-3.69548797607e-06,0,0,4.13943979538e-07,-0.323119699955,-0.0562890507281,-0.0366529785097,-0.0477278418839
5.75800027349,2879,-3.70293855667e-06,0,0,6.19190871021e-07,-0.325093984604,-0.0265053100884,-0.0400311164558,0.018937766552
5.82200027653,2911,-3.71783971786e-06,0,0,5.02537602642e-07,-0.318354904652,-0.00628594961017,-0.0396882928908,0.0495246909559
5.88600027957,2943,-3.75509262085e-06,0,0,4.48032153599e-07,-0.311138510704,0.0109629258513,-0.0383562780917,0.0657753497362
5.95000028261,2975,-3.76999378204e-06,0,0,5.93775155266e-07,-0.304372906685,0.0263823382556,-0.0369277633727,0.0754428654909
5.99800028489,2999,-3.6284327507e-06,0,0,7.13367910521e-07,-0.299650967121,0.0369700454175,-0.0359732843935,0.0803644657135
